event_id,event_key,frame_a,frame_b,video_time_a,video_time_b,video_time_stamp,hud_level,hud_level_source,hud_level_ocr_confidence,hud_level_ocr_accepted,reset_inferred_level,inferred_level,crown_level_before,crown_growth_percent,imelda_growth_percent,base_growth_powerup_percent,level_spike_growth_percent,total_growth_percent,growth_multiplier_crown_adjusted,xp_delta_pixels,xp_bar_increase_percent,estimated_base_xp_gain_crown_adjusted,level_normalized_xp_gain,xp_bar_saturated,xp_event_temporally_isolated,count_trajectory_colors,count_trajectory_track_count,count_trajectory_max_score,count_trajectory_mean_score,count_trajectory_start_frames,count_trajectory_end_frames,count_trajectory_disappearance_frames,count_trajectory_scores,unmatched_candidate_blue,unmatched_candidate_green,unmatched_candidate_red,pair_image,percentage_assist_gate_reason,model_prediction,model_confidence,probability_blue,probability_green,probability_red,level_up_visual_rule_applied,model_status,likely_color,likely_color_confidence,likely_color_reason
92,frame_003384,3383,3384,112.7667,112.8,1:52.800,6,hud_ocr,0.9957,1,6,6,0,0.0,10.0,15.0,0.0,25.0,1.25,104,4.4847,1.9732636,1.9852,0,0,blue,1,0.7697,0.7697,3376,3383,3384,0.770,1,0,0,ab_pairs/event_00092_frames_3383_3384.jpg,adjacent_xp_event,blue,0.9958,0.9958,0.0042,0.0,False,candidate_assignment,blue,0.9958,resolved_model_assignment
109,frame_003552,3551,3552,118.3667,118.4,1:58.400,6,hud_ocr,0.9972,1,6,6,0,0.0,10.0,15.0,0.0,25.0,1.25,208,8.9694,3.9465272,3.9703,0,0,,0,0.0,0.0,,,,,1,0,0,ab_pairs/event_00109_frames_3551_3552.jpg,pickup_count_not_exactly_one|adjacent_xp_event|trajectory_color_disagrees_with_xp,blue,0.8696,0.8696,0.1304,0.0,False,candidate_assignment,blue,0.8696,resolved_model_assignment
125,frame_003616,3615,3616,120.5,120.5333,2:00.533,7,hud_ocr,0.9967,1,7,7,0,0.0,10.0,15.0,0.0,25.0,1.25,88,3.7947,1.9732648000000002,1.9852,0,0,,0,0.0,0.0,,,,,0,0,0,ab_pairs/event_00125_frames_3615_3616.jpg,pickup_count_not_exactly_one|adjacent_xp_event|trajectory_color_disagrees_with_xp,blue,0.9934,0.9934,0.0066,0.0,False,candidate_assignment,blue,0.9934,resolved_model_assignment
144,frame_003881,3880,3881,129.3333,129.3667,2:09.367,7,hud_ocr,0.9966,1,7,7,0,0.0,10.0,15.0,0.0,25.0,1.25,88,3.7947,1.9732648000000002,1.9852,0,1,blue|blue,2,0.9648,0.9213,3874|3873,3878|3880,3879|3881,0.878|0.965,0,0,0,ab_pairs/event_00144_frames_3880_3881.jpg,pickup_count_not_exactly_one|trajectory_color_disagrees_with_xp,blue,0.9913,0.9913,0.0087,0.0,False,candidate_assignment,blue,0.9913,resolved_model_assignment
151,frame_004081,4080,4081,136.0,136.0333,2:16.033,8,hud_ocr,0.9989,1,8,8,0,0.0,10.0,15.0,0.0,25.0,1.25,76,3.2773,1.9663620000000002,1.9782,0,0,,0,0.0,0.0,,,,,0,0,0,ab_pairs/event_00151_frames_4080_4081.jpg,pickup_count_not_exactly_one|adjacent_xp_event|trajectory_color_disagrees_with_xp,blue,0.998,0.998,0.002,0.0,False,candidate_assignment,blue,0.998,resolved_model_assignment
192,frame_004601,4600,4601,153.3333,153.3667,2:33.367,8,hud_ocr,0.9992,1,8,8,0,0.0,10.0,15.0,0.0,25.0,1.25,76,3.2773,1.9663620000000002,1.9782,0,0,,0,0.0,0.0,,,,,2,0,0,ab_pairs/event_00192_frames_4600_4601.jpg,pickup_count_not_exactly_one|adjacent_xp_event|trajectory_color_disagrees_with_xp|multiple_same_color_pickup_candidates,blue,0.9935,0.9935,0.0065,0.0,False,candidate_assignment,blue,0.9935,resolved_model_assignment
209,frame_004699,4698,4699,156.6,156.6333,2:36.633,9,hud_ocr,0.9981,1,10,10,0,0.0,10.0,15.0,0.0,25.0,1.25,68,2.9323,1.9939639999999996,2.006,0,1,,0,0.0,0.0,,,,,1,0,0,ab_pairs/event_00209_frames_4698_4699.jpg,pickup_count_not_exactly_one|trajectory_color_disagrees_with_xp,blue,0.9937,0.9937,0.0063,0.0,False,candidate_assignment,blue,0.9937,resolved_model_assignment
217,frame_004838,4837,4838,161.2333,161.2667,2:41.267,9,hud_ocr,0.9982,1,10,10,0,0.0,10.0,15.0,0.0,25.0,1.25,66,2.8461,1.935314,1.947,0,1,,0,0.0,0.0,,,,,1,0,0,ab_pairs/event_00217_frames_4837_4838.jpg,pickup_count_not_exactly_one|trajectory_color_disagrees_with_xp,blue,0.9945,0.9945,0.0055,0.0,False,candidate_assignment,blue,0.9945,resolved_model_assignment
221,frame_004859,4858,4859,161.9333,161.9667,2:41.967,9,hud_ocr,0.9982,1,10,10,0,0.0,10.0,15.0,0.0,25.0,1.25,66,2.8461,1.935314,1.947,0,0,,0,0.0,0.0,,,,,0,0,0,ab_pairs/event_00221_frames_4858_4859.jpg,pickup_count_not_exactly_one|adjacent_xp_event|trajectory_color_disagrees_with_xp,blue,0.998,0.998,0.002,0.0,False,candidate_assignment,blue,0.998,resolved_model_assignment
232,frame_004963,4962,4963,165.4,165.4333,2:45.433,9,hud_ocr,0.9981,1,10,10,0,0.0,10.0,15.0,0.0,25.0,1.25,102,4.3984,2.990946,3.009,0,0,,0,0.0,0.0,,,,,0,0,0,ab_pairs/event_00232_frames_4962_4963.jpg,pickup_count_not_exactly_one|adjacent_xp_event|trajectory_color_disagrees_with_xp,blue,0.7708,0.7708,0.2292,0.0,False,low_confidence_review,blue,0.7708,resolved_model_assignment
234,frame_004984,4983,4984,166.1,166.1333,2:46.133,9,hud_ocr,0.9968,1,10,10,0,0.0,10.0,15.0,0.0,25.0,1.25,66,2.8461,1.935314,1.947,0,1,,0,0.0,0.0,,,,,1,0,0,ab_pairs/event_00234_frames_4983_4984.jpg,pickup_count_not_exactly_one|trajectory_color_disagrees_with_xp,blue,0.9685,0.9685,0.0315,0.0,False,candidate_assignment,blue,0.9685,resolved_model_assignment
245,frame_005124,5123,5124,170.7667,170.8,2:50.800,10,hud_ocr,0.674,1,11,11,0,0.0,20.0,15.0,0.0,35.0,1.35,138,5.9508,4.187628148148148,4.2129,0,1,,0,0.0,0.0,,,,,1,0,0,ab_pairs/event_00245_frames_5123_5124.jpg,pickup_count_not_exactly_one|trajectory_color_disagrees_with_xp,blue,0.8117,0.8117,0.1883,0.0,False,candidate_assignment,blue,0.8117,resolved_model_assignment
246,frame_005131,5130,5131,171.0,171.0333,2:51.033,10,hud_ocr,0.9308,1,11,11,0,0.0,20.0,15.0,0.0,35.0,1.35,64,2.7598,1.9420885185185184,1.9538,0,1,,0,0.0,0.0,,,,,1,0,0,ab_pairs/event_00246_frames_5130_5131.jpg,pickup_count_not_exactly_one|trajectory_color_disagrees_with_xp,blue,1.0,1.0,0.0,0.0,False,candidate_assignment,blue,1.0,resolved_model_assignment
248,frame_005160,5159,5160,171.9667,172.0,2:52.000,10,hud_ocr,1.0,1,11,11,0,0.0,20.0,15.0,0.0,35.0,1.35,66,2.8461,2.002775925925926,2.0149,0,1,,0,0.0,0.0,,,,,2,0,0,ab_pairs/event_00248_frames_5159_5160.jpg,pickup_count_not_exactly_one|trajectory_color_disagrees_with_xp|multiple_same_color_pickup_candidates,blue,0.9954,0.9954,0.0046,0.0,False,candidate_assignment,blue,0.9954,resolved_model_assignment
279,frame_005379,5378,5379,179.2667,179.3,2:59.300,10,hud_ocr,0.9984,1,11,11,0,0.0,20.0,15.0,0.0,35.0,1.35,64,2.7598,1.9420885185185184,1.9538,0,1,blue|blue,2,0.9145,0.8762,5371|5371,5376|5377,5377|5378,0.838|0.914,0,0,0,ab_pairs/event_00279_frames_5378_5379.jpg,pickup_count_not_exactly_one|trajectory_color_disagrees_with_xp,blue,0.9841,0.9841,0.0159,0.0,False,candidate_assignment,blue,0.9841,resolved_model_assignment
288,frame_005435,5434,5435,181.1333,181.1667,3:01.167,10,hud_ocr,1.0,1,11,11,0,0.0,20.0,15.0,0.0,35.0,1.35,66,2.8461,2.002775925925926,2.0149,0,0,,0,0.0,0.0,,,,,0,0,0,ab_pairs/event_00288_frames_5434_5435.jpg,pickup_count_not_exactly_one|adjacent_xp_event|trajectory_color_disagrees_with_xp,blue,0.9899,0.9899,0.0101,0.0,False,candidate_assignment,blue,0.9899,resolved_model_assignment
300,frame_005586,5585,5586,186.1667,186.2,3:06.200,11,hud_ocr,0.9993,1,12,12,1,8.0,20.0,15.0,0.0,43.0,1.43,62,2.6736,1.9631108391608392,1.975,0,1,,0,0.0,0.0,,,,,0,0,0,ab_pairs/event_00300_frames_5585_5586.jpg,pickup_count_not_exactly_one|trajectory_color_disagrees_with_xp,blue,0.9996,0.9996,0.0004,0.0,False,candidate_assignment,blue,0.9996,resolved_model_assignment
302,frame_005609,5608,5609,186.9333,186.9667,3:06.967,11,hud_ocr,0.9993,1,12,12,1,8.0,20.0,15.0,0.0,43.0,1.43,64,2.7598,2.026433916083916,2.0387,0,1,,0,0.0,0.0,,,,,0,0,0,ab_pairs/event_00302_frames_5608_5609.jpg,pickup_count_not_exactly_one|trajectory_color_disagrees_with_xp,blue,0.9666,0.9666,0.0334,0.0,False,candidate_assignment,blue,0.9666,resolved_model_assignment
303,frame_005612,5611,5612,187.0333,187.0667,3:07.067,11,hud_ocr,0.9998,1,12,12,1,8.0,20.0,15.0,0.0,43.0,1.43,62,2.6736,1.9631108391608392,1.975,0,1,,0,0.0,0.0,,,,,0,0,0,ab_pairs/event_00303_frames_5611_5612.jpg,pickup_count_not_exactly_one|trajectory_color_disagrees_with_xp,blue,0.9968,0.9968,0.0032,0.0,False,candidate_assignment,blue,0.9968,resolved_model_assignment
308,frame_005640,5639,5640,187.9667,188.0,3:08.000,11,hud_ocr,1.0,1,12,12,1,8.0,20.0,15.0,0.0,43.0,1.43,62,2.6736,1.9631108391608392,1.975,0,0,blue,1,0.9112,0.9112,5632,5639,5640,0.911,0,0,0,ab_pairs/event_00308_frames_5639_5640.jpg,adjacent_xp_event,blue,0.9878,0.9878,0.0122,0.0,False,candidate_assignment,blue,0.9878,resolved_model_assignment
332,frame_005835,5834,5835,194.4667,194.5,3:14.500,11,hud_ocr,0.9998,1,12,12,1,8.0,20.0,15.0,0.0,43.0,1.43,92,3.9672,2.913001048951049,2.9306,0,1,blue|blue|green,3,0.9516,0.8794,5827|5827|5831,5833|5833|5834,5834|5834|5835,0.926|0.761|0.952,0,0,0,ab_pairs/event_00332_frames_5834_5835.jpg,pickup_count_not_exactly_one|trajectory_color_disagrees_with_xp,green,0.609,0.391,0.609,0.0,False,low_confidence_review,green,0.609,resolved_model_assignment
339,frame_005978,5977,5978,199.2333,199.2667,3:19.267,11,previous_hud_ocr_fallback,0.0,0,12,12,1,8.0,20.0,15.0,0.0,43.0,1.43,17,0.7331,0.5382681818181818,0.5415,1,1,green,1,0.9496,0.9496,5973,5976,5977,0.950,0,0,0,ab_pairs/event_00339_frames_5977_5978.jpg,trajectory_color_disagrees_with_xp|xp_bar_saturated|hud_level_not_directly_confirmed,green,0.9496,0.0252,0.9496,0.0252,True,level_up_visual_assignment,green,0.9496,resolved_model_assignment
348,frame_006070,6069,6070,202.3,202.3333,3:22.333,12,hud_ocr,0.9999,1,13,13,2,16.0,20.0,15.0,0.0,51.0,1.51,60,2.5873,1.9704754966887417,1.9824,0,1,,0,0.0,0.0,,,,,0,0,0,ab_pairs/event_00348_frames_6069_6070.jpg,pickup_count_not_exactly_one|trajectory_color_disagrees_with_xp,blue,0.9692,0.9692,0.0308,0.0,False,candidate_assignment,blue,0.9692,resolved_model_assignment
349,frame_006074,6073,6074,202.4333,202.4667,3:22.467,12,hud_ocr,0.9999,1,13,13,2,16.0,20.0,15.0,0.0,51.0,1.51,60,2.5873,1.9704754966887417,1.9824,0,1,green,1,0.8788,0.8788,6066,6072,6073,0.879,1,0,0,ab_pairs/event_00349_frames_6073_6074.jpg,trajectory_color_disagrees_with_xp,blue,0.5913,0.5913,0.4087,0.0,False,low_confidence_review,blue,0.5913,resolved_model_assignment
363,frame_006214,6213,6214,207.1,207.1333,3:27.133,12,hud_ocr,0.9992,1,13,13,2,16.0,20.0,15.0,0.0,51.0,1.51,90,3.881,2.9557132450331127,2.9736,0,1,blue|blue,2,0.9507,0.9109,6206|6206,6211|6213,6212|6214,0.951|0.871,0,0,0,ab_pairs/event_00363_frames_6213_6214.jpg,pickup_count_not_exactly_one|trajectory_color_disagrees_with_xp,blue,0.8524,0.8524,0.1476,0.0,False,candidate_assignment,blue,0.8524,resolved_model_assignment
367,frame_006236,6235,6236,207.8333,207.8667,3:27.867,12,hud_ocr,0.9996,1,13,13,2,16.0,20.0,15.0,0.0,51.0,1.51,60,2.5873,1.9704754966887417,1.9824,0,1,,0,0.0,0.0,,,,,0,0,0,ab_pairs/event_00367_frames_6235_6236.jpg,pickup_count_not_exactly_one|trajectory_color_disagrees_with_xp,blue,0.9745,0.9745,0.0255,0.0,False,candidate_assignment,blue,0.9745,resolved_model_assignment
379,frame_006281,6280,6281,209.3333,209.3667,3:29.367,12,hud_ocr,0.5921,1,13,13,2,16.0,20.0,15.0,0.0,51.0,1.51,120,5.1746,3.9409509933774833,3.9647,0,1,blue,1,0.9487,0.9487,6273,6279,6280,0.949,0,0,0,ab_pairs/event_00379_frames_6280_6281.jpg,trajectory_color_disagrees_with_xp,blue,0.7599,0.7599,0.2401,0.0,False,low_confidence_review,blue,0.7599,resolved_model_assignment
380,frame_006283,6282,6283,209.4,209.4333,3:29.433,12,hud_ocr,0.6324,1,13,13,2,16.0,20.0,15.0,0.0,51.0,1.51,55,2.3717,1.8062692052980134,1.8172,1,1,blue|blue,2,0.9095,0.8161,6275|6275,6282|6282,6283|6283,0.909|0.723,1,0,0,ab_pairs/event_00380_frames_6282_6283.jpg,pickup_count_not_exactly_one|trajectory_color_disagrees_with_xp|xp_bar_saturated,,0.0,0.0,0.0,0.0,False,saturated_unresolved,blue,1.0,trajectory_score_vote
382,frame_006331,6330,6331,211.0,211.0333,3:31.033,13,hud_ocr,0.5521,1,14,14,2,16.0,20.0,15.0,0.0,51.0,1.51,56,2.4148,1.9990314569536425,2.0111,0,1,,0,0.0,0.0,,,,,0,0,0,ab_pairs/event_00382_frames_6330_6331.jpg,pickup_count_not_exactly_one|trajectory_color_disagrees_with_xp,blue,0.986,0.986,0.014,0.0,False,candidate_assignment,blue,0.986,resolved_model_assignment
387,frame_006385,6384,6385,212.8,212.8333,3:32.833,13,hud_ocr,0.9998,1,14,14,2,16.0,20.0,15.0,0.0,51.0,1.51,54,2.3286,1.927640728476821,1.9393,0,1,,0,0.0,0.0,,,,,0,0,0,ab_pairs/event_00387_frames_6384_6385.jpg,pickup_count_not_exactly_one|trajectory_color_disagrees_with_xp,blue,0.9943,0.9943,0.0057,0.0,False,candidate_assignment,blue,0.9943,resolved_model_assignment
390,frame_006409,6408,6409,213.6,213.6333,3:33.633,13,hud_ocr,0.5427,1,14,14,2,16.0,20.0,15.0,0.0,51.0,1.51,56,2.4148,1.9990314569536425,2.0111,0,1,,0,0.0,0.0,,,,,0,0,0,ab_pairs/event_00390_frames_6408_6409.jpg,pickup_count_not_exactly_one|trajectory_color_disagrees_with_xp,blue,0.9884,0.9884,0.0116,0.0,False,candidate_assignment,blue,0.9884,resolved_model_assignment
406,frame_006554,6553,6554,218.4333,218.4667,3:38.467,13,hud_ocr,0.9999,1,14,14,2,16.0,20.0,15.0,0.0,51.0,1.51,56,2.4148,1.9990314569536425,2.0111,0,0,,0,0.0,0.0,,,,,0,0,0,ab_pairs/event_00406_frames_6553_6554.jpg,pickup_count_not_exactly_one|adjacent_xp_event|trajectory_color_disagrees_with_xp,blue,0.966,0.966,0.034,0.0,False,candidate_assignment,blue,0.966,resolved_model_assignment
416,frame_006729,6728,6729,224.2667,224.3,3:44.300,14,hud_ocr,0.9999,1,15,15,2,16.0,20.0,15.0,0.0,51.0,1.51,50,2.1561,1.927639072847682,1.9393,0,1,,0,0.0,0.0,,,,,1,0,0,ab_pairs/event_00416_frames_6728_6729.jpg,pickup_count_not_exactly_one|trajectory_color_disagrees_with_xp,blue,0.9813,0.9813,0.0187,0.0,False,candidate_assignment,blue,0.9813,resolved_model_assignment
422,frame_006786,6785,6786,226.1667,226.2,3:46.200,14,hud_ocr,0.9999,1,15,15,2,16.0,20.0,15.0,0.0,51.0,1.51,78,3.3635,3.007120529801324,3.0253,0,0,green,1,0.943,0.943,6778,6785,6786,0.943,0,1,0,ab_pairs/event_00422_frames_6785_6786.jpg,adjacent_xp_event,green,0.9453,0.0547,0.9453,0.0,False,candidate_assignment,green,0.9453,resolved_model_assignment
426,frame_007188,7187,7188,239.5667,239.6,3:59.600,14,hud_ocr,0.9999,1,15,15,2,16.0,20.0,15.0,0.0,51.0,1.51,744,32.0828,28.683289072847682,28.8564,0,1,,0,0.0,0.0,,,,,0,0,0,ab_pairs/event_00426_frames_7187_7188.jpg,pickup_count_not_exactly_one|trajectory_color_disagrees_with_xp,blue,0.6863,0.6863,0.3137,0.0,False,low_confidence_review,blue,0.6863,resolved_model_assignment
438,frame_007235,7234,7235,241.1333,241.1667,4:01.167,14,hud_ocr,0.9999,1,15,15,2,16.0,20.0,15.0,0.0,51.0,1.51,52,2.2423,2.00475,2.0169,0,0,,0,0.0,0.0,,,,,2,0,0,ab_pairs/event_00438_frames_7234_7235.jpg,pickup_count_not_exactly_one|adjacent_xp_event|trajectory_color_disagrees_with_xp,blue,0.9934,0.9934,0.0066,0.0,False,candidate_assignment,blue,0.9934,resolved_model_assignment
440,frame_007238,7237,7238,241.2333,241.2667,4:01.267,14,hud_ocr,0.9999,1,15,15,2,16.0,20.0,15.0,0.0,51.0,1.51,52,2.2423,2.00475,2.0169,0,1,,0,0.0,0.0,,,,,0,0,0,ab_pairs/event_00440_frames_7237_7238.jpg,pickup_count_not_exactly_one|trajectory_color_disagrees_with_xp,blue,0.9898,0.9898,0.0102,0.0,False,candidate_assignment,blue,0.9898,resolved_model_assignment
457,frame_007372,7371,7372,245.7,245.7333,4:05.733,15,hud_ocr,0.9999,1,16,16,3,24.0,30.0,15.0,0.0,69.0,1.69,52,2.2423,1.9239097633136095,1.9355,0,0,blue,1,0.946,0.946,7367,7370,7371,0.946,0,0,0,ab_pairs/event_00457_frames_7371_7372.jpg,adjacent_xp_event|trajectory_color_disagrees_with_xp,blue,0.8938,0.8938,0.1062,0.0,False,candidate_assignment,blue,0.8938,resolved_model_assignment
465,frame_007387,7386,7387,246.2,246.2333,4:06.233,15,hud_ocr,0.9994,1,16,16,3,24.0,30.0,15.0,0.0,69.0,1.69,54,2.3286,1.9979026627218934,2.01,0,0,blue,1,0.7295,0.7295,7380,7386,7387,0.730,1,0,0,ab_pairs/event_00465_frames_7386_7387.jpg,adjacent_xp_event|trajectory_color_disagrees_with_xp,blue,0.9636,0.9636,0.0364,0.0,False,candidate_assignment,blue,0.9636,resolved_model_assignment
469,frame_007396,7395,7396,246.5,246.5333,4:06.533,15,hud_ocr,0.9994,1,16,16,3,24.0,30.0,15.0,0.0,69.0,1.69,106,4.5709,3.921812426035503,3.9455,0,0,,0,0.0,0.0,,,,,0,0,0,ab_pairs/event_00469_frames_7395_7396.jpg,pickup_count_not_exactly_one|adjacent_xp_event|trajectory_color_disagrees_with_xp,blue,0.7368,0.7368,0.2632,0.0,False,low_confidence_review,blue,0.7368,resolved_model_assignment
471,frame_007399,7398,7399,246.6,246.6333,4:06.633,15,hud_ocr,0.9994,1,16,16,3,24.0,30.0,15.0,0.0,69.0,1.69,80,3.4498,2.95985325443787,2.9777,0,1,blue|green,2,0.9316,0.8918,7391|7393,7397|7398,7398|7399,0.932|0.852,0,1,0,ab_pairs/event_00471_frames_7398_7399.jpg,pickup_count_not_exactly_one|trajectory_color_disagrees_with_xp,green,0.8693,0.1307,0.8693,0.0,False,candidate_assignment,green,0.8693,resolved_model_assignment
479,frame_007419,7418,7419,247.2667,247.3,4:07.300,15,hud_ocr,0.9995,1,16,16,3,24.0,30.0,15.0,0.0,69.0,1.69,54,2.3286,1.9979026627218934,2.01,0,0,blue,1,0.9702,0.9702,7411,7418,7419,0.970,0,0,0,ab_pairs/event_00479_frames_7418_7419.jpg,adjacent_xp_event|trajectory_color_disagrees_with_xp,blue,0.9428,0.9428,0.0572,0.0,False,candidate_assignment,blue,0.9428,resolved_model_assignment
487,frame_007435,7434,7435,247.8,247.8333,4:07.833,15,hud_ocr,0.9995,1,16,16,3,24.0,30.0,15.0,0.0,69.0,1.69,52,2.2423,1.9239097633136095,1.9355,0,1,,0,0.0,0.0,,,,,0,0,0,ab_pairs/event_00487_frames_7434_7435.jpg,pickup_count_not_exactly_one|trajectory_color_disagrees_with_xp,blue,0.9942,0.9942,0.0058,0.0,False,candidate_assignment,blue,0.9942,resolved_model_assignment
501,frame_007525,7524,7525,250.8,250.8333,4:10.833,15,hud_ocr,0.9999,1,16,16,3,24.0,30.0,15.0,0.0,69.0,1.69,106,4.5709,3.921812426035503,3.9455,0,0,,0,0.0,0.0,,,,,1,0,0,ab_pairs/event_00501_frames_7524_7525.jpg,pickup_count_not_exactly_one|adjacent_xp_event|trajectory_color_disagrees_with_xp,blue,0.8502,0.8502,0.1498,0.0,False,candidate_assignment,blue,0.8502,resolved_model_assignment
521,frame_007803,7802,7803,260.0667,260.1,4:20.100,16,hud_ocr,0.9999,1,17,17,3,24.0,30.0,15.0,0.0,69.0,1.69,50,2.1561,1.9774881656804735,1.9894,0,1,,0,0.0,0.0,,,,,1,0,0,ab_pairs/event_00521_frames_7802_7803.jpg,pickup_count_not_exactly_one|trajectory_color_disagrees_with_xp,blue,0.9923,0.9923,0.0077,0.0,False,candidate_assignment,blue,0.9923,resolved_model_assignment
522,frame_007805,7804,7805,260.1333,260.1667,4:20.167,16,hud_ocr,0.9999,1,17,17,3,24.0,30.0,15.0,0.0,69.0,1.69,50,2.1561,1.9774881656804735,1.9894,0,1,,0,0.0,0.0,,,,,0,0,0,ab_pairs/event_00522_frames_7804_7805.jpg,pickup_count_not_exactly_one|trajectory_color_disagrees_with_xp,blue,0.9857,0.9857,0.0143,0.0,False,candidate_assignment,blue,0.9857,resolved_model_assignment
525,frame_007816,7815,7816,260.5,260.5333,4:20.533,16,hud_ocr,0.9999,1,17,17,3,24.0,30.0,15.0,0.0,69.0,1.69,50,2.1561,1.9774881656804735,1.9894,0,1,,0,0.0,0.0,,,,,0,0,0,ab_pairs/event_00525_frames_7815_7816.jpg,pickup_count_not_exactly_one|trajectory_color_disagrees_with_xp,blue,0.9642,0.9642,0.0358,0.0,False,candidate_assignment,blue,0.9642,resolved_model_assignment
530,frame_007841,7840,7841,261.3333,261.3667,4:21.367,16,hud_ocr,0.9999,1,17,17,3,24.0,30.0,15.0,0.0,69.0,1.69,50,2.1561,1.9774881656804735,1.9894,0,0,,0,0.0,0.0,,,,,0,0,0,ab_pairs/event_00530_frames_7840_7841.jpg,pickup_count_not_exactly_one|adjacent_xp_event|trajectory_color_disagrees_with_xp,blue,0.9603,0.9603,0.0397,0.0,False,candidate_assignment,blue,0.9603,resolved_model_assignment
536,frame_007848,7847,7848,261.5667,261.6,4:21.600,16,hud_ocr,0.9999,1,17,17,3,24.0,30.0,15.0,0.0,69.0,1.69,50,2.1561,1.9774881656804735,1.9894,0,0,,0,0.0,0.0,,,,,0,0,0,ab_pairs/event_00536_frames_7847_7848.jpg,pickup_count_not_exactly_one|adjacent_xp_event|trajectory_color_disagrees_with_xp,blue,0.9576,0.9576,0.0424,0.0,False,candidate_assignment,blue,0.9576,resolved_model_assignment
544,frame_007876,7875,7876,262.5,262.5333,4:22.533,16,hud_ocr,0.9999,1,17,17,3,24.0,30.0,15.0,0.0,69.0,1.69,50,2.1561,1.9774881656804735,1.9894,0,1,,0,0.0,0.0,,,,,0,0,0,ab_pairs/event_00544_frames_7875_7876.jpg,pickup_count_not_exactly_one|trajectory_color_disagrees_with_xp,blue,0.9824,0.9824,0.0176,0.0,False,candidate_assignment,blue,0.9824,resolved_model_assignment
555,frame_007949,7948,7949,264.9333,264.9667,4:24.967,16,previous_hud_ocr_fallback,0.0,0,17,17,3,24.0,30.0,15.0,0.0,69.0,1.69,2316,99.8706,91.59732337278106,92.1502,0,1,blue,1,0.8498,0.8498,7941,7947,7948,0.850,0,0,0,ab_pairs/event_00555_frames_7948_7949.jpg,trajectory_color_disagrees_with_xp|hud_level_not_directly_confirmed,blue,0.6705,0.6705,0.3295,0.0,False,low_confidence_review,blue,0.6705,resolved_model_assignment
562,frame_008187,8186,8187,272.8667,272.9,4:32.900,17,hud_ocr,0.8327,1,18,18,3,24.0,30.0,15.0,0.0,69.0,1.69,46,1.9836,1.9366606508875739,1.9484,0,1,,0,0.0,0.0,,,,,1,0,0,ab_pairs/event_00562_frames_8186_8187.jpg,pickup_count_not_exactly_one|trajectory_color_disagrees_with_xp,blue,0.9983,0.9983,0.0017,0.0,False,candidate_assignment,blue,0.9983,resolved_model_assignment
576,frame_008389,8388,8389,279.6,279.6333,4:39.633,17,hud_ocr,0.4638,1,18,18,3,24.0,30.0,15.0,0.0,69.0,1.69,46,1.9836,1.9366606508875739,1.9484,0,1,blue,1,0.7857,0.7857,8381,8388,8389,0.786,1,0,0,ab_pairs/event_00576_frames_8388_8389.jpg,trajectory_color_disagrees_with_xp,blue,0.9915,0.9915,0.0085,0.0,False,candidate_assignment,blue,0.9915,resolved_model_assignment
596,frame_008564,8563,8564,285.4333,285.4667,4:45.467,17,hud_ocr,0.5957,1,18,18,3,24.0,30.0,15.0,0.0,69.0,1.69,48,2.0699,2.020869230769231,2.0331,0,1,,0,0.0,0.0,,,,,0,0,0,ab_pairs/event_00596_frames_8563_8564.jpg,pickup_count_not_exactly_one|trajectory_color_disagrees_with_xp,blue,0.9877,0.9877,0.0123,0.0,False,candidate_assignment,blue,0.9877,resolved_model_assignment
597,frame_008568,8567,8568,285.5667,285.6,4:45.600,17,hud_ocr,0.5957,1,18,18,3,24.0,30.0,15.0,0.0,69.0,1.69,46,1.9836,1.9366606508875739,1.9484,0,1,,0,0.0,0.0,,,,,1,0,0,ab_pairs/event_00597_frames_8567_8568.jpg,pickup_count_not_exactly_one|trajectory_color_disagrees_with_xp,blue,0.9966,0.9966,0.0034,0.0,False,candidate_assignment,blue,0.9966,resolved_model_assignment
618,frame_008771,8770,8771,292.3333,292.3667,4:52.367,17,hud_ocr,0.6004,1,18,18,3,24.0,30.0,15.0,0.0,69.0,1.69,48,2.0699,2.020869230769231,2.0331,0,0,,0,0.0,0.0,,,,,0,0,0,ab_pairs/event_00618_frames_8770_8771.jpg,pickup_count_not_exactly_one|adjacent_xp_event|trajectory_color_disagrees_with_xp,blue,0.9877,0.9877,0.0123,0.0,False,candidate_assignment,blue,0.9877,resolved_model_assignment
619,frame_008772,8771,8772,292.3667,292.4,4:52.400,17,hud_ocr,0.6596,1,18,18,3,24.0,30.0,15.0,0.0,69.0,1.69,46,1.9836,1.9366606508875739,1.9484,0,0,blue,1,0.9157,0.9157,8764,8771,8772,0.916,0,0,0,ab_pairs/event_00619_frames_8771_8772.jpg,adjacent_xp_event|trajectory_color_disagrees_with_xp,blue,0.9934,0.9934,0.0066,0.0,False,candidate_assignment,blue,0.9934,resolved_model_assignment
628,frame_009000,8999,9000,299.9667,300.0,5:00.000,18,hud_ocr,0.845,1,19,19,3,24.0,30.0,15.0,0.0,69.0,1.69,66,2.8461,2.9470931952662727,2.9649,0,1,,0,0.0,0.0,,,,,0,1,0,ab_pairs/event_00628_frames_8999_9000.jpg,pickup_count_not_exactly_one|trajectory_color_disagrees_with_xp,green,0.6722,0.3278,0.6722,0.0,False,low_confidence_review,green,0.6722,resolved_model_assignment
636,frame_009111,9110,9111,303.6667,303.7,5:03.700,18,hud_ocr,1.0,1,19,19,3,24.0,30.0,15.0,0.0,69.0,1.69,44,1.8974,1.9647322485207102,1.9766,0,1,blue,1,0.7431,0.7431,9103,9110,9111,0.743,2,0,0,ab_pairs/event_00636_frames_9110_9111.jpg,multiple_same_color_pickup_candidates,blue,0.9988,0.9988,0.0012,0.0,False,candidate_assignment,blue,0.9988,resolved_model_assignment
637,frame_009119,9118,9119,303.9333,303.9667,5:03.967,18,hud_ocr,1.0,1,19,19,3,24.0,30.0,15.0,0.0,69.0,1.69,66,2.8461,2.9470931952662727,2.9649,0,1,blue,1,0.9171,0.9171,9111,9118,9119,0.917,1,0,0,ab_pairs/event_00637_frames_9118_9119.jpg,trajectory_color_disagrees_with_xp,blue,0.8779,0.8779,0.1221,0.0,False,candidate_assignment,blue,0.8779,resolved_model_assignment
668,frame_009810,9809,9810,326.9667,327.0,5:27.000,19,hud_ocr,1.0,1,20,20,3,24.0,30.0,15.0,0.0,69.0,1.69,42,1.8111,1.982597928994083,1.9946,0,0,,0,0.0,0.0,,,,,0,0,0,ab_pairs/event_00668_frames_9809_9810.jpg,pickup_count_not_exactly_one|adjacent_xp_event|trajectory_color_disagrees_with_xp,blue,0.9858,0.9858,0.0142,0.0,False,candidate_assignment,blue,0.9858,resolved_model_assignment
670,frame_009833,9832,9833,327.7333,327.7667,5:27.767,19,hud_ocr,0.6844,1,20,20,3,24.0,30.0,15.0,0.0,69.0,1.69,42,1.8111,1.982597928994083,1.9946,0,1,,0,0.0,0.0,,,,,0,0,0,ab_pairs/event_00670_frames_9832_9833.jpg,pickup_count_not_exactly_one|trajectory_color_disagrees_with_xp,blue,0.9867,0.9867,0.0133,0.0,False,candidate_assignment,blue,0.9867,resolved_model_assignment
679,frame_010316,10315,10316,343.8333,343.8667,5:43.867,19,hud_ocr,0.7023,1,20,20,3,24.0,30.0,15.0,0.0,69.0,1.69,42,1.8111,1.982597928994083,1.9946,0,1,,0,0.0,0.0,,,,,0,0,0,ab_pairs/event_00679_frames_10315_10316.jpg,pickup_count_not_exactly_one|trajectory_color_disagrees_with_xp,blue,0.9575,0.9575,0.0425,0.0,False,candidate_assignment,blue,0.9575,resolved_model_assignment
682,frame_010343,10342,10343,344.7333,344.7667,5:44.767,19,hud_ocr,0.6455,1,20,20,3,24.0,30.0,15.0,0.0,69.0,1.69,62,2.6736,2.9266890532544383,2.9444,0,0,,0,0.0,0.0,,,,,0,0,0,ab_pairs/event_00682_frames_10342_10343.jpg,pickup_count_not_exactly_one|adjacent_xp_event|trajectory_color_disagrees_with_xp,blue,0.7019,0.7019,0.2981,0.0,False,low_confidence_review,blue,0.7019,resolved_model_assignment
694,frame_010635,10634,10635,354.4667,354.5,5:54.500,20,hud_ocr,0.9999,1,21,21,4,32.0,30.0,15.0,100.0,177.0,2.77,16,0.69,1.9801814079422382,1.9921,0,1,,0,0.0,0.0,,,,,0,0,0,ab_pairs/event_00694_frames_10634_10635.jpg,pickup_count_not_exactly_one|trajectory_color_disagrees_with_xp,blue,0.9567,0.9567,0.0433,0.0,False,candidate_assignment,blue,0.9567,resolved_model_assignment
702,frame_010731,10730,10731,357.6667,357.7,5:57.700,20,hud_ocr,1.0,1,21,21,4,32.0,30.0,15.0,100.0,177.0,2.77,14,0.6037,1.7326694945848375,1.7431,0,0,,0,0.0,0.0,,,,,0,0,0,ab_pairs/event_00702_frames_10730_10731.jpg,pickup_count_not_exactly_one|adjacent_xp_event|trajectory_color_disagrees_with_xp,blue,0.9496,0.9496,0.0504,0.0,False,candidate_assignment,blue,0.9496,resolved_model_assignment
709,frame_010967,10966,10967,365.5333,365.5667,6:05.567,20,hud_ocr,1.0,1,21,21,4,32.0,30.0,15.0,100.0,177.0,2.77,38,1.6386,4.7029559566787,4.7313,0,1,,0,0.0,0.0,,,,,0,0,0,ab_pairs/event_00709_frames_10966_10967.jpg,pickup_count_not_exactly_one|trajectory_color_disagrees_with_xp,green,0.5066,0.4934,0.5066,0.0,False,low_confidence_review,green,0.5066,resolved_model_assignment
710,frame_010981,10980,10981,366.0,366.0333,6:06.033,20,hud_ocr,1.0,1,21,21,4,32.0,30.0,15.0,100.0,177.0,2.77,38,1.6386,4.7029559566787,4.7313,0,1,,0,0.0,0.0,,,,,1,0,0,ab_pairs/event_00710_frames_10980_10981.jpg,pickup_count_not_exactly_one|trajectory_color_disagrees_with_xp,blue,0.7061,0.7061,0.2939,0.0,False,low_confidence_review,blue,0.7061,resolved_model_assignment
720,frame_011125,11124,11125,370.8,370.8333,6:10.833,20,hud_ocr,0.9999,1,21,21,4,32.0,30.0,15.0,100.0,177.0,2.77,38,1.6386,4.7029559566787,4.7313,0,0,,0,0.0,0.0,,,,,1,0,0,ab_pairs/event_00720_frames_11124_11125.jpg,pickup_count_not_exactly_one|adjacent_xp_event|trajectory_color_disagrees_with_xp,blue,0.7338,0.7338,0.2662,0.0,False,low_confidence_review,blue,0.7338,resolved_model_assignment
724,frame_011704,11703,11704,390.1,390.1333,6:30.133,20,hud_ocr,1.0,1,21,21,4,32.0,30.0,15.0,100.0,177.0,2.77,40,1.7249,4.950467870036102,4.9803,0,1,green,1,0.8746,0.8746,11700,11702,11703,0.875,0,0,0,ab_pairs/event_00724_frames_11703_11704.jpg,heldout_green_precision_or_support_gate_failed,green,0.785,0.215,0.785,0.0,False,low_confidence_review,green,0.785,resolved_model_assignment
725,frame_011709,11708,11709,390.2667,390.3,6:30.300,20,hud_ocr,1.0,1,21,21,4,32.0,30.0,15.0,100.0,177.0,2.77,16,0.69,1.9801814079422382,1.9921,0,1,,0,0.0,0.0,,,,,0,0,0,ab_pairs/event_00725_frames_11708_11709.jpg,pickup_count_not_exactly_one|trajectory_color_disagrees_with_xp,blue,0.9618,0.9618,0.0382,0.0,False,candidate_assignment,blue,0.9618,resolved_model_assignment
730,frame_011840,11839,11840,394.6333,394.6667,6:34.667,20,hud_ocr,1.0,1,21,21,4,32.0,30.0,15.0,100.0,177.0,2.77,32,1.3799,3.9603915162454872,3.9843,0,1,blue,1,0.7996,0.7996,11832,11837,11838,0.800,1,1,0,ab_pairs/event_00730_frames_11839_11840.jpg,trajectory_color_disagrees_with_xp,green,0.6572,0.3428,0.6572,0.0,False,low_confidence_review,green,0.6572,resolved_model_assignment
736,frame_011900,11899,11900,396.6333,396.6667,6:36.667,20,hud_ocr,0.9505,1,21,21,4,32.0,30.0,15.0,100.0,177.0,2.77,16,0.69,1.9801814079422382,1.9921,0,0,,0,0.0,0.0,,,,,0,0,0,ab_pairs/event_00736_frames_11899_11900.jpg,pickup_count_not_exactly_one|adjacent_xp_event|trajectory_color_disagrees_with_xp,blue,0.9762,0.9762,0.0238,0.0,False,candidate_assignment,blue,0.9762,resolved_model_assignment
737,frame_011901,11900,11901,396.6667,396.7,6:36.700,20,hud_ocr,0.9505,1,21,21,4,32.0,30.0,15.0,100.0,177.0,2.77,16,0.69,1.9801814079422382,1.9921,0,0,blue,1,0.9674,0.9674,11893,11900,11901,0.967,0,0,0,ab_pairs/event_00737_frames_11900_11901.jpg,adjacent_xp_event,blue,0.9821,0.9821,0.0179,0.0,False,candidate_assignment,blue,0.9821,resolved_model_assignment
738,frame_011911,11910,11911,397.0,397.0333,6:37.033,20,hud_ocr,0.9228,1,21,21,4,32.0,30.0,15.0,100.0,177.0,2.77,16,0.69,1.9801814079422382,1.9921,0,1,,0,0.0,0.0,,,,,2,0,0,ab_pairs/event_00738_frames_11910_11911.jpg,pickup_count_not_exactly_one|trajectory_color_disagrees_with_xp|multiple_same_color_pickup_candidates,blue,0.9938,0.9938,0.0062,0.0,False,candidate_assignment,blue,0.9938,resolved_model_assignment
747,frame_012233,12232,12233,407.7333,407.7667,6:47.767,20,hud_ocr,0.5375,1,21,21,4,32.0,30.0,15.0,100.0,177.0,2.77,16,0.69,1.9801814079422382,1.9921,0,1,,0,0.0,0.0,,,,,1,0,0,ab_pairs/event_00747_frames_12232_12233.jpg,pickup_count_not_exactly_one|trajectory_color_disagrees_with_xp,blue,0.9856,0.9856,0.0144,0.0,False,candidate_assignment,blue,0.9856,resolved_model_assignment
754,frame_012386,12385,12386,412.8333,412.8667,6:52.867,20,hud_ocr,0.9932,1,21,21,4,32.0,30.0,15.0,100.0,177.0,2.77,32,1.3799,3.9603915162454872,3.9843,0,1,,0,0.0,0.0,,,,,0,0,0,ab_pairs/event_00754_frames_12385_12386.jpg,pickup_count_not_exactly_one|trajectory_color_disagrees_with_xp,blue,0.5475,0.5475,0.4525,0.0,False,low_confidence_review,blue,0.5475,resolved_model_assignment
756,frame_012473,12472,12473,415.7333,415.7667,6:55.767,20,hud_ocr,0.5473,1,21,21,4,32.0,30.0,15.0,100.0,177.0,2.77,40,1.7249,4.950467870036102,4.9803,0,1,,0,0.0,0.0,,,,,0,0,0,ab_pairs/event_00756_frames_12472_12473.jpg,pickup_count_not_exactly_one|trajectory_color_disagrees_with_xp,blue,0.5318,0.5318,0.4682,0.0,False,low_confidence_review,blue,0.5318,resolved_model_assignment
759,frame_012491,12490,12491,416.3333,416.3667,6:56.367,20,hud_ocr,1.0,1,21,21,4,32.0,30.0,15.0,100.0,177.0,2.77,40,1.7249,4.950467870036102,4.9803,0,1,,0,0.0,0.0,,,,,0,0,0,ab_pairs/event_00759_frames_12490_12491.jpg,pickup_count_not_exactly_one|trajectory_color_disagrees_with_xp,green,0.5838,0.4162,0.5838,0.0,False,low_confidence_review,green,0.5838,resolved_model_assignment
760,frame_012506,12505,12506,416.8333,416.8667,6:56.867,20,hud_ocr,1.0,1,21,21,4,32.0,30.0,15.0,100.0,177.0,2.77,16,0.69,1.9801814079422382,1.9921,0,1,,0,0.0,0.0,,,,,0,0,0,ab_pairs/event_00760_frames_12505_12506.jpg,pickup_count_not_exactly_one|trajectory_color_disagrees_with_xp,blue,0.9509,0.9509,0.0491,0.0,False,candidate_assignment,blue,0.9509,resolved_model_assignment
766,frame_012542,12541,12542,418.0333,418.0667,6:58.067,20,hud_ocr,0.9999,1,21,21,4,32.0,30.0,15.0,100.0,177.0,2.77,40,1.7249,4.950467870036102,4.9803,0,1,,0,0.0,0.0,,,,,1,1,0,ab_pairs/event_00766_frames_12541_12542.jpg,pickup_count_not_exactly_one|trajectory_color_disagrees_with_xp,green,0.7232,0.2768,0.7232,0.0,False,low_confidence_review,green,0.7232,resolved_model_assignment
774,frame_012673,12672,12673,422.4,422.4333,7:02.433,20,hud_ocr,0.9163,1,21,21,4,32.0,30.0,15.0,100.0,177.0,2.77,16,0.69,1.9801814079422382,1.9921,0,0,,0,0.0,0.0,,,,,0,0,0,ab_pairs/event_00774_frames_12672_12673.jpg,pickup_count_not_exactly_one|adjacent_xp_event|trajectory_color_disagrees_with_xp,blue,0.9566,0.9566,0.0434,0.0,False,candidate_assignment,blue,0.9566,resolved_model_assignment
780,frame_012715,12714,12715,423.8,423.8333,7:03.833,20,hud_ocr,0.521,1,21,21,4,32.0,30.0,15.0,100.0,177.0,2.77,24,1.0349,2.970286462093863,2.9882,0,1,,0,0.0,0.0,,,,,0,1,0,ab_pairs/event_00780_frames_12714_12715.jpg,pickup_count_not_exactly_one|trajectory_color_disagrees_with_xp,green,0.7399,0.2601,0.7399,0.0,False,low_confidence_review,green,0.7399,resolved_model_assignment
783,frame_012742,12741,12742,424.7,424.7333,7:04.733,20,hud_ocr,0.5644,1,21,21,4,32.0,30.0,15.0,100.0,177.0,2.77,40,1.7249,4.950467870036102,4.9803,0,0,,0,0.0,0.0,,,,,0,0,0,ab_pairs/event_00783_frames_12741_12742.jpg,pickup_count_not_exactly_one|adjacent_xp_event|trajectory_color_disagrees_with_xp,blue,0.5497,0.5497,0.4503,0.0,False,low_confidence_review,blue,0.5497,resolved_model_assignment
787,frame_012834,12833,12834,427.7667,427.8,7:07.800,20,hud_ocr,0.5617,1,21,21,4,32.0,30.0,15.0,100.0,177.0,2.77,32,1.3799,3.9603915162454872,3.9843,0,1,,0,0.0,0.0,,,,,0,0,0,ab_pairs/event_00787_frames_12833_12834.jpg,pickup_count_not_exactly_one|trajectory_color_disagrees_with_xp,green,0.5074,0.4926,0.5074,0.0,False,low_confidence_review,green,0.5074,resolved_model_assignment
806,frame_013045,13044,13045,434.8,434.8333,7:14.833,20,previous_hud_ocr_fallback,0.8634,0,21,21,4,32.0,30.0,15.0,100.0,177.0,2.77,32,1.3799,3.9603915162454872,3.9843,0,0,,0,0.0,0.0,,,,,0,0,0,ab_pairs/event_00806_frames_13044_13045.jpg,pickup_count_not_exactly_one|adjacent_xp_event|trajectory_color_disagrees_with_xp|hud_level_not_directly_confirmed,blue,0.5464,0.5464,0.4536,0.0,False,low_confidence_review,blue,0.5464,resolved_model_assignment
813,frame_013458,13457,13458,448.5667,448.6,7:28.600,21,hud_ocr,0.7955,1,22,22,4,32.0,30.0,15.0,0.0,77.0,1.77,30,1.2937,1.520233220338983,1.5294,0,0,,0,0.0,0.0,,,,,0,0,0,ab_pairs/event_00813_frames_13457_13458.jpg,pickup_count_not_exactly_one|adjacent_xp_event|trajectory_color_disagrees_with_xp,blue,0.9808,0.9808,0.0192,0.0,False,candidate_assignment,blue,0.9808,resolved_model_assignment
815,frame_013492,13491,13492,449.7,449.7333,7:29.733,21,hud_ocr,0.8876,1,22,22,4,32.0,30.0,15.0,0.0,77.0,1.77,46,1.9836,2.3310219209039547,2.3451,0,1,green,1,0.8636,0.8636,13489,13491,13492,0.864,2,1,0,ab_pairs/event_00815_frames_13491_13492.jpg,heldout_green_precision_or_support_gate_failed,green,0.8493,0.1507,0.8493,0.0,False,candidate_assignment,green,0.8493,resolved_model_assignment
826,frame_013780,13779,13780,459.3,459.3333,7:39.333,21,hud_ocr,0.8419,1,22,22,4,32.0,30.0,15.0,0.0,77.0,1.77,60,2.5873,3.040466440677966,3.0588,0,1,,0,0.0,0.0,,,,,0,1,0,ab_pairs/event_00826_frames_13779_13780.jpg,pickup_count_not_exactly_one|trajectory_color_disagrees_with_xp,green,0.7839,0.2161,0.7839,0.0,False,low_confidence_review,green,0.7839,resolved_model_assignment
837,frame_014046,14045,14046,468.1667,468.2,7:48.200,21,hud_ocr,0.8028,1,22,22,4,32.0,30.0,15.0,0.0,77.0,1.77,32,1.3799,1.621589152542373,1.6314,0,1,blue|blue,2,0.9502,0.9368,14038|14038,14044|14044,14045|14045,0.950|0.923,0,0,0,ab_pairs/event_00837_frames_14045_14046.jpg,pickup_count_not_exactly_one|trajectory_color_disagrees_with_xp,blue,0.9744,0.9744,0.0256,0.0,False,candidate_assignment,blue,0.9744,resolved_model_assignment
839,frame_014050,14049,14050,468.3,468.3333,7:48.333,21,hud_ocr,0.8028,1,22,22,4,32.0,30.0,15.0,0.0,77.0,1.77,30,1.2937,1.520233220338983,1.5294,0,0,,0,0.0,0.0,,,,,2,0,0,ab_pairs/event_00839_frames_14049_14050.jpg,pickup_count_not_exactly_one|adjacent_xp_event|trajectory_color_disagrees_with_xp|multiple_same_color_pickup_candidates,blue,0.9663,0.9663,0.0337,0.0,False,candidate_assignment,blue,0.9663,resolved_model_assignment
841,frame_014053,14052,14053,468.4,468.4333,7:48.433,21,hud_ocr,0.8028,1,22,22,4,32.0,30.0,15.0,0.0,77.0,1.77,32,1.3799,1.621589152542373,1.6314,0,0,blue,1,0.8305,0.8305,14045,14050,14051,0.830,0,0,0,ab_pairs/event_00841_frames_14052_14053.jpg,adjacent_xp_event,blue,0.9399,0.9399,0.0601,0.0,False,candidate_assignment,blue,0.9399,resolved_model_assignment
845,frame_014058,14057,14058,468.5667,468.6,7:48.600,21,hud_ocr,0.8032,1,22,22,4,32.0,30.0,15.0,0.0,77.0,1.77,30,1.2937,1.520233220338983,1.5294,0,0,,0,0.0,0.0,,,,,0,0,0,ab_pairs/event_00845_frames_14057_14058.jpg,pickup_count_not_exactly_one|adjacent_xp_event|trajectory_color_disagrees_with_xp,blue,0.9504,0.9504,0.0496,0.0,False,candidate_assignment,blue,0.9504,resolved_model_assignment
846,frame_014059,14058,14059,468.6,468.6333,7:48.633,21,hud_ocr,0.8032,1,22,22,4,32.0,30.0,15.0,0.0,77.0,1.77,30,1.2937,1.520233220338983,1.5294,0,0,blue,1,0.958,0.958,14051,14058,14059,0.958,1,0,0,ab_pairs/event_00846_frames_14058_14059.jpg,adjacent_xp_event,blue,0.9706,0.9706,0.0294,0.0,False,candidate_assignment,blue,0.9706,resolved_model_assignment
847,frame_014060,14059,14060,468.6333,468.6667,7:48.667,21,hud_ocr,0.7969,1,22,22,4,32.0,30.0,15.0,0.0,77.0,1.77,46,1.9836,2.3310219209039547,2.3451,0,0,,0,0.0,0.0,,,,,0,0,0,ab_pairs/event_00847_frames_14059_14060.jpg,pickup_count_not_exactly_one|adjacent_xp_event|trajectory_color_disagrees_with_xp,blue,0.7625,0.7625,0.2375,0.0,False,low_confidence_review,blue,0.7625,resolved_model_assignment
849,frame_014063,14062,14063,468.7333,468.7667,7:48.767,21,hud_ocr,0.7969,1,22,22,4,32.0,30.0,15.0,0.0,77.0,1.77,30,1.2937,1.520233220338983,1.5294,0,0,,0,0.0,0.0,,,,,0,0,0,ab_pairs/event_00849_frames_14062_14063.jpg,pickup_count_not_exactly_one|adjacent_xp_event|trajectory_color_disagrees_with_xp,blue,0.9523,0.9523,0.0477,0.0,False,candidate_assignment,blue,0.9523,resolved_model_assignment
854,frame_014075,14074,14075,469.1333,469.1667,7:49.167,21,hud_ocr,0.7605,1,22,22,4,32.0,30.0,15.0,0.0,77.0,1.77,60,2.5873,3.040466440677966,3.0588,0,0,,0,0.0,0.0,,,,,0,0,0,ab_pairs/event_00854_frames_14074_14075.jpg,pickup_count_not_exactly_one|adjacent_xp_event|trajectory_color_disagrees_with_xp,blue,0.7187,0.7187,0.2813,0.0,False,low_confidence_review,blue,0.7187,resolved_model_assignment
855,frame_014076,14075,14076,469.1667,469.2,7:49.200,21,hud_ocr,0.7605,1,22,22,4,32.0,30.0,15.0,0.0,77.0,1.77,46,1.9836,2.3310219209039547,2.3451,0,0,blue,1,0.9368,0.9368,14068,14075,14076,0.937,1,0,0,ab_pairs/event_00855_frames_14075_14076.jpg,adjacent_xp_event|trajectory_color_disagrees_with_xp,blue,0.8757,0.8757,0.1243,0.0,False,candidate_assignment,blue,0.8757,resolved_model_assignment
858,frame_014082,14081,14082,469.3667,469.4,7:49.400,21,hud_ocr,0.759,1,22,22,4,32.0,30.0,15.0,0.0,77.0,1.77,62,2.6736,3.1418223728813564,3.1608,0,0,,0,0.0,0.0,,,,,0,0,0,ab_pairs/event_00858_frames_14081_14082.jpg,pickup_count_not_exactly_one|adjacent_xp_event|trajectory_color_disagrees_with_xp,blue,0.6586,0.6586,0.3414,0.0,False,low_confidence_review,blue,0.6586,resolved_model_assignment
867,frame_014379,14378,14379,479.2667,479.3,7:59.300,22,hud_ocr,0.6143,1,23,23,4,32.0,30.0,15.0,0.0,77.0,1.77,30,1.2937,1.6152477966101695,1.625,0,1,,0,0.0,0.0,,,,,0,0,0,ab_pairs/event_00867_frames_14378_14379.jpg,pickup_count_not_exactly_one|trajectory_color_disagrees_with_xp,blue,0.9522,0.9522,0.0478,0.0,False,candidate_assignment,blue,0.9522,resolved_model_assignment
869,frame_014393,14392,14393,479.7333,479.7667,7:59.767,22,hud_ocr,0.6139,1,23,23,4,32.0,30.0,15.0,0.0,77.0,1.77,44,1.8974,2.3690325988700565,2.3833,0,1,,0,0.0,0.0,,,,,0,0,0,ab_pairs/event_00869_frames_14392_14393.jpg,pickup_count_not_exactly_one|trajectory_color_disagrees_with_xp,blue,0.6169,0.6169,0.3831,0.0,False,low_confidence_review,blue,0.6169,resolved_model_assignment
870,frame_014396,14395,14396,479.8333,479.8667,7:59.867,22,hud_ocr,0.6139,1,23,23,4,32.0,30.0,15.0,0.0,77.0,1.77,58,2.5011,3.122817401129944,3.1417,0,0,blue,1,0.7522,0.7522,14388,14394,14395,0.752,2,0,0,ab_pairs/event_00870_frames_14395_14396.jpg,adjacent_xp_event|trajectory_color_disagrees_with_xp,blue,0.7465,0.7465,0.2535,0.0,False,low_confidence_review,blue,0.7465,resolved_model_assignment
873,frame_014406,14405,14406,480.1667,480.2,8:00.200,22,hud_ocr,0.9998,1,23,23,4,32.0,30.0,15.0,0.0,77.0,1.77,72,3.1048,3.8766022033898304,3.9,0,0,,0,0.0,0.0,,,,,3,0,0,ab_pairs/event_00873_frames_14405_14406.jpg,pickup_count_not_exactly_one|adjacent_xp_event|trajectory_color_disagrees_with_xp,blue,0.7718,0.7718,0.2282,0.0,False,low_confidence_review,blue,0.7718,resolved_model_assignment
878,frame_014432,14431,14432,481.0333,481.0667,8:01.067,22,hud_ocr,0.5991,1,23,23,4,32.0,30.0,15.0,0.0,77.0,1.77,58,2.5011,3.122817401129944,3.1417,0,1,,0,0.0,0.0,,,,,0,0,0,ab_pairs/event_00878_frames_14431_14432.jpg,pickup_count_not_exactly_one|trajectory_color_disagrees_with_xp,blue,0.5974,0.5974,0.4026,0.0,False,low_confidence_review,blue,0.5974,resolved_model_assignment
879,frame_014448,14447,14448,481.5667,481.6,8:01.600,22,hud_ocr,0.5991,1,23,23,4,32.0,30.0,15.0,0.0,77.0,1.77,30,1.2937,1.6152477966101695,1.625,0,1,blue|blue,2,0.9142,0.8136,14440|14440,14445|14445,14446|14446,0.914|0.713,0,0,0,ab_pairs/event_00879_frames_14447_14448.jpg,pickup_count_not_exactly_one|trajectory_color_disagrees_with_xp,blue,0.925,0.925,0.075,0.0,False,candidate_assignment,blue,0.925,resolved_model_assignment
880,frame_014473,14472,14473,482.4,482.4333,8:02.433,22,hud_ocr,0.5991,1,23,23,4,32.0,30.0,15.0,0.0,77.0,1.77,44,1.8974,2.3690325988700565,2.3833,0,1,,0,0.0,0.0,,,,,0,0,0,ab_pairs/event_00880_frames_14472_14473.jpg,pickup_count_not_exactly_one|trajectory_color_disagrees_with_xp,blue,0.6537,0.6537,0.3463,0.0,False,low_confidence_review,blue,0.6537,resolved_model_assignment
881,frame_014480,14479,14480,482.6333,482.6667,8:02.667,22,hud_ocr,0.5991,1,23,23,4,32.0,30.0,15.0,0.0,77.0,1.77,28,1.2074,1.507569604519774,1.5167,0,1,green|blue,2,0.9147,0.874,14472|14473,14477|14479,14478|14480,0.833|0.915,2,0,0,ab_pairs/event_00881_frames_14479_14480.jpg,pickup_count_not_exactly_one|trajectory_color_disagrees_with_xp|multiple_same_color_pickup_candidates,blue,0.5026,0.5026,0.4974,0.0,False,low_confidence_review,blue,0.5026,resolved_model_assignment
889,frame_014512,14511,14512,483.7,483.7333,8:03.733,22,hud_ocr,0.5481,1,23,23,4,32.0,30.0,15.0,0.0,77.0,1.77,58,2.5011,3.122817401129944,3.1417,0,1,,0,0.0,0.0,,,,,0,0,0,ab_pairs/event_00889_frames_14511_14512.jpg,pickup_count_not_exactly_one|trajectory_color_disagrees_with_xp,blue,0.5549,0.5549,0.4451,0.0,False,low_confidence_review,blue,0.5549,resolved_model_assignment
894,frame_014547,14546,14547,484.8667,484.9,8:04.900,22,hud_ocr,0.7111,1,23,23,4,32.0,30.0,15.0,0.0,77.0,1.77,42,1.8111,2.261354406779661,2.275,0,1,,0,0.0,0.0,,,,,0,1,0,ab_pairs/event_00894_frames_14546_14547.jpg,pickup_count_not_exactly_one|trajectory_color_disagrees_with_xp,green,0.6859,0.3141,0.6859,0.0,False,low_confidence_review,green,0.6859,resolved_model_assignment
895,frame_014549,14548,14549,484.9333,484.9667,8:04.967,22,hud_ocr,0.7111,1,23,23,4,32.0,30.0,15.0,0.0,77.0,1.77,74,3.191,3.984280395480226,4.0083,0,1,green|blue,2,0.8576,0.8565,14544|14541,14547|14548,14548|14549,0.858|0.855,0,0,0,ab_pairs/event_00895_frames_14548_14549.jpg,pickup_count_not_exactly_one|trajectory_color_disagrees_with_xp,green,0.6647,0.3353,0.6647,0.0,False,low_confidence_review,green,0.6647,resolved_model_assignment
896,frame_014566,14565,14566,485.5,485.5333,8:05.533,22,previous_hud_ocr_fallback,0.4203,0,23,23,4,32.0,30.0,15.0,0.0,77.0,1.77,42,1.8111,2.261354406779661,2.275,0,1,,0,0.0,0.0,,,,,1,0,0,ab_pairs/event_00896_frames_14565_14566.jpg,pickup_count_not_exactly_one|trajectory_color_disagrees_with_xp|hud_level_not_directly_confirmed,blue,0.796,0.796,0.204,0.0,False,low_confidence_review,blue,0.796,resolved_model_assignment
908,frame_014691,14690,14691,489.6667,489.7,8:09.700,22,hud_ocr,0.7286,1,23,23,4,32.0,30.0,15.0,0.0,77.0,1.77,58,2.5011,3.122817401129944,3.1417,0,0,,0,0.0,0.0,,,,,2,0,0,ab_pairs/event_00908_frames_14690_14691.jpg,pickup_count_not_exactly_one|adjacent_xp_event|trajectory_color_disagrees_with_xp,blue,0.7695,0.7695,0.2305,0.0,False,low_confidence_review,blue,0.7695,resolved_model_assignment
909,frame_014694,14693,14694,489.7667,489.8,8:09.800,22,hud_ocr,0.7286,1,23,23,4,32.0,30.0,15.0,0.0,77.0,1.77,28,1.2074,1.507569604519774,1.5167,0,1,,0,0.0,0.0,,,,,3,0,0,ab_pairs/event_00909_frames_14693_14694.jpg,pickup_count_not_exactly_one|trajectory_color_disagrees_with_xp|multiple_same_color_pickup_candidates,blue,0.9735,0.9735,0.0265,0.0,False,candidate_assignment,blue,0.9735,resolved_model_assignment
910,frame_014698,14697,14698,489.9,489.9333,8:09.933,22,hud_ocr,0.7286,1,23,23,4,32.0,30.0,15.0,0.0,77.0,1.77,44,1.8974,2.3690325988700565,2.3833,0,0,green,1,0.8234,0.8234,14691,14696,14697,0.823,2,0,0,ab_pairs/event_00910_frames_14697_14698.jpg,adjacent_xp_event,green,0.5086,0.4914,0.5086,0.0,False,low_confidence_review,green,0.5086,resolved_model_assignment
912,frame_014700,14699,14700,489.9667,490.0,8:10.000,22,hud_ocr,0.9098,1,23,23,4,32.0,30.0,15.0,0.0,77.0,1.77,72,3.1048,3.8766022033898304,3.9,0,0,,0,0.0,0.0,,,,,0,0,0,ab_pairs/event_00912_frames_14699_14700.jpg,pickup_count_not_exactly_one|adjacent_xp_event|trajectory_color_disagrees_with_xp,blue,0.5664,0.5664,0.4336,0.0,False,low_confidence_review,blue,0.5664,resolved_model_assignment
915,frame_014713,14712,14713,490.4,490.4333,8:10.433,22,hud_ocr,0.9099,1,23,23,4,32.0,30.0,15.0,0.0,77.0,1.77,58,2.5011,3.122817401129944,3.1417,0,0,,0,0.0,0.0,,,,,1,0,0,ab_pairs/event_00915_frames_14712_14713.jpg,pickup_count_not_exactly_one|adjacent_xp_event|trajectory_color_disagrees_with_xp,blue,0.7887,0.7887,0.2113,0.0,False,low_confidence_review,blue,0.7887,resolved_model_assignment
916,frame_014795,14794,14795,493.1333,493.1667,8:13.167,23,hud_ocr,0.6987,1,24,24,5,40.0,30.0,15.0,0.0,85.0,1.85,56,2.4148,3.0544336216216217,3.0729,0,0,blue|green,2,0.962,0.9442,14787|14790,14794|14794,14795|14795,0.962|0.926,0,1,0,ab_pairs/event_00916_frames_14794_14795.jpg,pickup_count_not_exactly_one|adjacent_xp_event|trajectory_color_disagrees_with_xp,green,0.9817,0.0183,0.9817,0.0,False,candidate_assignment,green,0.9817,resolved_model_assignment
932,frame_014899,14898,14899,496.6,496.6333,8:16.633,23,hud_ocr,0.7991,1,24,24,5,40.0,30.0,15.0,0.0,85.0,1.85,68,2.9323,3.7089632432432427,3.7314,0,1,,0,0.0,0.0,,,,,0,0,0,ab_pairs/event_00932_frames_14898_14899.jpg,pickup_count_not_exactly_one|trajectory_color_disagrees_with_xp,blue,0.5538,0.5538,0.4462,0.0,False,low_confidence_review,blue,0.5538,resolved_model_assignment
933,frame_014906,14905,14906,496.8333,496.8667,8:16.867,23,hud_ocr,0.7853,1,24,24,5,40.0,30.0,15.0,0.0,85.0,1.85,42,1.8111,2.2908347027027025,2.3047,0,1,blue,1,0.7456,0.7456,14898,14903,14904,0.746,0,0,0,ab_pairs/event_00933_frames_14905_14906.jpg,trajectory_color_disagrees_with_xp,blue,0.5367,0.5367,0.4633,0.0,False,low_confidence_review,blue,0.5367,resolved_model_assignment
935,frame_014929,14928,14929,497.6,497.6333,8:17.633,23,hud_ocr,0.6218,1,24,24,5,40.0,30.0,15.0,0.0,85.0,1.85,42,1.8111,2.2908347027027025,2.3047,0,1,blue,1,0.719,0.719,14921,14926,14927,0.719,1,0,0,ab_pairs/event_00935_frames_14928_14929.jpg,trajectory_color_disagrees_with_xp,blue,0.7691,0.7691,0.2309,0.0,False,low_confidence_review,blue,0.7691,resolved_model_assignment
945,frame_015161,15160,15161,505.3333,505.3667,8:25.367,23,hud_ocr,0.7845,1,24,24,5,40.0,30.0,15.0,0.0,85.0,1.85,28,1.2074,1.527223135135135,1.5364,0,1,,0,0.0,0.0,,,,,0,0,0,ab_pairs/event_00945_frames_15160_15161.jpg,pickup_count_not_exactly_one|trajectory_color_disagrees_with_xp,blue,0.9623,0.9623,0.0377,0.0,False,candidate_assignment,blue,0.9623,resolved_model_assignment
947,frame_015675,15674,15675,522.4667,522.5,8:42.500,23,hud_ocr,0.4958,1,24,24,5,40.0,30.0,15.0,0.0,85.0,1.85,30,1.2937,1.6363050810810809,1.6462,0,0,,0,0.0,0.0,,,,,0,0,0,ab_pairs/event_00947_frames_15674_15675.jpg,pickup_count_not_exactly_one|adjacent_xp_event|trajectory_color_disagrees_with_xp,blue,0.9327,0.9327,0.0673,0.0,False,candidate_assignment,blue,0.9327,resolved_model_assignment
950,frame_015698,15697,15698,523.2333,523.2667,8:43.267,23,hud_ocr,0.7102,1,24,24,5,40.0,30.0,15.0,0.0,85.0,1.85,28,1.2074,1.527223135135135,1.5364,0,1,,0,0.0,0.0,,,,,1,0,0,ab_pairs/event_00950_frames_15697_15698.jpg,pickup_count_not_exactly_one|trajectory_color_disagrees_with_xp,blue,0.9627,0.9627,0.0373,0.0,False,candidate_assignment,blue,0.9627,resolved_model_assignment
958,frame_015856,15855,15856,528.5,528.5333,8:48.533,24,hud_ocr,0.9774,1,25,25,5,40.0,30.0,15.0,0.0,85.0,1.85,28,1.2074,1.6120688648648647,1.6218,0,1,,0,0.0,0.0,,,,,0,0,0,ab_pairs/event_00958_frames_15855_15856.jpg,pickup_count_not_exactly_one|trajectory_color_disagrees_with_xp,blue,0.9762,0.9762,0.0238,0.0,False,candidate_assignment,blue,0.9762,resolved_model_assignment
964,frame_015901,15900,15901,530.0,530.0333,8:50.033,24,hud_ocr,0.9852,1,25,25,5,40.0,30.0,15.0,0.0,85.0,1.85,26,1.1212,1.4969134594594593,1.5059,0,1,,0,0.0,0.0,,,,,0,0,0,ab_pairs/event_00964_frames_15900_15901.jpg,pickup_count_not_exactly_one|trajectory_color_disagrees_with_xp,blue,0.9543,0.9543,0.0457,0.0,False,candidate_assignment,blue,0.9543,resolved_model_assignment
968,frame_015931,15930,15931,531.0,531.0333,8:51.033,24,hud_ocr,0.9788,1,25,25,5,40.0,30.0,15.0,0.0,85.0,1.85,84,3.6223,4.836193243243243,4.8654,0,1,blue,1,0.97,0.97,15923,15928,15929,0.970,0,0,0,ab_pairs/event_00968_frames_15930_15931.jpg,trajectory_color_disagrees_with_xp,blue,0.5317,0.5317,0.4683,0.0,False,low_confidence_review,blue,0.5317,resolved_model_assignment
972,frame_015945,15944,15945,531.4667,531.5,8:51.500,24,hud_ocr,0.9788,1,25,25,5,40.0,30.0,15.0,0.0,85.0,1.85,42,1.8111,2.4181032972972973,2.4327,0,1,,0,0.0,0.0,,,,,0,0,0,ab_pairs/event_00972_frames_15944_15945.jpg,pickup_count_not_exactly_one|trajectory_color_disagrees_with_xp,blue,0.5466,0.5466,0.4534,0.0,False,low_confidence_review,blue,0.5466,resolved_model_assignment
978,frame_015998,15997,15998,533.2333,533.2667,8:53.267,24,hud_ocr,0.9862,1,25,25,5,40.0,30.0,15.0,0.0,85.0,1.85,28,1.2074,1.6120688648648647,1.6218,0,1,,0,0.0,0.0,,,,,0,0,0,ab_pairs/event_00978_frames_15997_15998.jpg,pickup_count_not_exactly_one|trajectory_color_disagrees_with_xp,blue,0.9699,0.9699,0.0301,0.0,False,candidate_assignment,blue,0.9699,resolved_model_assignment
989,frame_016103,16102,16103,536.7333,536.7667,8:56.767,24,hud_ocr,0.9766,1,25,25,5,40.0,30.0,15.0,0.0,85.0,1.85,40,1.7249,2.3029478918918924,2.3168,0,0,,0,0.0,0.0,,,,,0,0,0,ab_pairs/event_00989_frames_16102_16103.jpg,pickup_count_not_exactly_one|adjacent_xp_event|trajectory_color_disagrees_with_xp,blue,0.5953,0.5953,0.4047,0.0,False,low_confidence_review,blue,0.5953,resolved_model_assignment
991,frame_016157,16156,16157,538.5333,538.5667,8:58.567,24,hud_ocr,0.9613,1,25,25,5,40.0,30.0,15.0,0.0,85.0,1.85,28,1.2074,1.6120688648648647,1.6218,0,1,,0,0.0,0.0,,,,,0,0,0,ab_pairs/event_00991_frames_16156_16157.jpg,pickup_count_not_exactly_one|trajectory_color_disagrees_with_xp,blue,0.9644,0.9644,0.0356,0.0,False,candidate_assignment,blue,0.9644,resolved_model_assignment
996,frame_016192,16191,16192,539.7,539.7333,8:59.733,24,hud_ocr,0.9741,1,25,25,5,40.0,30.0,15.0,0.0,85.0,1.85,26,1.1212,1.4969134594594593,1.5059,0,0,,0,0.0,0.0,,,,,0,0,0,ab_pairs/event_00996_frames_16191_16192.jpg,pickup_count_not_exactly_one|adjacent_xp_event|trajectory_color_disagrees_with_xp,blue,0.9828,0.9828,0.0172,0.0,False,candidate_assignment,blue,0.9828,resolved_model_assignment
998,frame_016199,16198,16199,539.9333,539.9667,8:59.967,24,hud_ocr,0.9741,1,25,25,5,40.0,30.0,15.0,0.0,85.0,1.85,28,1.2074,1.6120688648648647,1.6218,0,1,green|blue,2,0.9604,0.9563,16191|16191,16196|16198,16197|16199,0.952|0.960,1,0,0,ab_pairs/event_00998_frames_16198_16199.jpg,pickup_count_not_exactly_one|trajectory_color_disagrees_with_xp,green,0.6203,0.3797,0.6203,0.0,False,low_confidence_review,green,0.6203,resolved_model_assignment
1003,frame_016245,16244,16245,541.4667,541.5,9:01.500,24,hud_ocr,0.9726,1,25,25,5,40.0,30.0,15.0,0.0,85.0,1.85,28,1.2074,1.6120688648648647,1.6218,0,1,,0,0.0,0.0,,,,,1,0,0,ab_pairs/event_01003_frames_16244_16245.jpg,pickup_count_not_exactly_one|trajectory_color_disagrees_with_xp,blue,0.9881,0.9881,0.0119,0.0,False,candidate_assignment,blue,0.9881,resolved_model_assignment
1007,frame_016307,16306,16307,543.5333,543.5667,9:03.567,24,hud_ocr,0.9952,1,25,25,5,40.0,30.0,15.0,0.0,85.0,1.85,28,1.2074,1.6120688648648647,1.6218,0,1,,0,0.0,0.0,,,,,0,0,0,ab_pairs/event_01007_frames_16306_16307.jpg,pickup_count_not_exactly_one|trajectory_color_disagrees_with_xp,blue,0.9512,0.9512,0.0488,0.0,False,candidate_assignment,blue,0.9512,resolved_model_assignment
1009,frame_016319,16318,16319,543.9333,543.9667,9:03.967,24,hud_ocr,0.9952,1,25,25,5,40.0,30.0,15.0,0.0,85.0,1.85,42,1.8111,2.4181032972972973,2.4327,0,1,green,1,0.9078,0.9078,16315,16317,16318,0.908,1,0,0,ab_pairs/event_01009_frames_16318_16319.jpg,heldout_green_precision_or_support_gate_failed,green,0.7243,0.2757,0.7243,0.0,False,low_confidence_review,green,0.7243,resolved_model_assignment
1013,frame_016469,16468,16469,548.9333,548.9667,9:08.967,24,hud_ocr,0.9786,1,25,25,5,40.0,30.0,15.0,0.0,85.0,1.85,28,1.2074,1.6120688648648647,1.6218,0,0,,0,0.0,0.0,,,,,0,0,0,ab_pairs/event_01013_frames_16468_16469.jpg,pickup_count_not_exactly_one|adjacent_xp_event|trajectory_color_disagrees_with_xp,blue,0.9339,0.9339,0.0661,0.0,False,candidate_assignment,blue,0.9339,resolved_model_assignment
1015,frame_016472,16471,16472,549.0333,549.0667,9:09.067,24,previous_hud_ocr_fallback,0.8167,0,25,25,5,40.0,30.0,15.0,0.0,85.0,1.85,208,8.9694,11.97533437837838,12.0476,0,0,blue|green|blue|blue,4,0.9486,0.9158,16464|16464|16465|16464,16471|16471|16471|16471,16472|16472|16472|16472,0.949|0.946|0.907|0.862,0,0,0,ab_pairs/event_01015_frames_16471_16472.jpg,pickup_count_not_exactly_one|adjacent_xp_event|trajectory_color_disagrees_with_xp|hud_level_not_directly_confirmed,green,0.6991,0.3009,0.6991,0.0,False,low_confidence_review,green,0.6991,resolved_model_assignment
1017,frame_016511,16510,16511,550.3333,550.3667,9:10.367,25,hud_ocr,1.0,1,26,26,5,40.0,30.0,15.0,0.0,85.0,1.85,80,3.4498,4.848311351351351,4.8776,0,0,,0,0.0,0.0,,,,,0,0,0,ab_pairs/event_01017_frames_16510_16511.jpg,pickup_count_not_exactly_one|adjacent_xp_event|trajectory_color_disagrees_with_xp,green,0.5955,0.4045,0.5955,0.0,False,low_confidence_review,green,0.5955,resolved_model_assignment
1021,frame_016575,16574,16575,552.4667,552.5,9:12.500,26,hud_ocr,0.7952,1,27,27,5,40.0,30.0,15.0,0.0,85.0,1.85,90,3.881,5.727067783783783,5.7616,0,0,,0,0.0,0.0,,,,,1,0,0,ab_pairs/event_01021_frames_16574_16575.jpg,pickup_count_not_exactly_one|adjacent_xp_event|trajectory_color_disagrees_with_xp,blue,0.8278,0.8278,0.1722,0.0,False,candidate_assignment,blue,0.8278,resolved_model_assignment
1027,frame_016583,16582,16583,552.7333,552.7667,9:12.767,26,hud_ocr,0.7953,1,27,27,5,40.0,30.0,15.0,0.0,85.0,1.85,90,3.881,5.727067783783783,5.7616,0,0,,0,0.0,0.0,,,,,0,0,0,ab_pairs/event_01027_frames_16582_16583.jpg,pickup_count_not_exactly_one|adjacent_xp_event|trajectory_color_disagrees_with_xp,blue,0.6348,0.6348,0.3652,0.0,False,low_confidence_review,blue,0.6348,resolved_model_assignment
1035,frame_016592,16591,16592,553.0333,553.0667,9:13.067,26,hud_ocr,0.8529,1,27,27,5,40.0,30.0,15.0,0.0,85.0,1.85,64,2.7598,4.072584486486487,4.0972,0,0,,0,0.0,0.0,,,,,0,0,0,ab_pairs/event_01035_frames_16591_16592.jpg,pickup_count_not_exactly_one|adjacent_xp_event|trajectory_color_disagrees_with_xp,blue,0.6861,0.6861,0.3139,0.0,False,low_confidence_review,blue,0.6861,resolved_model_assignment
1036,frame_016594,16593,16594,553.1,553.1333,9:13.133,26,hud_ocr,0.8529,1,27,27,5,40.0,30.0,15.0,0.0,85.0,1.85,90,3.881,5.727067783783783,5.7616,0,0,blue|green,2,0.9536,0.9458,16586|16586,16593|16593,16594|16594,0.954|0.938,0,1,0,ab_pairs/event_01036_frames_16593_16594.jpg,pickup_count_not_exactly_one|adjacent_xp_event|trajectory_color_disagrees_with_xp,green,0.9278,0.0722,0.9278,0.0,False,candidate_assignment,green,0.9278,resolved_model_assignment
1040,frame_016598,16597,16598,553.2333,553.2667,9:13.267,26,hud_ocr,0.8529,1,27,27,5,40.0,30.0,15.0,0.0,85.0,1.85,40,1.7249,2.5453634594594594,2.5607,0,0,,0,0.0,0.0,,,,,0,0,0,ab_pairs/event_01040_frames_16597_16598.jpg,pickup_count_not_exactly_one|adjacent_xp_event|trajectory_color_disagrees_with_xp,blue,0.7554,0.7554,0.2446,0.0,False,low_confidence_review,blue,0.7554,resolved_model_assignment
1041,frame_016599,16598,16599,553.2667,553.3,9:13.300,26,hud_ocr,0.8529,1,27,27,5,40.0,30.0,15.0,0.0,85.0,1.85,88,3.7947,5.5998055135135125,5.6336,0,0,,0,0.0,0.0,,,,,0,0,0,ab_pairs/event_01041_frames_16598_16599.jpg,pickup_count_not_exactly_one|adjacent_xp_event|trajectory_color_disagrees_with_xp,blue,0.6229,0.6229,0.3771,0.0,False,low_confidence_review,blue,0.6229,resolved_model_assignment
1042,frame_016600,16599,16600,553.3,553.3333,9:13.333,26,hud_ocr,0.8529,1,27,27,5,40.0,30.0,15.0,0.0,85.0,1.85,64,2.7598,4.072584486486487,4.0972,0,0,,0,0.0,0.0,,,,,1,0,0,ab_pairs/event_01042_frames_16599_16600.jpg,pickup_count_not_exactly_one|adjacent_xp_event|trajectory_color_disagrees_with_xp,blue,0.8423,0.8423,0.1577,0.0,False,candidate_assignment,blue,0.8423,resolved_model_assignment
1049,frame_016645,16644,16645,554.8,554.8333,9:14.833,27,hud_ocr,0.8237,1,28,28,5,40.0,30.0,15.0,0.0,85.0,1.85,148,6.3821,9.866319783783785,9.9259,0,0,,0,0.0,0.0,,,,,1,0,0,ab_pairs/event_01049_frames_16644_16645.jpg,pickup_count_not_exactly_one|adjacent_xp_event|trajectory_color_disagrees_with_xp,blue,0.7774,0.7774,0.2226,0.0,False,low_confidence_review,blue,0.7774,resolved_model_assignment
1050,frame_016646,16645,16646,554.8333,554.8667,9:14.867,27,hud_ocr,0.8237,1,28,28,5,40.0,30.0,15.0,0.0,85.0,1.85,86,3.7085,5.733140540540541,5.7677,0,0,blue,1,0.9023,0.9023,16643,16645,16646,0.902,2,0,0,ab_pairs/event_01050_frames_16645_16646.jpg,adjacent_xp_event|trajectory_color_disagrees_with_xp,blue,0.807,0.807,0.193,0.0,False,candidate_assignment,blue,0.807,resolved_model_assignment
1051,frame_016647,16646,16647,554.8667,554.9,9:14.900,27,hud_ocr,0.8237,1,28,28,5,40.0,30.0,15.0,0.0,85.0,1.85,50,2.1561,3.3332140540540536,3.3533,0,0,blue,1,0.8822,0.8822,16643,16646,16647,0.882,0,0,0,ab_pairs/event_01051_frames_16646_16647.jpg,adjacent_xp_event|trajectory_color_disagrees_with_xp,blue,0.5629,0.5629,0.4371,0.0,False,low_confidence_review,blue,0.5629,resolved_model_assignment
1054,frame_016650,16649,16650,554.9667,555.0,9:15.000,27,hud_ocr,0.8381,1,28,28,5,40.0,30.0,15.0,0.0,85.0,1.85,110,4.7434,7.333070918918919,7.3773,0,0,,0,0.0,0.0,,,,,2,0,0,ab_pairs/event_01054_frames_16649_16650.jpg,pickup_count_not_exactly_one|adjacent_xp_event|trajectory_color_disagrees_with_xp,blue,0.756,0.756,0.244,0.0,False,low_confidence_review,blue,0.756,resolved_model_assignment
1056,frame_016712,16711,16712,557.0333,557.0667,9:17.067,28,hud_ocr,0.9999,1,29,29,5,40.0,30.0,15.0,0.0,85.0,1.85,36,1.5524,2.508997891891892,2.5241,0,0,,0,0.0,0.0,,,,,1,0,0,ab_pairs/event_01056_frames_16711_16712.jpg,pickup_count_not_exactly_one|adjacent_xp_event|trajectory_color_disagrees_with_xp,blue,0.7985,0.7985,0.2015,0.0,False,low_confidence_review,blue,0.7985,resolved_model_assignment
1057,frame_016713,16712,16713,557.0667,557.1,9:17.100,28,hud_ocr,0.9999,1,29,29,5,40.0,30.0,15.0,0.0,85.0,1.85,70,3.0185,4.8786132972972975,4.9081,0,0,,0,0.0,0.0,,,,,0,0,0,ab_pairs/event_01057_frames_16712_16713.jpg,pickup_count_not_exactly_one|adjacent_xp_event|trajectory_color_disagrees_with_xp,green,0.5477,0.4523,0.5477,0.0,False,low_confidence_review,green,0.5477,resolved_model_assignment
1058,frame_016714,16713,16714,557.1,557.1333,9:17.133,28,hud_ocr,0.9999,1,29,29,5,40.0,30.0,15.0,0.0,85.0,1.85,24,1.0349,1.6726706486486487,1.6828,0,0,,0,0.0,0.0,,,,,0,1,0,ab_pairs/event_01058_frames_16713_16714.jpg,pickup_count_not_exactly_one|adjacent_xp_event|trajectory_color_disagrees_with_xp,blue,0.5212,0.5212,0.4788,0.0,False,low_confidence_review,blue,0.5212,resolved_model_assignment
1061,frame_016717,16716,16717,557.2,557.2333,9:17.233,28,hud_ocr,0.9999,1,29,29,5,40.0,30.0,15.0,0.0,85.0,1.85,24,1.0349,1.6726706486486487,1.6828,0,0,,0,0.0,0.0,,,,,0,0,0,ab_pairs/event_01061_frames_16716_16717.jpg,pickup_count_not_exactly_one|adjacent_xp_event|trajectory_color_disagrees_with_xp,blue,0.9485,0.9485,0.0515,0.0,False,candidate_assignment,blue,0.9485,resolved_model_assignment
1062,frame_016718,16717,16718,557.2333,557.2667,9:17.267,28,hud_ocr,0.9999,1,29,29,5,40.0,30.0,15.0,0.0,85.0,1.85,24,1.0349,1.6726706486486487,1.6828,0,0,,0,0.0,0.0,,,,,0,0,0,ab_pairs/event_01062_frames_16717_16718.jpg,pickup_count_not_exactly_one|adjacent_xp_event|trajectory_color_disagrees_with_xp,blue,0.9452,0.9452,0.0548,0.0,False,candidate_assignment,blue,0.9452,resolved_model_assignment
1063,frame_016720,16719,16720,557.3,557.3333,9:17.333,28,hud_ocr,0.9999,1,29,29,5,40.0,30.0,15.0,0.0,85.0,1.85,22,0.9487,1.533272,1.5425,0,1,,0,0.0,0.0,,,,,0,0,0,ab_pairs/event_01063_frames_16719_16720.jpg,pickup_count_not_exactly_one|trajectory_color_disagrees_with_xp,blue,0.9367,0.9367,0.0633,0.0,False,candidate_assignment,blue,0.9367,resolved_model_assignment
1065,frame_016731,16730,16731,557.6667,557.7,9:17.700,28,hud_ocr,0.9999,1,29,29,5,40.0,30.0,15.0,0.0,85.0,1.85,36,1.5524,2.508997891891892,2.5241,0,0,green,1,0.9543,0.9543,16727,16729,16730,0.954,1,0,0,ab_pairs/event_01065_frames_16730_16731.jpg,adjacent_xp_event,green,0.955,0.045,0.955,0.0,False,candidate_assignment,green,0.955,resolved_model_assignment
1068,frame_016735,16734,16735,557.8,557.8333,9:17.833,28,hud_ocr,0.9999,1,29,29,5,40.0,30.0,15.0,0.0,85.0,1.85,36,1.5524,2.508997891891892,2.5241,0,1,green,1,0.9614,0.9614,16727,16733,16734,0.961,0,0,0,ab_pairs/event_01068_frames_16734_16735.jpg,heldout_green_precision_or_support_gate_failed,green,0.9822,0.0178,0.9822,0.0,False,candidate_assignment,green,0.9822,resolved_model_assignment
1074,frame_016751,16750,16751,558.3333,558.3667,9:18.367,28,previous_hud_ocr_fallback,0.3999,0,29,29,5,40.0,30.0,15.0,0.0,85.0,1.85,24,1.0349,1.6726706486486487,1.6828,0,0,blue,1,0.7216,0.7216,16743,16749,16750,0.722,0,0,0,ab_pairs/event_01074_frames_16750_16751.jpg,adjacent_xp_event|hud_level_not_directly_confirmed,blue,0.9836,0.9836,0.0164,0.0,False,candidate_assignment,blue,0.9836,resolved_model_assignment
1081,frame_016790,16789,16790,559.6333,559.6667,9:19.667,28,hud_ocr,0.6219,1,29,29,5,40.0,30.0,15.0,0.0,85.0,1.85,60,2.5873,4.1816685405405405,4.2069,0,0,blue,1,0.7349,0.7349,16785,16788,16789,0.735,0,0,0,ab_pairs/event_01081_frames_16789_16790.jpg,adjacent_xp_event|trajectory_color_disagrees_with_xp,green,0.522,0.478,0.522,0.0,False,low_confidence_review,green,0.522,resolved_model_assignment
1084,frame_016793,16792,16793,559.7333,559.7667,9:19.767,28,hud_ocr,0.6219,1,29,29,5,40.0,30.0,15.0,0.0,85.0,1.85,36,1.5524,2.508997891891892,2.5241,0,0,,0,0.0,0.0,,,,,0,0,0,ab_pairs/event_01084_frames_16792_16793.jpg,pickup_count_not_exactly_one|adjacent_xp_event|trajectory_color_disagrees_with_xp,blue,0.6136,0.6136,0.3864,0.0,False,low_confidence_review,blue,0.6136,resolved_model_assignment
1088,frame_016798,16797,16798,559.9,559.9333,9:19.933,28,hud_ocr,0.6219,1,29,29,5,40.0,30.0,15.0,0.0,85.0,1.85,36,1.5524,2.508997891891892,2.5241,0,0,blue,1,0.7878,0.7878,16790,16795,16796,0.788,0,0,0,ab_pairs/event_01088_frames_16797_16798.jpg,adjacent_xp_event|trajectory_color_disagrees_with_xp,blue,0.5814,0.5814,0.4186,0.0,False,low_confidence_review,blue,0.5814,resolved_model_assignment
1091,frame_016801,16800,16801,560.0,560.0333,9:20.033,28,hud_ocr,0.9999,1,29,29,5,40.0,30.0,15.0,0.0,85.0,1.85,24,1.0349,1.6726706486486487,1.6828,0,0,,0,0.0,0.0,,,,,0,0,0,ab_pairs/event_01091_frames_16800_16801.jpg,pickup_count_not_exactly_one|adjacent_xp_event|trajectory_color_disagrees_with_xp,blue,0.9672,0.9672,0.0328,0.0,False,candidate_assignment,blue,0.9672,resolved_model_assignment
1092,frame_016802,16801,16802,560.0333,560.0667,9:20.067,28,hud_ocr,0.9999,1,29,29,5,40.0,30.0,15.0,0.0,85.0,1.85,70,3.0185,4.8786132972972975,4.9081,0,0,,0,0.0,0.0,,,,,0,0,0,ab_pairs/event_01092_frames_16801_16802.jpg,pickup_count_not_exactly_one|adjacent_xp_event|trajectory_color_disagrees_with_xp,green,0.5641,0.4359,0.5641,0.0,False,low_confidence_review,green,0.5641,resolved_model_assignment
1094,frame_016804,16803,16804,560.1,560.1333,9:20.133,28,hud_ocr,0.9999,1,29,29,5,40.0,30.0,15.0,0.0,85.0,1.85,84,3.6223,5.854339189189188,5.8897,0,0,green,1,0.9479,0.9479,16801,16803,16804,0.948,0,1,0,ab_pairs/event_01094_frames_16803_16804.jpg,adjacent_xp_event,green,0.9845,0.0155,0.9845,0.0,False,candidate_assignment,green,0.9845,resolved_model_assignment
1095,frame_016806,16805,16806,560.1667,560.2,9:20.200,28,hud_ocr,0.9999,1,29,29,5,40.0,30.0,15.0,0.0,85.0,1.85,686,29.5817,47.810455567567566,48.099,0,1,blue|blue,2,0.8328,0.8236,16798|16801,16805|16805,16806|16806,0.833|0.814,1,0,0,ab_pairs/event_01095_frames_16805_16806.jpg,pickup_count_not_exactly_one|trajectory_color_disagrees_with_xp,blue,0.7689,0.7689,0.2311,0.0,False,low_confidence_review,blue,0.7689,resolved_model_assignment
1102,frame_016848,16847,16848,561.5667,561.6,9:21.600,28,hud_ocr,0.9999,1,29,29,5,40.0,30.0,15.0,0.0,85.0,1.85,24,1.0349,1.6726706486486487,1.6828,0,1,blue|blue,2,0.9574,0.9338,16840|16840,16845|16847,16846|16848,0.910|0.957,3,0,0,ab_pairs/event_01102_frames_16847_16848.jpg,pickup_count_not_exactly_one|trajectory_color_disagrees_with_xp|multiple_same_color_pickup_candidates,blue,0.9796,0.9796,0.0204,0.0,False,candidate_assignment,blue,0.9796,resolved_model_assignment
1110,frame_016920,16919,16920,563.9667,564.0,9:24.000,28,hud_ocr,0.9699,1,29,29,5,40.0,30.0,15.0,0.0,85.0,1.85,26,1.1212,1.812053135135135,1.823,0,1,,0,0.0,0.0,,,,,2,0,0,ab_pairs/event_01110_frames_16919_16920.jpg,pickup_count_not_exactly_one|trajectory_color_disagrees_with_xp,blue,0.9661,0.9661,0.0339,0.0,False,candidate_assignment,blue,0.9661,resolved_model_assignment
1116,frame_017023,17022,17023,567.4,567.4333,9:27.433,29,hud_ocr,0.7219,1,30,30,5,40.0,30.0,15.0,0.0,85.0,1.85,24,1.0349,1.7453954594594594,1.7559,0,1,,0,0.0,0.0,,,,,0,0,0,ab_pairs/event_01116_frames_17022_17023.jpg,pickup_count_not_exactly_one|trajectory_color_disagrees_with_xp,blue,0.9747,0.9747,0.0253,0.0,False,candidate_assignment,blue,0.9747,resolved_model_assignment
1120,frame_017048,17047,17048,568.2333,568.2667,9:28.267,29,hud_ocr,0.6457,1,30,30,5,40.0,30.0,15.0,0.0,85.0,1.85,34,1.4661,2.472642162162162,2.4876,0,1,,0,0.0,0.0,,,,,1,0,0,ab_pairs/event_01120_frames_17047_17048.jpg,pickup_count_not_exactly_one|trajectory_color_disagrees_with_xp,blue,0.7801,0.7801,0.2199,0.0,False,low_confidence_review,blue,0.7801,resolved_model_assignment
1125,frame_017073,17072,17073,569.0667,569.1,9:29.100,29,hud_ocr,0.6081,1,30,30,5,40.0,30.0,15.0,0.0,85.0,1.85,22,0.9487,1.599936,1.6096,0,1,,0,0.0,0.0,,,,,0,0,0,ab_pairs/event_01125_frames_17072_17073.jpg,pickup_count_not_exactly_one|trajectory_color_disagrees_with_xp,blue,0.9816,0.9816,0.0184,0.0,False,candidate_assignment,blue,0.9816,resolved_model_assignment
1129,frame_017123,17122,17123,570.7333,570.7667,9:30.767,29,hud_ocr,0.6227,1,30,30,5,40.0,30.0,15.0,0.0,85.0,1.85,22,0.9487,1.599936,1.6096,0,1,,0,0.0,0.0,,,,,0,0,0,ab_pairs/event_01129_frames_17122_17123.jpg,pickup_count_not_exactly_one|trajectory_color_disagrees_with_xp,blue,0.9936,0.9936,0.0064,0.0,False,candidate_assignment,blue,0.9936,resolved_model_assignment
1143,frame_017238,17237,17238,574.5667,574.6,9:34.600,29,hud_ocr,0.8504,1,30,30,5,40.0,30.0,15.0,0.0,85.0,1.85,46,1.9836,3.3453314594594588,3.3655,0,0,green,1,0.9103,0.9103,17230,17237,17238,0.910,0,0,0,ab_pairs/event_01143_frames_17237_17238.jpg,adjacent_xp_event,green,0.81,0.19,0.81,0.0,False,candidate_assignment,green,0.81,resolved_model_assignment
1147,frame_017259,17258,17259,575.2667,575.3,9:35.300,29,hud_ocr,0.7108,1,30,30,5,40.0,30.0,15.0,0.0,85.0,1.85,22,0.9487,1.599936,1.6096,0,1,,0,0.0,0.0,,,,,0,0,0,ab_pairs/event_01147_frames_17258_17259.jpg,pickup_count_not_exactly_one|trajectory_color_disagrees_with_xp,blue,0.9909,0.9909,0.0091,0.0,False,candidate_assignment,blue,0.9909,resolved_model_assignment
1148,frame_017263,17262,17263,575.4,575.4333,9:35.433,29,hud_ocr,0.7062,1,30,30,5,40.0,30.0,15.0,0.0,85.0,1.85,22,0.9487,1.599936,1.6096,0,1,blue|blue,2,0.9476,0.926,17255|17255,17260|17262,17261|17263,0.904|0.948,0,0,0,ab_pairs/event_01148_frames_17262_17263.jpg,pickup_count_not_exactly_one|trajectory_color_disagrees_with_xp,blue,0.9845,0.9845,0.0155,0.0,False,candidate_assignment,blue,0.9845,resolved_model_assignment
1150,frame_017279,17278,17279,575.9333,575.9667,9:35.967,29,hud_ocr,0.7062,1,30,30,5,40.0,30.0,15.0,0.0,85.0,1.85,46,1.9836,3.3453314594594588,3.3655,0,1,blue,1,0.805,0.805,17271,17278,17279,0.805,3,0,0,ab_pairs/event_01150_frames_17278_17279.jpg,trajectory_color_disagrees_with_xp,blue,0.7493,0.7493,0.2507,0.0,False,low_confidence_review,blue,0.7493,resolved_model_assignment
1153,frame_017299,17298,17299,576.6,576.6333,9:36.633,29,hud_ocr,0.8562,1,30,30,5,40.0,30.0,15.0,0.0,85.0,1.85,24,1.0349,1.7453954594594594,1.7559,0,0,,0,0.0,0.0,,,,,2,0,0,ab_pairs/event_01153_frames_17298_17299.jpg,pickup_count_not_exactly_one|adjacent_xp_event|trajectory_color_disagrees_with_xp|multiple_same_color_pickup_candidates,blue,0.9855,0.9855,0.0145,0.0,False,candidate_assignment,blue,0.9855,resolved_model_assignment
1154,frame_017301,17300,17301,576.6667,576.7,9:36.700,29,hud_ocr,0.8562,1,30,30,5,40.0,30.0,15.0,0.0,85.0,1.85,56,2.4148,4.072578162162162,4.0972,0,1,green,1,0.9396,0.9396,17293,17300,17301,0.940,0,0,0,ab_pairs/event_01154_frames_17300_17301.jpg,heldout_green_precision_or_support_gate_failed,green,0.9393,0.0607,0.9393,0.0,False,candidate_assignment,green,0.9393,resolved_model_assignment
1163,frame_017353,17352,17353,578.4,578.4333,9:38.433,29,hud_ocr,0.6456,1,30,30,5,40.0,30.0,15.0,0.0,85.0,1.85,22,0.9487,1.599936,1.6096,0,1,,0,0.0,0.0,,,,,0,0,0,ab_pairs/event_01163_frames_17352_17353.jpg,pickup_count_not_exactly_one|trajectory_color_disagrees_with_xp,blue,0.9936,0.9936,0.0064,0.0,False,candidate_assignment,blue,0.9936,resolved_model_assignment
1165,frame_017360,17359,17360,578.6333,578.6667,9:38.667,29,hud_ocr,0.6456,1,30,30,5,40.0,30.0,15.0,0.0,85.0,1.85,22,0.9487,1.599936,1.6096,0,0,blue,1,0.8206,0.8206,17352,17359,17360,0.821,1,0,0,ab_pairs/event_01165_frames_17359_17360.jpg,adjacent_xp_event,blue,0.9974,0.9974,0.0026,0.0,False,candidate_assignment,blue,0.9974,resolved_model_assignment
1167,frame_017425,17424,17425,580.8,580.8333,9:40.833,29,hud_ocr,0.6781,1,30,30,5,40.0,30.0,15.0,0.0,85.0,1.85,36,1.5524,2.618084756756757,2.6339,0,0,,0,0.0,0.0,,,,,1,1,0,ab_pairs/event_01167_frames_17424_17425.jpg,pickup_count_not_exactly_one|adjacent_xp_event|trajectory_color_disagrees_with_xp,green,0.6606,0.3394,0.6606,0.0,False,low_confidence_review,green,0.6606,resolved_model_assignment
1169,frame_017437,17436,17437,581.2,581.2333,9:41.233,29,hud_ocr,0.8081,1,30,30,5,40.0,30.0,15.0,0.0,85.0,1.85,24,1.0349,1.7453954594594594,1.7559,0,1,,0,0.0,0.0,,,,,1,0,0,ab_pairs/event_01169_frames_17436_17437.jpg,pickup_count_not_exactly_one|trajectory_color_disagrees_with_xp,blue,0.9862,0.9862,0.0138,0.0,False,candidate_assignment,blue,0.9862,resolved_model_assignment
1176,frame_017535,17534,17535,584.4667,584.5,9:44.500,29,hud_ocr,0.8369,1,30,30,5,40.0,30.0,15.0,0.0,85.0,1.85,44,1.8974,3.1998888648648647,3.2192,0,1,,0,0.0,0.0,,,,,0,0,0,ab_pairs/event_01176_frames_17534_17535.jpg,pickup_count_not_exactly_one|trajectory_color_disagrees_with_xp,blue,0.5472,0.5472,0.4528,0.0,False,low_confidence_review,blue,0.5472,resolved_model_assignment
1179,frame_017575,17574,17575,585.8,585.8333,9:45.833,29,hud_ocr,0.8647,1,30,30,5,40.0,30.0,15.0,0.0,85.0,1.85,34,1.4661,2.472642162162162,2.4876,0,1,blue,1,0.9681,0.9681,17567,17574,17575,0.968,0,0,0,ab_pairs/event_01179_frames_17574_17575.jpg,trajectory_color_disagrees_with_xp,blue,0.6806,0.6806,0.3194,0.0,False,low_confidence_review,blue,0.6806,resolved_model_assignment
1189,frame_017619,17618,17619,587.2667,587.3,9:47.300,29,hud_ocr,0.7899,1,30,30,5,40.0,30.0,15.0,0.0,85.0,1.85,22,0.9487,1.599936,1.6096,0,0,blue,1,0.8426,0.8426,17611,17616,17617,0.843,0,0,0,ab_pairs/event_01189_frames_17618_17619.jpg,adjacent_xp_event,blue,0.9571,0.9571,0.0429,0.0,False,candidate_assignment,blue,0.9571,resolved_model_assignment
1190,frame_017620,17619,17620,587.3,587.3333,9:47.333,29,hud_ocr,0.7899,1,30,30,5,40.0,30.0,15.0,0.0,85.0,1.85,24,1.0349,1.7453954594594594,1.7559,0,0,blue,1,0.9188,0.9188,17612,17619,17620,0.919,4,0,0,ab_pairs/event_01190_frames_17619_17620.jpg,adjacent_xp_event|multiple_same_color_pickup_candidates,blue,0.9587,0.9587,0.0413,0.0,False,candidate_assignment,blue,0.9587,resolved_model_assignment
1197,frame_017661,17660,17661,588.6667,588.7,9:48.700,29,hud_ocr,0.6373,1,30,30,5,40.0,30.0,15.0,0.0,85.0,1.85,24,1.0349,1.7453954594594594,1.7559,0,1,,0,0.0,0.0,,,,,0,0,0,ab_pairs/event_01197_frames_17660_17661.jpg,pickup_count_not_exactly_one|trajectory_color_disagrees_with_xp,blue,0.98,0.98,0.02,0.0,False,candidate_assignment,blue,0.98,resolved_model_assignment
1198,frame_017679,17678,17679,589.2667,589.3,9:49.300,29,hud_ocr,0.8161,1,30,30,5,40.0,30.0,15.0,0.0,85.0,1.85,22,0.9487,1.599936,1.6096,0,1,,0,0.0,0.0,,,,,0,0,0,ab_pairs/event_01198_frames_17678_17679.jpg,pickup_count_not_exactly_one|trajectory_color_disagrees_with_xp,blue,0.9931,0.9931,0.0069,0.0,False,candidate_assignment,blue,0.9931,resolved_model_assignment
1199,frame_017689,17688,17689,589.6,589.6333,9:49.633,29,hud_ocr,0.8242,1,30,30,5,40.0,30.0,15.0,0.0,85.0,1.85,34,1.4661,2.472642162162162,2.4876,0,1,green,1,0.8653,0.8653,17681,17686,17687,0.865,0,1,0,ab_pairs/event_01199_frames_17688_17689.jpg,heldout_green_precision_or_support_gate_failed,green,0.8695,0.1305,0.8695,0.0,False,candidate_assignment,green,0.8695,resolved_model_assignment
1218,frame_018214,18213,18214,607.1,607.1333,10:07.133,30,hud_ocr,0.8661,1,31,31,5,40.0,30.0,15.0,0.0,85.0,1.85,34,1.4661,2.575668918918919,2.5912,0,1,green,1,0.9089,0.9089,18207,18212,18213,0.909,0,0,0,ab_pairs/event_01218_frames_18213_18214.jpg,heldout_green_precision_or_support_gate_failed,green,0.7847,0.2153,0.7847,0.0,False,low_confidence_review,green,0.7847,resolved_model_assignment
1220,frame_018274,18273,18274,609.1,609.1333,10:09.133,30,hud_ocr,0.9055,1,31,31,5,40.0,30.0,15.0,0.0,85.0,1.85,34,1.4661,2.575668918918919,2.5912,0,1,,0,0.0,0.0,,,,,1,0,0,ab_pairs/event_01220_frames_18273_18274.jpg,pickup_count_not_exactly_one|trajectory_color_disagrees_with_xp,blue,0.8116,0.8116,0.1884,0.0,False,candidate_assignment,blue,0.8116,resolved_model_assignment
1226,frame_018409,18408,18409,613.6,613.6333,10:13.633,30,hud_ocr,0.8671,1,31,31,5,40.0,30.0,15.0,0.0,85.0,1.85,22,0.9487,1.6666,1.6767,0,0,,0,0.0,0.0,,,,,1,0,0,ab_pairs/event_01226_frames_18408_18409.jpg,pickup_count_not_exactly_one|adjacent_xp_event|trajectory_color_disagrees_with_xp,blue,0.9882,0.9882,0.0118,0.0,False,candidate_assignment,blue,0.9882,resolved_model_assignment
1231,frame_018495,18494,18495,616.4667,616.5,10:16.500,30,hud_ocr,0.8894,1,31,31,5,40.0,30.0,15.0,0.0,85.0,1.85,22,0.9487,1.6666,1.6767,0,0,,0,0.0,0.0,,,,,0,0,0,ab_pairs/event_01231_frames_18494_18495.jpg,pickup_count_not_exactly_one|adjacent_xp_event|trajectory_color_disagrees_with_xp,blue,0.9756,0.9756,0.0244,0.0,False,candidate_assignment,blue,0.9756,resolved_model_assignment
1243,frame_018536,18535,18536,617.8333,617.8667,10:17.867,30,hud_ocr,0.8556,1,31,31,5,40.0,30.0,15.0,0.0,85.0,1.85,22,0.9487,1.6666,1.6767,0,1,blue,1,0.7832,0.7832,18530,18535,18536,0.783,3,0,0,ab_pairs/event_01243_frames_18535_18536.jpg,multiple_same_color_pickup_candidates,blue,0.9841,0.9841,0.0159,0.0,False,candidate_assignment,blue,0.9841,resolved_model_assignment
1245,frame_018546,18545,18546,618.1667,618.2,10:18.200,30,hud_ocr,0.9877,1,31,31,5,40.0,30.0,15.0,0.0,85.0,1.85,22,0.9487,1.6666,1.6767,0,1,,0,0.0,0.0,,,,,1,0,0,ab_pairs/event_01245_frames_18545_18546.jpg,pickup_count_not_exactly_one|trajectory_color_disagrees_with_xp,blue,0.9875,0.9875,0.0125,0.0,False,candidate_assignment,blue,0.9875,resolved_model_assignment
1247,frame_018549,18548,18549,618.2667,618.3,10:18.300,30,hud_ocr,0.9877,1,31,31,5,40.0,30.0,15.0,0.0,85.0,1.85,22,0.9487,1.6666,1.6767,0,0,,0,0.0,0.0,,,,,1,0,0,ab_pairs/event_01247_frames_18548_18549.jpg,pickup_count_not_exactly_one|adjacent_xp_event|trajectory_color_disagrees_with_xp,blue,0.9849,0.9849,0.0151,0.0,False,candidate_assignment,blue,0.9849,resolved_model_assignment
1248,frame_018550,18549,18550,618.3,618.3333,10:18.333,30,hud_ocr,0.9877,1,31,31,5,40.0,30.0,15.0,0.0,85.0,1.85,32,1.3799,2.424166216216216,2.4388,0,0,,0,0.0,0.0,,,,,1,0,0,ab_pairs/event_01248_frames_18549_18550.jpg,pickup_count_not_exactly_one|adjacent_xp_event|trajectory_color_disagrees_with_xp,blue,0.8518,0.8518,0.1482,0.0,False,candidate_assignment,blue,0.8518,resolved_model_assignment
1252,frame_018560,18559,18560,618.6333,618.6667,10:18.667,30,hud_ocr,0.9877,1,31,31,5,40.0,30.0,15.0,0.0,85.0,1.85,34,1.4661,2.575668918918919,2.5912,0,1,,0,0.0,0.0,,,,,1,0,0,ab_pairs/event_01252_frames_18559_18560.jpg,pickup_count_not_exactly_one|trajectory_color_disagrees_with_xp,blue,0.8473,0.8473,0.1527,0.0,False,candidate_assignment,blue,0.8473,resolved_model_assignment
1256,frame_018608,18607,18608,620.2333,620.2667,10:20.267,30,hud_ocr,0.8959,1,31,31,5,40.0,30.0,15.0,0.0,85.0,1.85,56,2.4148,4.242268918918919,4.2679,0,1,,0,0.0,0.0,,,,,0,0,0,ab_pairs/event_01256_frames_18607_18608.jpg,pickup_count_not_exactly_one|trajectory_color_disagrees_with_xp,green,0.5708,0.4292,0.5708,0.0,False,low_confidence_review,green,0.5708,resolved_model_assignment
1260,frame_018748,18747,18748,624.9,624.9333,10:24.933,30,hud_ocr,0.9873,1,31,31,5,40.0,30.0,15.0,0.0,85.0,1.85,22,0.9487,1.6666,1.6767,0,1,,0,0.0,0.0,,,,,0,0,0,ab_pairs/event_01260_frames_18747_18748.jpg,pickup_count_not_exactly_one|trajectory_color_disagrees_with_xp,blue,0.9667,0.9667,0.0333,0.0,False,candidate_assignment,blue,0.9667,resolved_model_assignment
1262,frame_018766,18765,18766,625.5,625.5333,10:25.533,30,hud_ocr,0.9252,1,31,31,5,40.0,30.0,15.0,0.0,85.0,1.85,44,1.8974,3.3332175675675675,3.3533,0,1,,0,0.0,0.0,,,,,0,0,0,ab_pairs/event_01262_frames_18765_18766.jpg,pickup_count_not_exactly_one|trajectory_color_disagrees_with_xp,green,0.51,0.49,0.51,0.0,False,low_confidence_review,green,0.51,resolved_model_assignment
1267,frame_018803,18802,18803,626.7333,626.7667,10:26.767,30,hud_ocr,0.9098,1,31,31,5,40.0,30.0,15.0,0.0,85.0,1.85,22,0.9487,1.6666,1.6767,0,0,,0,0.0,0.0,,,,,0,0,0,ab_pairs/event_01267_frames_18802_18803.jpg,pickup_count_not_exactly_one|adjacent_xp_event|trajectory_color_disagrees_with_xp,blue,0.9773,0.9773,0.0227,0.0,False,candidate_assignment,blue,0.9773,resolved_model_assignment
1268,frame_018813,18812,18813,627.0667,627.1,10:27.100,30,hud_ocr,0.9577,1,31,31,5,40.0,30.0,15.0,0.0,85.0,1.85,22,0.9487,1.6666,1.6767,0,1,,0,0.0,0.0,,,,,0,0,0,ab_pairs/event_01268_frames_18812_18813.jpg,pickup_count_not_exactly_one|trajectory_color_disagrees_with_xp,blue,0.978,0.978,0.022,0.0,False,candidate_assignment,blue,0.978,resolved_model_assignment
1272,frame_018850,18849,18850,628.3,628.3333,10:28.333,30,hud_ocr,0.8927,1,31,31,5,40.0,30.0,15.0,0.0,85.0,1.85,22,0.9487,1.6666,1.6767,0,1,,0,0.0,0.0,,,,,0,0,0,ab_pairs/event_01272_frames_18849_18850.jpg,pickup_count_not_exactly_one|trajectory_color_disagrees_with_xp,blue,0.9767,0.9767,0.0233,0.0,False,candidate_assignment,blue,0.9767,resolved_model_assignment
1278,frame_018904,18903,18904,630.1,630.1333,10:30.133,30,hud_ocr,0.8185,1,31,31,5,40.0,30.0,15.0,0.0,85.0,1.85,22,0.9487,1.6666,1.6767,0,0,blue,1,0.8854,0.8854,18896,18903,18904,0.885,6,0,0,ab_pairs/event_01278_frames_18903_18904.jpg,adjacent_xp_event|multiple_same_color_pickup_candidates,blue,0.9843,0.9843,0.0157,0.0,False,candidate_assignment,blue,0.9843,resolved_model_assignment
1279,frame_018920,18919,18920,630.6333,630.6667,10:30.667,30,hud_ocr,0.8185,1,31,31,5,40.0,30.0,15.0,0.0,85.0,1.85,22,0.9487,1.6666,1.6767,0,1,blue,1,0.9472,0.9472,18912,18919,18920,0.947,4,0,0,ab_pairs/event_01279_frames_18919_18920.jpg,multiple_same_color_pickup_candidates,blue,0.9811,0.9811,0.0189,0.0,False,candidate_assignment,blue,0.9811,resolved_model_assignment
1284,frame_018982,18981,18982,632.7,632.7333,10:32.733,30,hud_ocr,0.8907,1,31,31,5,40.0,30.0,15.0,0.0,85.0,1.85,22,0.9487,1.6666,1.6767,0,1,blue,1,0.8184,0.8184,18974,18981,18982,0.818,5,0,0,ab_pairs/event_01284_frames_18981_18982.jpg,multiple_same_color_pickup_candidates,blue,0.9748,0.9748,0.0252,0.0,False,candidate_assignment,blue,0.9748,resolved_model_assignment
1289,frame_019081,19080,19081,636.0,636.0333,10:36.033,30,hud_ocr,0.932,1,31,31,5,40.0,30.0,15.0,0.0,85.0,1.85,44,1.8974,3.3332175675675675,3.3533,0,1,,0,0.0,0.0,,,,,0,0,0,ab_pairs/event_01289_frames_19080_19081.jpg,pickup_count_not_exactly_one|trajectory_color_disagrees_with_xp,blue,0.5415,0.5415,0.4585,0.0,False,low_confidence_review,blue,0.5415,resolved_model_assignment
1290,frame_019085,19084,19085,636.1333,636.1667,10:36.167,30,hud_ocr,0.932,1,31,31,5,40.0,30.0,15.0,0.0,85.0,1.85,22,0.9487,1.6666,1.6767,0,1,,0,0.0,0.0,,,,,1,0,0,ab_pairs/event_01290_frames_19084_19085.jpg,pickup_count_not_exactly_one|trajectory_color_disagrees_with_xp,blue,0.9911,0.9911,0.0089,0.0,False,candidate_assignment,blue,0.9911,resolved_model_assignment
1293,frame_019093,19092,19093,636.4,636.4333,10:36.433,30,hud_ocr,0.932,1,31,31,5,40.0,30.0,15.0,0.0,85.0,1.85,22,0.9487,1.6666,1.6767,0,1,,0,0.0,0.0,,,,,0,0,0,ab_pairs/event_01293_frames_19092_19093.jpg,pickup_count_not_exactly_one|trajectory_color_disagrees_with_xp,blue,0.9796,0.9796,0.0204,0.0,False,candidate_assignment,blue,0.9796,resolved_model_assignment
1295,frame_019115,19114,19115,637.1333,637.1667,10:37.167,30,hud_ocr,0.7948,1,31,31,5,40.0,30.0,15.0,0.0,85.0,1.85,34,1.4661,2.575668918918919,2.5912,0,1,blue,1,0.9503,0.9503,19107,19114,19115,0.950,1,0,0,ab_pairs/event_01295_frames_19114_19115.jpg,trajectory_color_disagrees_with_xp,blue,0.8016,0.8016,0.1984,0.0,False,candidate_assignment,blue,0.8016,resolved_model_assignment
1296,frame_019119,19118,19119,637.2667,637.3,10:37.300,30,hud_ocr,0.7948,1,31,31,5,40.0,30.0,15.0,0.0,85.0,1.85,22,0.9487,1.6666,1.6767,0,1,,0,0.0,0.0,,,,,0,0,0,ab_pairs/event_01296_frames_19118_19119.jpg,pickup_count_not_exactly_one|trajectory_color_disagrees_with_xp,blue,0.9791,0.9791,0.0209,0.0,False,candidate_assignment,blue,0.9791,resolved_model_assignment
1300,frame_019169,19168,19169,638.9333,638.9667,10:38.967,30,hud_ocr,0.9571,1,31,31,5,40.0,30.0,15.0,0.0,85.0,1.85,22,0.9487,1.6666,1.6767,0,1,,0,0.0,0.0,,,,,0,0,0,ab_pairs/event_01300_frames_19168_19169.jpg,pickup_count_not_exactly_one|trajectory_color_disagrees_with_xp,blue,0.9551,0.9551,0.0449,0.0,False,candidate_assignment,blue,0.9551,resolved_model_assignment
1303,frame_019184,19183,19184,639.4333,639.4667,10:39.467,30,hud_ocr,0.9994,1,31,31,5,40.0,30.0,15.0,0.0,85.0,1.85,42,1.8111,3.1817148648648645,3.2009,0,1,,0,0.0,0.0,,,,,0,1,0,ab_pairs/event_01303_frames_19183_19184.jpg,pickup_count_not_exactly_one|trajectory_color_disagrees_with_xp,green,0.8433,0.1567,0.8433,0.0,False,candidate_assignment,green,0.8433,resolved_model_assignment
1304,frame_019186,19185,19186,639.5,639.5333,10:39.533,30,previous_hud_ocr_fallback,0.5709,0,31,31,5,40.0,30.0,15.0,0.0,85.0,1.85,24,1.0349,1.8181202702702703,1.8291,0,1,,0,0.0,0.0,,,,,2,0,0,ab_pairs/event_01304_frames_19185_19186.jpg,pickup_count_not_exactly_one|trajectory_color_disagrees_with_xp|multiple_same_color_pickup_candidates|hud_level_not_directly_confirmed,blue,0.917,0.917,0.083,0.0,False,candidate_assignment,blue,0.917,resolved_model_assignment
1305,frame_019300,19299,19300,643.3,643.3333,10:43.333,31,hud_ocr,0.9999,1,32,32,5,40.0,30.0,15.0,0.0,85.0,1.85,44,1.8974,3.46654627027027,3.4875,0,1,,0,0.0,0.0,,,,,1,0,0,ab_pairs/event_01305_frames_19299_19300.jpg,pickup_count_not_exactly_one|trajectory_color_disagrees_with_xp,blue,0.7835,0.7835,0.2165,0.0,False,low_confidence_review,blue,0.7835,resolved_model_assignment
1308,frame_019322,19321,19322,644.0333,644.0667,10:44.067,31,hud_ocr,0.9903,1,32,32,5,40.0,30.0,15.0,0.0,85.0,1.85,22,0.9487,1.733264,1.7437,0,1,,0,0.0,0.0,,,,,0,0,0,ab_pairs/event_01308_frames_19321_19322.jpg,pickup_count_not_exactly_one|trajectory_color_disagrees_with_xp,blue,0.9759,0.9759,0.0241,0.0,False,candidate_assignment,blue,0.9759,resolved_model_assignment
1312,frame_019374,19373,19374,645.7667,645.8,10:45.800,31,hud_ocr,0.999,1,32,32,5,40.0,30.0,15.0,0.0,85.0,1.85,22,0.9487,1.733264,1.7437,0,0,,0,0.0,0.0,,,,,1,0,0,ab_pairs/event_01312_frames_19373_19374.jpg,pickup_count_not_exactly_one|adjacent_xp_event|trajectory_color_disagrees_with_xp,blue,0.984,0.984,0.016,0.0,False,candidate_assignment,blue,0.984,resolved_model_assignment
1317,frame_019441,19440,19441,648.0,648.0333,10:48.033,31,hud_ocr,0.9992,1,32,32,5,40.0,30.0,15.0,0.0,85.0,1.85,22,0.9487,1.733264,1.7437,0,1,,0,0.0,0.0,,,,,1,0,0,ab_pairs/event_01317_frames_19440_19441.jpg,pickup_count_not_exactly_one|trajectory_color_disagrees_with_xp,blue,0.9926,0.9926,0.0074,0.0,False,candidate_assignment,blue,0.9926,resolved_model_assignment
1322,frame_019504,19503,19504,650.1,650.1333,10:50.133,31,hud_ocr,0.9999,1,32,32,5,40.0,30.0,15.0,0.0,85.0,1.85,22,0.9487,1.733264,1.7437,0,1,blue|blue|blue,3,0.9582,0.9157,19496|19496|19496,19501|19501|19503,19502|19502|19504,0.955|0.833|0.958,0,0,0,ab_pairs/event_01322_frames_19503_19504.jpg,pickup_count_not_exactly_one|trajectory_color_disagrees_with_xp,blue,0.9448,0.9448,0.0552,0.0,False,candidate_assignment,blue,0.9448,resolved_model_assignment
1324,frame_019615,19614,19615,653.8,653.8333,10:53.833,31,hud_ocr,0.9999,1,32,32,5,40.0,30.0,15.0,0.0,85.0,1.85,32,1.3799,2.5211328648648648,2.5364,0,1,green,1,0.948,0.948,19607,19614,19615,0.948,0,1,0,ab_pairs/event_01324_frames_19614_19615.jpg,heldout_green_precision_or_support_gate_failed,green,0.9893,0.0107,0.9893,0.0,False,candidate_assignment,green,0.9893,resolved_model_assignment
1329,frame_019636,19635,19636,654.5,654.5333,10:54.533,31,hud_ocr,0.9981,1,32,32,5,40.0,30.0,15.0,0.0,85.0,1.85,52,2.2423,4.096834054054053,4.1216,0,1,blue|green,2,0.9612,0.9511,19628|19628,19633|19635,19634|19636,0.961|0.941,3,0,0,ab_pairs/event_01329_frames_19635_19636.jpg,pickup_count_not_exactly_one|trajectory_color_disagrees_with_xp,green,0.8446,0.1554,0.8446,0.0,False,candidate_assignment,green,0.8446,resolved_model_assignment
1331,frame_019640,19639,19640,654.6333,654.6667,10:54.667,31,hud_ocr,0.998,1,32,32,5,40.0,30.0,15.0,0.0,85.0,1.85,44,1.8974,3.46654627027027,3.4875,0,1,,0,0.0,0.0,,,,,0,0,0,ab_pairs/event_01331_frames_19639_19640.jpg,pickup_count_not_exactly_one|trajectory_color_disagrees_with_xp,green,0.5388,0.4612,0.5388,0.0,False,low_confidence_review,green,0.5388,resolved_model_assignment
1334,frame_019646,19645,19646,654.8333,654.8667,10:54.867,31,hud_ocr,0.9981,1,32,32,5,40.0,30.0,15.0,0.0,85.0,1.85,44,1.8974,3.46654627027027,3.4875,0,0,,0,0.0,0.0,,,,,5,0,0,ab_pairs/event_01334_frames_19645_19646.jpg,pickup_count_not_exactly_one|adjacent_xp_event|trajectory_color_disagrees_with_xp,blue,0.7178,0.7178,0.2822,0.0,False,low_confidence_review,blue,0.7178,resolved_model_assignment
1338,frame_019671,19670,19671,655.6667,655.7,10:55.700,31,hud_ocr,0.9972,1,32,32,5,40.0,30.0,15.0,0.0,85.0,1.85,42,1.8111,3.3089834594594594,3.329,0,1,green,1,0.9133,0.9133,19663,19670,19671,0.913,1,0,0,ab_pairs/event_01338_frames_19670_19671.jpg,heldout_green_precision_or_support_gate_failed,green,0.7598,0.2402,0.7598,0.0,False,low_confidence_review,green,0.7598,resolved_model_assignment
1345,frame_020321,20320,20321,677.3333,677.3667,11:17.367,31,hud_ocr,0.9958,1,32,32,5,40.0,30.0,15.0,0.0,85.0,1.85,416,17.9388,32.77461762162162,32.9725,0,1,red,1,0.9328,0.9328,20313,20318,20319,0.933,0,0,0,ab_pairs/event_01345_frames_20320_20321.jpg,heldout_red_precision_or_support_gate_failed,red,0.9765,0.0,0.0,0.9765,False,red_review_required,red,0.9765,resolved_model_assignment
1346,frame_020344,20343,20344,678.1,678.1333,11:18.133,31,hud_ocr,0.9964,1,32,32,5,40.0,30.0,15.0,0.0,85.0,1.85,22,0.9487,1.733264,1.7437,0,1,,0,0.0,0.0,,,,,0,0,0,ab_pairs/event_01346_frames_20343_20344.jpg,pickup_count_not_exactly_one|trajectory_color_disagrees_with_xp,blue,0.9639,0.9639,0.0361,0.0,False,candidate_assignment,blue,0.9639,resolved_model_assignment
1352,frame_020391,20390,20391,679.6667,679.7,11:19.700,31,hud_ocr,0.9999,1,32,32,5,40.0,30.0,15.0,0.0,85.0,1.85,32,1.3799,2.5211328648648648,2.5364,0,0,,0,0.0,0.0,,,,,0,0,0,ab_pairs/event_01352_frames_20390_20391.jpg,pickup_count_not_exactly_one|adjacent_xp_event|trajectory_color_disagrees_with_xp,blue,0.6091,0.6091,0.3909,0.0,False,low_confidence_review,blue,0.6091,resolved_model_assignment
1354,frame_020401,20400,20401,680.0,680.0333,11:20.033,31,hud_ocr,0.9992,1,32,32,5,40.0,30.0,15.0,0.0,85.0,1.85,42,1.8111,3.3089834594594594,3.329,0,1,green,1,0.9026,0.9026,20393,20398,20399,0.903,0,0,0,ab_pairs/event_01354_frames_20400_20401.jpg,heldout_green_precision_or_support_gate_failed,green,0.7936,0.2064,0.7936,0.0,False,low_confidence_review,green,0.7936,resolved_model_assignment
1356,frame_020414,20413,20414,680.4333,680.4667,11:20.467,31,hud_ocr,0.9992,1,32,32,5,40.0,30.0,15.0,0.0,85.0,1.85,32,1.3799,2.5211328648648648,2.5364,0,1,blue|blue,2,0.8511,0.8454,20406|20408,20413|20413,20414|20414,0.851|0.840,1,1,0,ab_pairs/event_01356_frames_20413_20414.jpg,pickup_count_not_exactly_one|trajectory_color_disagrees_with_xp,green,0.5799,0.4201,0.5799,0.0,False,low_confidence_review,green,0.5799,resolved_model_assignment
1359,frame_020424,20423,20424,680.7667,680.8,11:20.800,31,hud_ocr,0.9992,1,32,32,5,40.0,30.0,15.0,0.0,85.0,1.85,22,0.9487,1.733264,1.7437,0,0,,0,0.0,0.0,,,,,0,0,0,ab_pairs/event_01359_frames_20423_20424.jpg,pickup_count_not_exactly_one|adjacent_xp_event|trajectory_color_disagrees_with_xp,blue,0.9763,0.9763,0.0237,0.0,False,candidate_assignment,blue,0.9763,resolved_model_assignment
1364,frame_020481,20480,20481,682.6667,682.7,11:22.700,31,hud_ocr,0.9988,1,32,32,5,40.0,30.0,15.0,0.0,85.0,1.85,44,1.8974,3.46654627027027,3.4875,0,0,,0,0.0,0.0,,,,,0,0,0,ab_pairs/event_01364_frames_20480_20481.jpg,pickup_count_not_exactly_one|adjacent_xp_event|trajectory_color_disagrees_with_xp,blue,0.5194,0.5194,0.4806,0.0,False,low_confidence_review,blue,0.5194,resolved_model_assignment
1366,frame_020485,20484,20485,682.8,682.8333,11:22.833,31,hud_ocr,0.9699,1,32,32,5,40.0,30.0,15.0,0.0,85.0,1.85,22,0.9487,1.733264,1.7437,0,0,,0,0.0,0.0,,,,,0,0,0,ab_pairs/event_01366_frames_20484_20485.jpg,pickup_count_not_exactly_one|adjacent_xp_event|trajectory_color_disagrees_with_xp,blue,0.9457,0.9457,0.0543,0.0,False,candidate_assignment,blue,0.9457,resolved_model_assignment
1370,frame_020583,20582,20583,686.0667,686.1,11:26.100,32,hud_ocr,0.5627,1,33,33,5,40.0,30.0,15.0,0.0,85.0,1.85,52,2.2423,4.254404594594594,4.2801,0,1,blue,1,0.8353,0.8353,20575,20580,20581,0.835,0,0,0,ab_pairs/event_01370_frames_20582_20583.jpg,trajectory_color_disagrees_with_xp,blue,0.5022,0.5022,0.4978,0.0,False,low_confidence_review,blue,0.5022,resolved_model_assignment
1381,frame_020649,20648,20649,688.2667,688.3,11:28.300,32,hud_ocr,0.8344,1,33,33,5,40.0,30.0,15.0,0.0,85.0,1.85,42,1.8111,3.436252054054054,3.457,0,0,green,1,0.928,0.928,20643,20647,20648,0.928,0,0,0,ab_pairs/event_01381_frames_20648_20649.jpg,adjacent_xp_event,green,0.8724,0.1276,0.8724,0.0,False,candidate_assignment,green,0.8724,resolved_model_assignment
1386,frame_020714,20713,20714,690.4333,690.4667,11:30.467,32,hud_ocr,1.0,1,33,33,5,40.0,30.0,15.0,0.0,85.0,1.85,32,1.3799,2.6180995135135134,2.6339,0,0,,0,0.0,0.0,,,,,0,0,0,ab_pairs/event_01386_frames_20713_20714.jpg,pickup_count_not_exactly_one|adjacent_xp_event|trajectory_color_disagrees_with_xp,blue,0.7425,0.7425,0.2575,0.0,False,low_confidence_review,blue,0.7425,resolved_model_assignment
1393,frame_020748,20747,20748,691.5667,691.6,11:31.600,32,hud_ocr,1.0,1,33,33,5,40.0,30.0,15.0,0.0,85.0,1.85,32,1.3799,2.6180995135135134,2.6339,0,0,,0,0.0,0.0,,,,,0,0,0,ab_pairs/event_01393_frames_20747_20748.jpg,pickup_count_not_exactly_one|adjacent_xp_event|trajectory_color_disagrees_with_xp,blue,0.7603,0.7603,0.2397,0.0,False,low_confidence_review,blue,0.7603,resolved_model_assignment
1407,frame_020779,20778,20779,692.6,692.6333,11:32.633,32,hud_ocr,0.6889,1,33,33,5,40.0,30.0,15.0,0.0,85.0,1.85,42,1.8111,3.436252054054054,3.457,0,0,green,1,0.9505,0.9505,20773,20778,20779,0.950,1,0,0,ab_pairs/event_01407_frames_20778_20779.jpg,adjacent_xp_event,green,0.695,0.305,0.695,0.0,False,low_confidence_review,green,0.695,resolved_model_assignment
1410,frame_020782,20781,20782,692.7,692.7333,11:32.733,32,hud_ocr,0.6889,1,33,33,5,40.0,30.0,15.0,0.0,85.0,1.85,40,1.7249,3.272610162162162,3.2924,0,0,,0,0.0,0.0,,,,,0,0,0,ab_pairs/event_01410_frames_20781_20782.jpg,pickup_count_not_exactly_one|adjacent_xp_event|trajectory_color_disagrees_with_xp,blue,0.6156,0.6156,0.3844,0.0,False,low_confidence_review,blue,0.6156,resolved_model_assignment
1414,frame_020786,20785,20786,692.8333,692.8667,11:32.867,32,hud_ocr,0.6889,1,33,33,5,40.0,30.0,15.0,0.0,85.0,1.85,92,3.9672,7.527014756756756,7.5724,0,0,,0,0.0,0.0,,,,,0,0,0,ab_pairs/event_01414_frames_20785_20786.jpg,pickup_count_not_exactly_one|adjacent_xp_event|trajectory_color_disagrees_with_xp,blue,0.6013,0.6013,0.3987,0.0,False,low_confidence_review,blue,0.6013,resolved_model_assignment
1416,frame_020831,20830,20831,694.3333,694.3667,11:34.367,33,hud_ocr,0.9952,1,34,34,5,40.0,30.0,15.0,0.0,85.0,1.85,140,6.0371,11.878362810810811,11.9501,0,0,,0,0.0,0.0,,,,,1,0,0,ab_pairs/event_01416_frames_20830_20831.jpg,pickup_count_not_exactly_one|adjacent_xp_event|trajectory_color_disagrees_with_xp,blue,0.822,0.822,0.178,0.0,False,candidate_assignment,blue,0.822,resolved_model_assignment
1417,frame_020832,20831,20832,694.3667,694.4,11:34.400,33,hud_ocr,0.9951,1,34,34,5,40.0,30.0,15.0,0.0,85.0,1.85,130,5.6059,11.029908324324325,11.0965,0,0,,0,0.0,0.0,,,,,0,2,0,ab_pairs/event_01417_frames_20831_20832.jpg,pickup_count_not_exactly_one|adjacent_xp_event|trajectory_color_disagrees_with_xp,green,0.7706,0.2294,0.7706,0.0,False,low_confidence_review,green,0.7706,resolved_model_assignment
1418,frame_020833,20832,20833,694.4,694.4333,11:34.433,33,hud_ocr,0.9951,1,34,34,5,40.0,30.0,15.0,0.0,85.0,1.85,120,5.1746,10.181453837837836,10.2429,0,0,green,1,0.9484,0.9484,20830,20832,20833,0.948,4,1,0,ab_pairs/event_01418_frames_20832_20833.jpg,adjacent_xp_event|trajectory_color_disagrees_with_xp,green,0.8437,0.1563,0.8437,0.0,False,candidate_assignment,green,0.8437,resolved_model_assignment
1419,frame_020834,20833,20834,694.4333,694.4667,11:34.467,33,hud_ocr,0.9951,1,34,34,5,40.0,30.0,15.0,0.0,85.0,1.85,170,7.3307,14.423745945945946,14.5108,0,0,blue|blue,2,0.9137,0.8682,20830|20830,20833|20833,20834|20834,0.914|0.823,0,0,0,ab_pairs/event_01419_frames_20833_20834.jpg,pickup_count_not_exactly_one|adjacent_xp_event|trajectory_color_disagrees_with_xp,blue,0.5939,0.5939,0.4061,0.0,False,low_confidence_review,blue,0.5939,resolved_model_assignment
1420,frame_020835,20834,20835,694.4667,694.5,11:34.500,33,hud_ocr,0.9951,1,34,34,5,40.0,30.0,15.0,0.0,85.0,1.85,100,4.3122,8.484544864864864,8.5358,0,0,green,1,0.9353,0.9353,20830,20834,20835,0.935,3,1,0,ab_pairs/event_01420_frames_20834_20835.jpg,adjacent_xp_event|trajectory_color_disagrees_with_xp,green,0.8999,0.1001,0.8999,0.0,False,candidate_assignment,green,0.8999,resolved_model_assignment
1422,frame_020837,20836,20837,694.5333,694.5667,11:34.567,33,hud_ocr,0.9951,1,34,34,5,40.0,30.0,15.0,0.0,85.0,1.85,42,1.8111,3.5635206486486486,3.585,0,0,,0,0.0,0.0,,,,,0,0,0,ab_pairs/event_01422_frames_20836_20837.jpg,pickup_count_not_exactly_one|adjacent_xp_event|trajectory_color_disagrees_with_xp,blue,0.6341,0.6341,0.3659,0.0,False,low_confidence_review,blue,0.6341,resolved_model_assignment
1423,frame_020838,20837,20838,694.5667,694.6,11:34.600,33,hud_ocr,0.9951,1,34,34,5,40.0,30.0,15.0,0.0,85.0,1.85,80,3.4498,6.787635891891893,6.8286,0,0,,0,0.0,0.0,,,,,0,0,0,ab_pairs/event_01423_frames_20837_20838.jpg,pickup_count_not_exactly_one|adjacent_xp_event|trajectory_color_disagrees_with_xp,blue,0.617,0.617,0.383,0.0,False,low_confidence_review,blue,0.617,resolved_model_assignment
1424,frame_020839,20838,20839,694.6,694.6333,11:34.633,33,hud_ocr,0.9951,1,34,34,5,40.0,30.0,15.0,0.0,85.0,1.85,120,5.1746,10.181453837837836,10.2429,0,0,blue,1,0.7497,0.7497,20831,20838,20839,0.750,4,0,0,ab_pairs/event_01424_frames_20838_20839.jpg,adjacent_xp_event|trajectory_color_disagrees_with_xp,blue,0.7883,0.7883,0.2117,0.0,False,low_confidence_review,blue,0.7883,resolved_model_assignment
1425,frame_020840,20839,20840,694.6333,694.6667,11:34.667,33,hud_ocr,0.9951,1,34,34,5,40.0,30.0,15.0,0.0,85.0,1.85,180,7.762,15.272200432432431,15.3644,0,0,,0,0.0,0.0,,,,,0,0,0,ab_pairs/event_01425_frames_20839_20840.jpg,pickup_count_not_exactly_one|adjacent_xp_event|trajectory_color_disagrees_with_xp,blue,0.5941,0.5941,0.4059,0.0,False,low_confidence_review,blue,0.5941,resolved_model_assignment
1426,frame_020841,20840,20841,694.6667,694.7,11:34.700,33,hud_ocr,0.9951,1,34,34,5,40.0,30.0,15.0,0.0,85.0,1.85,50,2.1561,4.242272432432432,4.2679,0,0,,0,0.0,0.0,,,,,0,0,0,ab_pairs/event_01426_frames_20840_20841.jpg,pickup_count_not_exactly_one|adjacent_xp_event|trajectory_color_disagrees_with_xp,blue,0.6446,0.6446,0.3554,0.0,False,low_confidence_review,blue,0.6446,resolved_model_assignment
1427,frame_020842,20841,20842,694.7,694.7333,11:34.733,33,hud_ocr,0.9951,1,34,34,5,40.0,30.0,15.0,0.0,85.0,1.85,70,3.0185,5.939181405405406,5.975,0,0,blue,1,0.8217,0.8217,20834,20841,20842,0.822,4,0,0,ab_pairs/event_01427_frames_20841_20842.jpg,adjacent_xp_event|trajectory_color_disagrees_with_xp,blue,0.8018,0.8018,0.1982,0.0,False,candidate_assignment,blue,0.8018,resolved_model_assignment
1428,frame_020843,20842,20843,694.7333,694.7667,11:34.767,33,hud_ocr,0.9951,1,34,34,5,40.0,30.0,15.0,0.0,85.0,1.85,50,2.1561,4.242272432432432,4.2679,0,0,blue|blue,2,0.7669,0.7241,20835|20835,20841|20841,20842|20842,0.767|0.681,0,0,0,ab_pairs/event_01428_frames_20842_20843.jpg,pickup_count_not_exactly_one|adjacent_xp_event|trajectory_color_disagrees_with_xp,blue,0.5547,0.5547,0.4453,0.0,False,low_confidence_review,blue,0.5547,resolved_model_assignment
1429,frame_020844,20843,20844,694.7667,694.8,11:34.800,33,hud_ocr,0.9951,1,34,34,5,40.0,30.0,15.0,0.0,85.0,1.85,90,3.881,7.636090378378378,7.6822,0,0,blue,1,0.6832,0.6832,20836,20843,20844,0.683,1,0,0,ab_pairs/event_01429_frames_20843_20844.jpg,adjacent_xp_event|trajectory_color_disagrees_with_xp,blue,0.7927,0.7927,0.2073,0.0,False,low_confidence_review,blue,0.7927,resolved_model_assignment
1430,frame_020845,20844,20845,694.8,694.8333,11:34.833,33,hud_ocr,0.9951,1,34,34,5,40.0,30.0,15.0,0.0,85.0,1.85,60,2.5873,5.090726918918918,5.1215,0,0,,0,0.0,0.0,,,,,0,0,0,ab_pairs/event_01430_frames_20844_20845.jpg,pickup_count_not_exactly_one|adjacent_xp_event|trajectory_color_disagrees_with_xp,blue,0.5763,0.5763,0.4237,0.0,False,low_confidence_review,blue,0.5763,resolved_model_assignment
1431,frame_020846,20845,20846,694.8333,694.8667,11:34.867,33,hud_ocr,0.9951,1,34,34,5,40.0,30.0,15.0,0.0,85.0,1.85,92,3.9672,7.805793081081081,7.8529,0,0,,0,0.0,0.0,,,,,2,0,0,ab_pairs/event_01431_frames_20845_20846.jpg,pickup_count_not_exactly_one|adjacent_xp_event|trajectory_color_disagrees_with_xp,blue,0.8428,0.8428,0.1572,0.0,False,candidate_assignment,blue,0.8428,resolved_model_assignment
1432,frame_020847,20846,20847,694.8667,694.9,11:34.900,33,hud_ocr,0.9951,1,34,34,5,40.0,30.0,15.0,0.0,85.0,1.85,110,4.7434,9.33299935135135,9.3893,0,0,,0,0.0,0.0,,,,,2,0,0,ab_pairs/event_01432_frames_20846_20847.jpg,pickup_count_not_exactly_one|adjacent_xp_event|trajectory_color_disagrees_with_xp,blue,0.8273,0.8273,0.1727,0.0,False,candidate_assignment,blue,0.8273,resolved_model_assignment
1433,frame_020848,20847,20848,694.9,694.9333,11:34.933,33,hud_ocr,0.9951,1,34,34,5,40.0,30.0,15.0,0.0,85.0,1.85,50,2.1561,4.242272432432432,4.2679,0,0,,0,0.0,0.0,,,,,1,1,0,ab_pairs/event_01433_frames_20847_20848.jpg,pickup_count_not_exactly_one|adjacent_xp_event|trajectory_color_disagrees_with_xp,green,0.6233,0.3767,0.6233,0.0,False,low_confidence_review,green,0.6233,resolved_model_assignment
1435,frame_020850,20849,20850,694.9667,695.0,11:35.000,33,hud_ocr,0.9498,1,34,34,5,40.0,30.0,15.0,0.0,85.0,1.85,80,3.4498,6.787635891891893,6.8286,0,0,blue,1,0.8642,0.8642,20842,20849,20850,0.864,1,0,0,ab_pairs/event_01435_frames_20849_20850.jpg,adjacent_xp_event|trajectory_color_disagrees_with_xp,blue,0.8236,0.8236,0.1764,0.0,False,candidate_assignment,blue,0.8236,resolved_model_assignment
1437,frame_020879,20878,20879,695.9333,695.9667,11:35.967,34,hud_ocr,0.7051,1,35,35,5,40.0,30.0,15.0,0.0,85.0,1.85,146,6.2958,12.829860216216217,12.9073,0,0,,0,0.0,0.0,,,,,0,1,0,ab_pairs/event_01437_frames_20878_20879.jpg,pickup_count_not_exactly_one|adjacent_xp_event|trajectory_color_disagrees_with_xp,green,0.7781,0.2219,0.7781,0.0,False,low_confidence_review,green,0.7781,resolved_model_assignment
1440,frame_020882,20881,20882,696.0333,696.0667,11:36.067,34,hud_ocr,0.787,1,35,35,5,40.0,30.0,15.0,0.0,85.0,1.85,108,4.6572,9.490577621621622,9.5479,0,0,,0,0.0,0.0,,,,,0,0,0,ab_pairs/event_01440_frames_20881_20882.jpg,pickup_count_not_exactly_one|adjacent_xp_event|trajectory_color_disagrees_with_xp,blue,0.5259,0.5259,0.4741,0.0,False,low_confidence_review,blue,0.5259,resolved_model_assignment
1444,frame_020886,20885,20886,696.1667,696.2,11:36.200,34,hud_ocr,0.787,1,35,35,5,40.0,30.0,15.0,0.0,85.0,1.85,164,7.072,14.411609567567567,14.4986,0,0,,0,0.0,0.0,,,,,1,0,0,ab_pairs/event_01444_frames_20885_20886.jpg,pickup_count_not_exactly_one|adjacent_xp_event|trajectory_color_disagrees_with_xp,blue,0.7763,0.7763,0.2237,0.0,False,low_confidence_review,blue,0.7763,resolved_model_assignment
1446,frame_020888,20887,20888,696.2333,696.2667,11:36.267,34,hud_ocr,0.787,1,35,35,5,40.0,30.0,15.0,0.0,85.0,1.85,38,1.6386,3.3392825945945943,3.3594,0,0,,0,0.0,0.0,,,,,0,0,0,ab_pairs/event_01446_frames_20887_20888.jpg,pickup_count_not_exactly_one|adjacent_xp_event|trajectory_color_disagrees_with_xp,blue,0.5637,0.5637,0.4363,0.0,False,low_confidence_review,blue,0.5637,resolved_model_assignment
1448,frame_020890,20889,20890,696.3,696.3333,11:36.333,34,hud_ocr,0.787,1,35,35,5,40.0,30.0,15.0,0.0,85.0,1.85,50,2.1561,4.393782162162162,4.4203,0,0,,0,0.0,0.0,,,,,0,0,0,ab_pairs/event_01448_frames_20889_20890.jpg,pickup_count_not_exactly_one|adjacent_xp_event|trajectory_color_disagrees_with_xp,blue,0.5946,0.5946,0.4054,0.0,False,low_confidence_review,blue,0.5946,resolved_model_assignment
1452,frame_020894,20893,20894,696.4333,696.4667,11:36.467,34,hud_ocr,0.787,1,35,35,5,40.0,30.0,15.0,0.0,85.0,1.85,48,2.0699,4.218039027027027,4.2435,0,0,green,1,0.927,0.927,20891,20893,20894,0.927,0,1,0,ab_pairs/event_01452_frames_20893_20894.jpg,adjacent_xp_event,green,0.9308,0.0692,0.9308,0.0,False,candidate_assignment,green,0.9308,resolved_model_assignment
1454,frame_020896,20895,20896,696.5,696.5333,11:36.533,34,hud_ocr,0.787,1,35,35,5,40.0,30.0,15.0,0.0,85.0,1.85,96,4.1397,8.436078054054054,8.487,0,0,,0,0.0,0.0,,,,,0,0,0,ab_pairs/event_01454_frames_20895_20896.jpg,pickup_count_not_exactly_one|adjacent_xp_event|trajectory_color_disagrees_with_xp,blue,0.606,0.606,0.394,0.0,False,low_confidence_review,blue,0.606,resolved_model_assignment
1457,frame_020899,20898,20899,696.6,696.6333,11:36.633,34,hud_ocr,0.787,1,35,35,5,40.0,30.0,15.0,0.0,85.0,1.85,88,3.7947,7.733064756756756,7.7797,0,0,,0,0.0,0.0,,,,,0,0,0,ab_pairs/event_01457_frames_20898_20899.jpg,pickup_count_not_exactly_one|adjacent_xp_event|trajectory_color_disagrees_with_xp,blue,0.6015,0.6015,0.3985,0.0,False,low_confidence_review,blue,0.6015,resolved_model_assignment
1458,frame_020900,20899,20900,696.6333,696.6667,11:36.667,34,hud_ocr,0.787,1,35,35,5,40.0,30.0,15.0,0.0,85.0,1.85,166,7.1583,14.58737308108108,14.6754,0,0,,0,0.0,0.0,,,,,0,0,0,ab_pairs/event_01458_frames_20899_20900.jpg,pickup_count_not_exactly_one|adjacent_xp_event|trajectory_color_disagrees_with_xp,blue,0.5943,0.5943,0.4057,0.0,False,low_confidence_review,blue,0.5943,resolved_model_assignment
1462,frame_020932,20931,20932,697.7,697.7333,11:37.733,35,hud_ocr,0.9398,1,36,36,5,40.0,30.0,15.0,0.0,85.0,1.85,36,1.5524,3.2726059459459456,3.2924,0,0,,0,0.0,0.0,,,,,0,0,0,ab_pairs/event_01462_frames_20931_20932.jpg,pickup_count_not_exactly_one|adjacent_xp_event|trajectory_color_disagrees_with_xp,blue,0.6049,0.6049,0.3951,0.0,False,low_confidence_review,blue,0.6049,resolved_model_assignment
1464,frame_020934,20933,20934,697.7667,697.8,11:37.800,35,hud_ocr,0.9403,1,36,36,5,40.0,30.0,15.0,0.0,85.0,1.85,84,3.6223,7.636094594594593,7.6822,0,0,,0,0.0,0.0,,,,,3,2,0,ab_pairs/event_01464_frames_20933_20934.jpg,pickup_count_not_exactly_one|adjacent_xp_event|trajectory_color_disagrees_with_xp|multiple_same_color_pickup_candidates,green,0.77,0.23,0.77,0.0,False,low_confidence_review,green,0.77,resolved_model_assignment
1467,frame_020937,20936,20937,697.8667,697.9,11:37.900,35,hud_ocr,0.9405,1,36,36,5,40.0,30.0,15.0,0.0,85.0,1.85,28,1.2074,2.5453718918918917,2.5607,0,0,,0,0.0,0.0,,,,,0,0,0,ab_pairs/event_01467_frames_20936_20937.jpg,pickup_count_not_exactly_one|adjacent_xp_event|trajectory_color_disagrees_with_xp,blue,0.7991,0.7991,0.2009,0.0,False,low_confidence_review,blue,0.7991,resolved_model_assignment
1469,frame_020939,20938,20939,697.9333,697.9667,11:37.967,35,hud_ocr,0.9405,1,36,36,5,40.0,30.0,15.0,0.0,85.0,1.85,66,2.8461,5.999781081081081,6.036,0,0,,0,0.0,0.0,,,,,0,0,0,ab_pairs/event_01469_frames_20938_20939.jpg,pickup_count_not_exactly_one|adjacent_xp_event|trajectory_color_disagrees_with_xp,blue,0.5426,0.5426,0.4574,0.0,False,low_confidence_review,blue,0.5426,resolved_model_assignment
1477,frame_020948,20947,20948,698.2333,698.2667,11:38.267,35,hud_ocr,0.8936,1,36,36,5,40.0,30.0,15.0,0.0,85.0,1.85,38,1.6386,3.4544302702702696,3.4753,0,0,blue,1,0.9627,0.9627,20942,20947,20948,0.963,0,0,0,ab_pairs/event_01477_frames_20947_20948.jpg,adjacent_xp_event|trajectory_color_disagrees_with_xp,blue,0.6345,0.6345,0.3655,0.0,False,low_confidence_review,blue,0.6345,resolved_model_assignment
1481,frame_021114,21113,21114,703.7667,703.8,11:43.800,37,hud_ocr,0.8368,1,37,37,5,40.0,30.0,15.0,0.0,85.0,1.85,26,1.1212,2.521117405405405,2.5363,0,0,,0,0.0,0.0,,,,,0,0,0,ab_pairs/event_01481_frames_21113_21114.jpg,pickup_count_not_exactly_one|adjacent_xp_event|trajectory_color_disagrees_with_xp,blue,0.7392,0.7392,0.2608,0.0,False,low_confidence_review,blue,0.7392,resolved_model_assignment
1484,frame_021121,21120,21121,704.0,704.0333,11:44.033,37,hud_ocr,0.9306,1,37,37,5,40.0,30.0,15.0,0.0,85.0,1.85,28,1.2074,2.7150633513513514,2.7315,0,1,,0,0.0,0.0,,,,,3,0,0,ab_pairs/event_01484_frames_21120_21121.jpg,pickup_count_not_exactly_one|trajectory_color_disagrees_with_xp,blue,0.8466,0.8466,0.1534,0.0,False,candidate_assignment,blue,0.8466,resolved_model_assignment
1494,frame_021218,21217,21218,707.2333,707.2667,11:47.267,37,hud_ocr,0.5883,1,37,37,5,40.0,30.0,15.0,0.0,85.0,1.85,26,1.1212,2.521117405405405,2.5363,0,1,blue|blue,2,0.9024,0.8576,21210|21210,21215|21217,21216|21218,0.902|0.813,1,0,0,ab_pairs/event_01494_frames_21217_21218.jpg,pickup_count_not_exactly_one|trajectory_color_disagrees_with_xp,blue,0.8441,0.8441,0.1559,0.0,False,candidate_assignment,blue,0.8441,resolved_model_assignment
1501,frame_021545,21544,21545,718.1333,718.1667,11:58.167,37,hud_ocr,0.9464,1,37,37,5,40.0,30.0,15.0,0.0,85.0,1.85,26,1.1212,2.521117405405405,2.5363,0,1,blue,1,0.7839,0.7839,21540,21542,21543,0.784,0,0,0,ab_pairs/event_01501_frames_21544_21545.jpg,trajectory_color_disagrees_with_xp,blue,0.6591,0.6591,0.3409,0.0,False,low_confidence_review,blue,0.6591,resolved_model_assignment
1502,frame_021567,21566,21567,718.8667,718.9,11:58.900,37,hud_ocr,0.9455,1,37,37,5,40.0,30.0,15.0,0.0,85.0,1.85,18,0.7762,1.745401081081081,1.7559,0,1,,0,0.0,0.0,,,,,0,0,0,ab_pairs/event_01502_frames_21566_21567.jpg,pickup_count_not_exactly_one|trajectory_color_disagrees_with_xp,blue,0.982,0.982,0.018,0.0,False,candidate_assignment,blue,0.982,resolved_model_assignment
1505,frame_021635,21634,21635,721.1333,721.1667,12:01.167,37,hud_ocr,0.7343,1,37,37,5,40.0,30.0,15.0,0.0,85.0,1.85,26,1.1212,2.521117405405405,2.5363,0,1,,0,0.0,0.0,,,,,1,0,0,ab_pairs/event_01505_frames_21634_21635.jpg,pickup_count_not_exactly_one|trajectory_color_disagrees_with_xp,blue,0.8429,0.8429,0.1571,0.0,False,candidate_assignment,blue,0.8429,resolved_model_assignment
1507,frame_021670,21669,21670,722.3,722.3333,12:02.333,37,hud_ocr,0.9137,1,37,37,5,40.0,30.0,15.0,0.0,85.0,1.85,18,0.7762,1.745401081081081,1.7559,0,1,,0,0.0,0.0,,,,,0,0,0,ab_pairs/event_01507_frames_21669_21670.jpg,pickup_count_not_exactly_one|trajectory_color_disagrees_with_xp,blue,0.986,0.986,0.014,0.0,False,candidate_assignment,blue,0.986,resolved_model_assignment
1517,frame_021774,21773,21774,725.7667,725.8,12:05.800,37,hud_ocr,0.7197,1,37,37,5,40.0,30.0,15.0,0.0,85.0,1.85,18,0.7762,1.745401081081081,1.7559,0,1,blue,1,0.9125,0.9125,21766,21773,21774,0.912,2,0,0,ab_pairs/event_01517_frames_21773_21774.jpg,multiple_same_color_pickup_candidates,blue,0.9881,0.9881,0.0119,0.0,False,candidate_assignment,blue,0.9881,resolved_model_assignment
1523,frame_021850,21849,21850,728.3,728.3333,12:08.333,37,hud_ocr,0.9207,1,37,37,5,40.0,30.0,15.0,0.0,85.0,1.85,18,0.7762,1.745401081081081,1.7559,0,1,,0,0.0,0.0,,,,,0,0,0,ab_pairs/event_01523_frames_21849_21850.jpg,pickup_count_not_exactly_one|trajectory_color_disagrees_with_xp,blue,0.977,0.977,0.023,0.0,False,candidate_assignment,blue,0.977,resolved_model_assignment
1526,frame_021893,21892,21893,729.7333,729.7667,12:09.767,37,hud_ocr,0.9756,1,37,37,5,40.0,30.0,15.0,0.0,85.0,1.85,26,1.1212,2.521117405405405,2.5363,0,1,,0,0.0,0.0,,,,,1,0,0,ab_pairs/event_01526_frames_21892_21893.jpg,pickup_count_not_exactly_one|trajectory_color_disagrees_with_xp,blue,0.8813,0.8813,0.1187,0.0,False,candidate_assignment,blue,0.8813,resolved_model_assignment
1529,frame_021926,21925,21926,730.8333,730.8667,12:10.867,37,hud_ocr,0.9137,1,37,37,5,40.0,30.0,15.0,0.0,85.0,1.85,18,0.7762,1.745401081081081,1.7559,0,0,,0,0.0,0.0,,,,,0,0,0,ab_pairs/event_01529_frames_21925_21926.jpg,pickup_count_not_exactly_one|adjacent_xp_event|trajectory_color_disagrees_with_xp,blue,0.9717,0.9717,0.0283,0.0,False,candidate_assignment,blue,0.9717,resolved_model_assignment
1542,frame_022846,22845,22846,761.5,761.5333,12:41.533,37,previous_hud_ocr_fallback,0.6339,0,37,37,5,40.0,30.0,15.0,0.0,85.0,1.85,20,0.8624,1.9393245405405406,1.951,0,1,blue,1,0.9494,0.9494,22838,22844,22845,0.949,0,0,0,ab_pairs/event_01542_frames_22845_22846.jpg,trajectory_color_disagrees_with_xp|hud_level_not_directly_confirmed,blue,0.9732,0.9732,0.0268,0.0,False,candidate_assignment,blue,0.9732,resolved_model_assignment
1554,frame_023072,23071,23072,769.0333,769.0667,12:49.067,38,hud_ocr,0.9996,1,38,38,5,40.0,30.0,15.0,0.0,85.0,1.85,78,3.3635,7.799730162162161,7.8468,0,0,,0,0.0,0.0,,,,,1,0,0,ab_pairs/event_01554_frames_23071_23072.jpg,pickup_count_not_exactly_one|adjacent_xp_event|trajectory_color_disagrees_with_xp,blue,0.7673,0.7673,0.2327,0.0,False,low_confidence_review,blue,0.7673,resolved_model_assignment
1557,frame_023079,23078,23079,769.2667,769.3,12:49.300,38,hud_ocr,0.9996,1,38,38,5,40.0,30.0,15.0,0.0,85.0,1.85,26,1.1212,2.599902324324324,2.6156,0,0,,0,0.0,0.0,,,,,1,0,0,ab_pairs/event_01557_frames_23078_23079.jpg,pickup_count_not_exactly_one|adjacent_xp_event|trajectory_color_disagrees_with_xp,blue,0.8493,0.8493,0.1507,0.0,False,candidate_assignment,blue,0.8493,resolved_model_assignment
1560,frame_023082,23081,23082,769.3667,769.4,12:49.400,38,hud_ocr,0.9996,1,38,38,5,40.0,30.0,15.0,0.0,85.0,1.85,16,0.69,1.599938108108108,1.6096,0,0,,0,0.0,0.0,,,,,0,0,0,ab_pairs/event_01560_frames_23081_23082.jpg,pickup_count_not_exactly_one|adjacent_xp_event|trajectory_color_disagrees_with_xp,blue,0.981,0.981,0.019,0.0,False,candidate_assignment,blue,0.981,resolved_model_assignment
1561,frame_023085,23084,23085,769.4667,769.5,12:49.500,38,hud_ocr,0.9996,1,38,38,5,40.0,30.0,15.0,0.0,85.0,1.85,26,1.1212,2.599902324324324,2.6156,0,0,blue|blue|blue,3,0.8098,0.752,23078|23077|23077,23083|23083|23084,23084|23084|23085,0.752|0.694|0.810,2,0,0,ab_pairs/event_01561_frames_23084_23085.jpg,pickup_count_not_exactly_one|adjacent_xp_event|trajectory_color_disagrees_with_xp,blue,0.8472,0.8472,0.1528,0.0,False,candidate_assignment,blue,0.8472,resolved_model_assignment
1562,frame_023086,23085,23086,769.5,769.5333,12:49.533,38,hud_ocr,0.9996,1,38,38,5,40.0,30.0,15.0,0.0,85.0,1.85,18,0.7762,1.7999448648648648,1.8108,0,0,,0,0.0,0.0,,,,,0,0,0,ab_pairs/event_01562_frames_23085_23086.jpg,pickup_count_not_exactly_one|adjacent_xp_event|trajectory_color_disagrees_with_xp,blue,0.921,0.921,0.079,0.0,False,candidate_assignment,blue,0.921,resolved_model_assignment
1563,frame_023087,23086,23087,769.5333,769.5667,12:49.567,38,hud_ocr,0.9996,1,38,38,5,40.0,30.0,15.0,0.0,85.0,1.85,34,1.4661,3.3998829729729727,3.4204,0,0,,0,0.0,0.0,,,,,1,0,0,ab_pairs/event_01563_frames_23086_23087.jpg,pickup_count_not_exactly_one|adjacent_xp_event|trajectory_color_disagrees_with_xp,blue,0.8008,0.8008,0.1992,0.0,False,candidate_assignment,blue,0.8008,resolved_model_assignment
1564,frame_023088,23087,23088,769.5667,769.6,12:49.600,38,hud_ocr,0.9996,1,38,38,5,40.0,30.0,15.0,0.0,85.0,1.85,26,1.1212,2.599902324324324,2.6156,0,0,blue,1,0.7436,0.7436,23081,23087,23088,0.744,1,0,0,ab_pairs/event_01564_frames_23087_23088.jpg,adjacent_xp_event|trajectory_color_disagrees_with_xp,blue,0.8405,0.8405,0.1595,0.0,False,candidate_assignment,blue,0.8405,resolved_model_assignment
1565,frame_023089,23088,23089,769.6,769.6333,12:49.633,38,hud_ocr,0.9996,1,38,38,5,40.0,30.0,15.0,0.0,85.0,1.85,36,1.5524,3.5998665405405403,3.6216,0,0,,0,0.0,0.0,,,,,0,0,0,ab_pairs/event_01565_frames_23088_23089.jpg,pickup_count_not_exactly_one|adjacent_xp_event|trajectory_color_disagrees_with_xp,green,0.5077,0.4923,0.5077,0.0,False,low_confidence_review,green,0.5077,resolved_model_assignment
1566,frame_023090,23089,23090,769.6333,769.6667,12:49.667,38,hud_ocr,0.9996,1,38,38,5,40.0,30.0,15.0,0.0,85.0,1.85,26,1.1212,2.599902324324324,2.6156,0,0,,0,0.0,0.0,,,,,0,0,0,ab_pairs/event_01566_frames_23089_23090.jpg,pickup_count_not_exactly_one|adjacent_xp_event|trajectory_color_disagrees_with_xp,blue,0.6452,0.6452,0.3548,0.0,False,low_confidence_review,blue,0.6452,resolved_model_assignment
1570,frame_023099,23098,23099,769.9333,769.9667,12:49.967,38,hud_ocr,0.9996,1,38,38,5,40.0,30.0,15.0,0.0,85.0,1.85,18,0.7762,1.7999448648648648,1.8108,0,0,blue,1,0.8608,0.8608,23091,23098,23099,0.861,4,0,0,ab_pairs/event_01570_frames_23098_23099.jpg,adjacent_xp_event|multiple_same_color_pickup_candidates,blue,0.9558,0.9558,0.0442,0.0,False,candidate_assignment,blue,0.9558,resolved_model_assignment
1571,frame_023100,23099,23100,769.9667,770.0,12:50.000,38,hud_ocr,0.9982,1,38,38,5,40.0,30.0,15.0,0.0,85.0,1.85,16,0.69,1.599938108108108,1.6096,0,0,,0,0.0,0.0,,,,,0,0,0,ab_pairs/event_01571_frames_23099_23100.jpg,pickup_count_not_exactly_one|adjacent_xp_event|trajectory_color_disagrees_with_xp,blue,0.9883,0.9883,0.0117,0.0,False,candidate_assignment,blue,0.9883,resolved_model_assignment
1572,frame_023101,23100,23101,770.0,770.0333,12:50.033,38,hud_ocr,0.9982,1,38,38,5,40.0,30.0,15.0,0.0,85.0,1.85,18,0.7762,1.7999448648648648,1.8108,0,0,,0,0.0,0.0,,,,,1,0,0,ab_pairs/event_01572_frames_23100_23101.jpg,pickup_count_not_exactly_one|adjacent_xp_event|trajectory_color_disagrees_with_xp,blue,0.9663,0.9663,0.0337,0.0,False,candidate_assignment,blue,0.9663,resolved_model_assignment
1577,frame_023111,23110,23111,770.3333,770.3667,12:50.367,38,hud_ocr,0.9982,1,38,38,5,40.0,30.0,15.0,0.0,85.0,1.85,16,0.69,1.599938108108108,1.6096,0,0,,0,0.0,0.0,,,,,0,0,0,ab_pairs/event_01577_frames_23110_23111.jpg,pickup_count_not_exactly_one|adjacent_xp_event|trajectory_color_disagrees_with_xp,blue,0.9854,0.9854,0.0146,0.0,False,candidate_assignment,blue,0.9854,resolved_model_assignment
1578,frame_023137,23136,23137,771.2,771.2333,12:51.233,38,hud_ocr,0.9966,1,38,38,5,40.0,30.0,15.0,0.0,85.0,1.85,18,0.7762,1.7999448648648648,1.8108,0,1,,0,0.0,0.0,,,,,0,0,0,ab_pairs/event_01578_frames_23136_23137.jpg,pickup_count_not_exactly_one|trajectory_color_disagrees_with_xp,blue,0.8992,0.8992,0.1008,0.0,False,candidate_assignment,blue,0.8992,resolved_model_assignment
1579,frame_023146,23145,23146,771.5,771.5333,12:51.533,38,hud_ocr,0.9966,1,38,38,5,40.0,30.0,15.0,0.0,85.0,1.85,44,1.8974,4.399847189189188,4.4264,0,1,blue,1,0.9201,0.9201,23138,23144,23145,0.920,2,0,0,ab_pairs/event_01579_frames_23145_23146.jpg,trajectory_color_disagrees_with_xp,blue,0.8118,0.8118,0.1882,0.0,False,candidate_assignment,blue,0.8118,resolved_model_assignment
1588,frame_023203,23202,23203,773.4,773.4333,12:53.433,38,hud_ocr,0.9999,1,38,38,5,40.0,30.0,15.0,0.0,85.0,1.85,26,1.1212,2.599902324324324,2.6156,0,1,,0,0.0,0.0,,,,,0,0,0,ab_pairs/event_01588_frames_23202_23203.jpg,pickup_count_not_exactly_one|trajectory_color_disagrees_with_xp,blue,0.5887,0.5887,0.4113,0.0,False,low_confidence_review,blue,0.5887,resolved_model_assignment
1590,frame_023213,23212,23213,773.7333,773.7667,12:53.767,38,hud_ocr,0.9999,1,38,38,5,40.0,30.0,15.0,0.0,85.0,1.85,16,0.69,1.599938108108108,1.6096,0,0,,0,0.0,0.0,,,,,1,0,0,ab_pairs/event_01590_frames_23212_23213.jpg,pickup_count_not_exactly_one|adjacent_xp_event|trajectory_color_disagrees_with_xp,blue,0.9847,0.9847,0.0153,0.0,False,candidate_assignment,blue,0.9847,resolved_model_assignment
1591,frame_023216,23215,23216,773.8333,773.8667,12:53.867,38,hud_ocr,0.9999,1,38,38,5,40.0,30.0,15.0,0.0,85.0,1.85,18,0.7762,1.7999448648648648,1.8108,0,0,,0,0.0,0.0,,,,,0,0,0,ab_pairs/event_01591_frames_23215_23216.jpg,pickup_count_not_exactly_one|adjacent_xp_event|trajectory_color_disagrees_with_xp,blue,0.8763,0.8763,0.1237,0.0,False,candidate_assignment,blue,0.8763,resolved_model_assignment
1593,frame_023219,23218,23219,773.9333,773.9667,12:53.967,38,hud_ocr,0.9999,1,38,38,5,40.0,30.0,15.0,0.0,85.0,1.85,36,1.5524,3.5998665405405403,3.6216,0,1,,0,0.0,0.0,,,,,1,0,0,ab_pairs/event_01593_frames_23218_23219.jpg,pickup_count_not_exactly_one|trajectory_color_disagrees_with_xp,blue,0.7404,0.7404,0.2596,0.0,False,low_confidence_review,blue,0.7404,resolved_model_assignment
1595,frame_023224,23223,23224,774.1,774.1333,12:54.133,38,hud_ocr,0.9938,1,38,38,5,40.0,30.0,15.0,0.0,85.0,1.85,26,1.1212,2.599902324324324,2.6156,0,0,,0,0.0,0.0,,,,,0,0,0,ab_pairs/event_01595_frames_23223_23224.jpg,pickup_count_not_exactly_one|adjacent_xp_event|trajectory_color_disagrees_with_xp,blue,0.6489,0.6489,0.3511,0.0,False,low_confidence_review,blue,0.6489,resolved_model_assignment
1596,frame_023225,23224,23225,774.1333,774.1667,12:54.167,38,hud_ocr,0.9938,1,38,38,5,40.0,30.0,15.0,0.0,85.0,1.85,18,0.7762,1.7999448648648648,1.8108,0,0,,0,0.0,0.0,,,,,0,0,0,ab_pairs/event_01596_frames_23224_23225.jpg,pickup_count_not_exactly_one|adjacent_xp_event|trajectory_color_disagrees_with_xp,blue,0.9019,0.9019,0.0981,0.0,False,candidate_assignment,blue,0.9019,resolved_model_assignment
1602,frame_023234,23233,23234,774.4333,774.4667,12:54.467,38,hud_ocr,0.9938,1,38,38,5,40.0,30.0,15.0,0.0,85.0,1.85,16,0.69,1.599938108108108,1.6096,0,0,,0,0.0,0.0,,,,,0,0,0,ab_pairs/event_01602_frames_23233_23234.jpg,pickup_count_not_exactly_one|adjacent_xp_event|trajectory_color_disagrees_with_xp,blue,0.9878,0.9878,0.0122,0.0,False,candidate_assignment,blue,0.9878,resolved_model_assignment
1603,frame_023235,23234,23235,774.4667,774.5,12:54.500,38,hud_ocr,0.9938,1,38,38,5,40.0,30.0,15.0,0.0,85.0,1.85,18,0.7762,1.7999448648648648,1.8108,0,0,,0,0.0,0.0,,,,,0,0,0,ab_pairs/event_01603_frames_23234_23235.jpg,pickup_count_not_exactly_one|adjacent_xp_event|trajectory_color_disagrees_with_xp,blue,0.9115,0.9115,0.0885,0.0,False,candidate_assignment,blue,0.9115,resolved_model_assignment
1604,frame_023236,23235,23236,774.5,774.5333,12:54.533,38,hud_ocr,0.9938,1,38,38,5,40.0,30.0,15.0,0.0,85.0,1.85,18,0.7762,1.7999448648648648,1.8108,0,0,,0,0.0,0.0,,,,,1,0,0,ab_pairs/event_01604_frames_23235_23236.jpg,pickup_count_not_exactly_one|adjacent_xp_event|trajectory_color_disagrees_with_xp,blue,0.9569,0.9569,0.0431,0.0,False,candidate_assignment,blue,0.9569,resolved_model_assignment
1607,frame_023242,23241,23242,774.7,774.7333,12:54.733,38,hud_ocr,0.9938,1,38,38,5,40.0,30.0,15.0,0.0,85.0,1.85,28,1.2074,2.799909081081081,2.8168,0,0,,0,0.0,0.0,,,,,0,0,0,ab_pairs/event_01607_frames_23241_23242.jpg,pickup_count_not_exactly_one|adjacent_xp_event|trajectory_color_disagrees_with_xp,blue,0.6175,0.6175,0.3825,0.0,False,low_confidence_review,blue,0.6175,resolved_model_assignment
1609,frame_023244,23243,23244,774.7667,774.8,12:54.800,38,hud_ocr,1.0,1,38,38,5,40.0,30.0,15.0,0.0,85.0,1.85,26,1.1212,2.599902324324324,2.6156,0,0,,0,0.0,0.0,,,,,0,0,0,ab_pairs/event_01609_frames_23243_23244.jpg,pickup_count_not_exactly_one|adjacent_xp_event|trajectory_color_disagrees_with_xp,blue,0.6015,0.6015,0.3985,0.0,False,low_confidence_review,blue,0.6015,resolved_model_assignment
1611,frame_023247,23246,23247,774.8667,774.9,12:54.900,38,hud_ocr,0.9984,1,38,38,5,40.0,30.0,15.0,0.0,85.0,1.85,18,0.7762,1.7999448648648648,1.8108,0,0,,0,0.0,0.0,,,,,1,0,0,ab_pairs/event_01611_frames_23246_23247.jpg,pickup_count_not_exactly_one|adjacent_xp_event|trajectory_color_disagrees_with_xp,blue,0.9461,0.9461,0.0539,0.0,False,candidate_assignment,blue,0.9461,resolved_model_assignment
1616,frame_023290,23289,23290,776.3,776.3333,12:56.333,39,hud_ocr,0.9997,1,39,39,5,40.0,30.0,15.0,0.0,85.0,1.85,26,1.1212,2.6786872432432434,2.6949,0,0,blue,1,0.9225,0.9225,23282,23288,23289,0.922,0,0,0,ab_pairs/event_01616_frames_23289_23290.jpg,adjacent_xp_event|trajectory_color_disagrees_with_xp,blue,0.6733,0.6733,0.3267,0.0,False,low_confidence_review,blue,0.6733,resolved_model_assignment
1620,frame_023319,23318,23319,777.2667,777.3,12:57.300,39,hud_ocr,0.9806,1,39,39,5,40.0,30.0,15.0,0.0,85.0,1.85,18,0.7762,1.8544886486486485,1.8657,0,1,,0,0.0,0.0,,,,,1,0,0,ab_pairs/event_01620_frames_23318_23319.jpg,pickup_count_not_exactly_one|trajectory_color_disagrees_with_xp,blue,0.9328,0.9328,0.0672,0.0,False,candidate_assignment,blue,0.9328,resolved_model_assignment
1623,frame_023330,23329,23330,777.6333,777.6667,12:57.667,39,hud_ocr,0.9806,1,39,39,5,40.0,30.0,15.0,0.0,85.0,1.85,42,1.8111,4.327132216216215,4.3533,0,0,,0,0.0,0.0,,,,,0,0,0,ab_pairs/event_01623_frames_23329_23330.jpg,pickup_count_not_exactly_one|adjacent_xp_event|trajectory_color_disagrees_with_xp,green,0.5312,0.4688,0.5312,0.0,False,low_confidence_review,green,0.5312,resolved_model_assignment
1625,frame_023332,23331,23332,777.7,777.7333,12:57.733,39,hud_ocr,0.9806,1,39,39,5,40.0,30.0,15.0,0.0,85.0,1.85,18,0.7762,1.8544886486486485,1.8657,0,0,,0,0.0,0.0,,,,,0,0,0,ab_pairs/event_01625_frames_23331_23332.jpg,pickup_count_not_exactly_one|adjacent_xp_event|trajectory_color_disagrees_with_xp,blue,0.8897,0.8897,0.1103,0.0,False,candidate_assignment,blue,0.8897,resolved_model_assignment
1630,frame_023341,23340,23341,778.0,778.0333,12:58.033,39,hud_ocr,0.9989,1,39,39,5,40.0,30.0,15.0,0.0,85.0,1.85,26,1.1212,2.6786872432432434,2.6949,0,0,,0,0.0,0.0,,,,,0,0,0,ab_pairs/event_01630_frames_23340_23341.jpg,pickup_count_not_exactly_one|adjacent_xp_event|trajectory_color_disagrees_with_xp,blue,0.583,0.583,0.417,0.0,False,low_confidence_review,blue,0.583,resolved_model_assignment
1633,frame_023349,23348,23349,778.2667,778.3,12:58.300,39,hud_ocr,0.9991,1,39,39,5,40.0,30.0,15.0,0.0,85.0,1.85,26,1.1212,2.6786872432432434,2.6949,0,1,green|blue,2,0.931,0.8907,23341|23341,23348|23348,23349|23349,0.931|0.850,2,1,0,ab_pairs/event_01633_frames_23348_23349.jpg,pickup_count_not_exactly_one|trajectory_color_disagrees_with_xp,green,0.8959,0.1041,0.8959,0.0,False,candidate_assignment,green,0.8959,resolved_model_assignment
1634,frame_023353,23352,23353,778.4,778.4333,12:58.433,39,hud_ocr,0.9992,1,39,39,5,40.0,30.0,15.0,0.0,85.0,1.85,16,0.69,1.648421081081081,1.6584,0,0,,0,0.0,0.0,,,,,0,0,0,ab_pairs/event_01634_frames_23352_23353.jpg,pickup_count_not_exactly_one|adjacent_xp_event|trajectory_color_disagrees_with_xp,blue,0.9796,0.9796,0.0204,0.0,False,candidate_assignment,blue,0.9796,resolved_model_assignment
1638,frame_023360,23359,23360,778.6333,778.6667,12:58.667,39,hud_ocr,0.9992,1,39,39,5,40.0,30.0,15.0,0.0,85.0,1.85,18,0.7762,1.8544886486486485,1.8657,0,1,,0,0.0,0.0,,,,,1,0,0,ab_pairs/event_01638_frames_23359_23360.jpg,pickup_count_not_exactly_one|trajectory_color_disagrees_with_xp,blue,0.9669,0.9669,0.0331,0.0,False,candidate_assignment,blue,0.9669,resolved_model_assignment
1639,frame_023364,23363,23364,778.7667,778.8,12:58.800,39,hud_ocr,0.9992,1,39,39,5,40.0,30.0,15.0,0.0,85.0,1.85,50,2.1561,5.15133081081081,5.1824,0,1,,0,0.0,0.0,,,,,1,0,0,ab_pairs/event_01639_frames_23363_23364.jpg,pickup_count_not_exactly_one|trajectory_color_disagrees_with_xp,blue,0.7654,0.7654,0.2346,0.0,False,low_confidence_review,blue,0.7654,resolved_model_assignment
1648,frame_023435,23434,23435,781.1333,781.1667,13:01.167,39,hud_ocr,0.5799,1,39,39,5,40.0,30.0,15.0,0.0,85.0,1.85,18,0.7762,1.8544886486486485,1.8657,0,1,,0,0.0,0.0,,,,,0,0,0,ab_pairs/event_01648_frames_23434_23435.jpg,pickup_count_not_exactly_one|trajectory_color_disagrees_with_xp,blue,0.9171,0.9171,0.0829,0.0,False,candidate_assignment,blue,0.9171,resolved_model_assignment
1649,frame_023568,23567,23568,785.5667,785.6,13:05.600,39,hud_ocr,0.9999,1,39,39,5,40.0,30.0,15.0,0.0,85.0,1.85,16,0.69,1.648421081081081,1.6584,0,1,,0,0.0,0.0,,,,,0,0,0,ab_pairs/event_01649_frames_23567_23568.jpg,pickup_count_not_exactly_one|trajectory_color_disagrees_with_xp,blue,0.9653,0.9653,0.0347,0.0,False,candidate_assignment,blue,0.9653,resolved_model_assignment
1655,frame_023753,23752,23753,791.7333,791.7667,13:11.767,39,hud_ocr,0.9991,1,39,39,5,40.0,30.0,15.0,0.0,85.0,1.85,26,1.1212,2.6786872432432434,2.6949,0,1,blue,1,0.902,0.902,23748,23751,23752,0.902,1,0,0,ab_pairs/event_01655_frames_23752_23753.jpg,trajectory_color_disagrees_with_xp,blue,0.8776,0.8776,0.1224,0.0,False,candidate_assignment,blue,0.8776,resolved_model_assignment
1666,frame_023870,23869,23870,795.6333,795.6667,13:15.667,39,hud_ocr,0.9999,1,39,39,5,40.0,30.0,15.0,0.0,85.0,1.85,18,0.7762,1.8544886486486485,1.8657,0,1,blue,1,0.9502,0.9502,23867,23869,23870,0.950,4,0,0,ab_pairs/event_01666_frames_23869_23870.jpg,multiple_same_color_pickup_candidates,blue,0.9428,0.9428,0.0572,0.0,False,candidate_assignment,blue,0.9428,resolved_model_assignment
1671,frame_023955,23954,23955,798.4667,798.5,13:18.500,39,hud_ocr,0.9798,1,39,39,5,40.0,30.0,15.0,0.0,85.0,1.85,24,1.0349,2.4726435675675673,2.4876,0,1,green,1,0.8264,0.8264,23949,23952,23953,0.826,1,0,0,ab_pairs/event_01671_frames_23954_23955.jpg,heldout_green_precision_or_support_gate_failed,green,0.545,0.455,0.545,0.0,False,low_confidence_review,green,0.545,resolved_model_assignment
1673,frame_024020,24019,24020,800.6333,800.6667,13:20.667,39,hud_ocr,0.9997,1,39,39,5,40.0,30.0,15.0,0.0,85.0,1.85,34,1.4661,3.5029097297297294,3.5241,0,1,,0,0.0,0.0,,,,,3,1,0,ab_pairs/event_01673_frames_24019_24020.jpg,pickup_count_not_exactly_one|trajectory_color_disagrees_with_xp,green,0.7412,0.2588,0.7412,0.0,False,low_confidence_review,green,0.7412,resolved_model_assignment
1677,frame_024154,24153,24154,805.1,805.1333,13:25.133,39,hud_ocr,0.9999,1,39,39,5,40.0,30.0,15.0,0.0,85.0,1.85,18,0.7762,1.8544886486486485,1.8657,0,0,,0,0.0,0.0,,,,,0,0,0,ab_pairs/event_01677_frames_24153_24154.jpg,pickup_count_not_exactly_one|adjacent_xp_event|trajectory_color_disagrees_with_xp,blue,0.886,0.886,0.114,0.0,False,candidate_assignment,blue,0.886,resolved_model_assignment
1683,frame_024221,24220,24221,807.3333,807.3667,13:27.367,39,hud_ocr,0.9998,1,39,39,5,40.0,30.0,15.0,0.0,85.0,1.85,18,0.7762,1.8544886486486485,1.8657,0,1,,0,0.0,0.0,,,,,0,0,0,ab_pairs/event_01683_frames_24220_24221.jpg,pickup_count_not_exactly_one|trajectory_color_disagrees_with_xp,blue,0.8729,0.8729,0.1271,0.0,False,candidate_assignment,blue,0.8729,resolved_model_assignment
1688,frame_024274,24273,24274,809.1,809.1333,13:29.133,39,hud_ocr,0.7249,1,39,39,5,40.0,30.0,15.0,0.0,85.0,1.85,26,1.1212,2.6786872432432434,2.6949,0,1,green,1,0.9065,0.9065,24270,24273,24274,0.906,2,1,0,ab_pairs/event_01688_frames_24273_24274.jpg,heldout_green_precision_or_support_gate_failed,green,0.9016,0.0984,0.9016,0.0,False,candidate_assignment,green,0.9016,resolved_model_assignment
1693,frame_024315,24314,24315,810.4667,810.5,13:30.500,39,hud_ocr,0.9954,1,39,39,5,40.0,30.0,15.0,0.0,85.0,1.85,16,0.69,1.648421081081081,1.6584,0,1,,0,0.0,0.0,,,,,3,0,0,ab_pairs/event_01693_frames_24314_24315.jpg,pickup_count_not_exactly_one|trajectory_color_disagrees_with_xp|multiple_same_color_pickup_candidates,blue,0.9924,0.9924,0.0076,0.0,False,candidate_assignment,blue,0.9924,resolved_model_assignment
1694,frame_024331,24330,24331,811.0,811.0333,13:31.033,39,hud_ocr,0.9994,1,39,39,5,40.0,30.0,15.0,0.0,85.0,1.85,26,1.1212,2.6786872432432434,2.6949,0,1,green|green,2,0.927,0.8976,24323|24324,24328|24330,24329|24331,0.868|0.927,1,0,0,ab_pairs/event_01694_frames_24330_24331.jpg,pickup_count_not_exactly_one|trajectory_color_disagrees_with_xp,green,0.7776,0.2224,0.7776,0.0,False,low_confidence_review,green,0.7776,resolved_model_assignment
1695,frame_024343,24342,24343,811.4,811.4333,13:31.433,39,hud_ocr,0.9994,1,39,39,5,40.0,30.0,15.0,0.0,85.0,1.85,34,1.4661,3.5029097297297294,3.5241,0,1,,0,0.0,0.0,,,,,0,0,0,ab_pairs/event_01695_frames_24342_24343.jpg,pickup_count_not_exactly_one|trajectory_color_disagrees_with_xp,green,0.5114,0.4886,0.5114,0.0,False,low_confidence_review,green,0.5114,resolved_model_assignment
1697,frame_024347,24346,24347,811.5333,811.5667,13:31.567,39,hud_ocr,0.9994,1,39,39,5,40.0,30.0,15.0,0.0,85.0,1.85,18,0.7762,1.8544886486486485,1.8657,0,0,,0,0.0,0.0,,,,,0,0,0,ab_pairs/event_01697_frames_24346_24347.jpg,pickup_count_not_exactly_one|adjacent_xp_event|trajectory_color_disagrees_with_xp,blue,0.9123,0.9123,0.0877,0.0,False,candidate_assignment,blue,0.9123,resolved_model_assignment
1698,frame_024348,24347,24348,811.5667,811.6,13:31.600,39,hud_ocr,0.9994,1,39,39,5,40.0,30.0,15.0,0.0,85.0,1.85,16,0.69,1.648421081081081,1.6584,0,0,,0,0.0,0.0,,,,,0,0,0,ab_pairs/event_01698_frames_24347_24348.jpg,pickup_count_not_exactly_one|adjacent_xp_event|trajectory_color_disagrees_with_xp,blue,0.9794,0.9794,0.0206,0.0,False,candidate_assignment,blue,0.9794,resolved_model_assignment
1699,frame_024351,24350,24351,811.6667,811.7,13:31.700,39,hud_ocr,0.9994,1,39,39,5,40.0,30.0,15.0,0.0,85.0,1.85,18,0.7762,1.8544886486486485,1.8657,0,0,blue|blue,2,0.9273,0.8994,24343|24343,24348|24350,24349|24351,0.927|0.871,0,0,0,ab_pairs/event_01699_frames_24350_24351.jpg,pickup_count_not_exactly_one|adjacent_xp_event|trajectory_color_disagrees_with_xp,blue,0.9293,0.9293,0.0707,0.0,False,candidate_assignment,blue,0.9293,resolved_model_assignment
1712,frame_024408,24407,24408,813.5667,813.6,13:33.600,39,hud_ocr,0.9998,1,39,39,5,40.0,30.0,15.0,0.0,85.0,1.85,18,0.7762,1.8544886486486485,1.8657,0,1,,0,0.0,0.0,,,,,0,0,0,ab_pairs/event_01712_frames_24407_24408.jpg,pickup_count_not_exactly_one|trajectory_color_disagrees_with_xp,blue,0.8708,0.8708,0.1292,0.0,False,candidate_assignment,blue,0.8708,resolved_model_assignment
1715,frame_024421,24420,24421,814.0,814.0333,13:34.033,39,hud_ocr,0.9999,1,39,39,5,40.0,30.0,15.0,0.0,85.0,1.85,26,1.1212,2.6786872432432434,2.6949,0,1,green,1,0.9421,0.9421,24414,24420,24421,0.942,0,0,0,ab_pairs/event_01715_frames_24420_24421.jpg,heldout_green_precision_or_support_gate_failed,green,0.9594,0.0406,0.9594,0.0,False,candidate_assignment,green,0.9594,resolved_model_assignment
1717,frame_024427,24426,24427,814.2,814.2333,13:34.233,39,hud_ocr,0.9999,1,39,39,5,40.0,30.0,15.0,0.0,85.0,1.85,18,0.7762,1.8544886486486485,1.8657,0,1,,0,0.0,0.0,,,,,0,0,0,ab_pairs/event_01717_frames_24426_24427.jpg,pickup_count_not_exactly_one|trajectory_color_disagrees_with_xp,blue,0.8533,0.8533,0.1467,0.0,False,candidate_assignment,blue,0.8533,resolved_model_assignment
1733,frame_024704,24703,24704,823.4333,823.4667,13:43.467,40,hud_ocr,0.9998,1,40,40,5,40.0,30.0,15.0,100.0,185.0,2.85,8,0.345,3.455852280701754,3.4767,0,0,,0,0.0,0.0,,,,,0,0,0,ab_pairs/event_01733_frames_24703_24704.jpg,pickup_count_not_exactly_one|adjacent_xp_event|trajectory_color_disagrees_with_xp,blue,0.6581,0.6581,0.3419,0.0,False,low_confidence_review,blue,0.6581,resolved_model_assignment
1735,frame_024706,24705,24706,823.5,823.5333,13:43.533,40,hud_ocr,0.9998,1,40,40,5,40.0,30.0,15.0,100.0,185.0,2.85,24,1.0349,10.367456666666667,10.43,0,0,green|blue|blue,3,0.949,0.9172,24700|24698|24698,24705|24705|24705,24706|24706|24706,0.949|0.908|0.894,0,1,0,ab_pairs/event_01735_frames_24705_24706.jpg,pickup_count_not_exactly_one|adjacent_xp_event|trajectory_color_disagrees_with_xp,green,0.8373,0.1627,0.8373,0.0,False,candidate_assignment,green,0.8373,resolved_model_assignment
1736,frame_024707,24706,24707,823.5333,823.5667,13:43.567,40,hud_ocr,0.9998,1,40,40,5,40.0,30.0,15.0,100.0,185.0,2.85,38,1.6386,16.415148070175437,16.5142,0,0,,0,0.0,0.0,,,,,0,0,0,ab_pairs/event_01736_frames_24706_24707.jpg,pickup_count_not_exactly_one|adjacent_xp_event|trajectory_color_disagrees_with_xp,green,0.5119,0.4881,0.5119,0.0,False,low_confidence_review,green,0.5119,resolved_model_assignment
1738,frame_024709,24708,24709,823.6,823.6333,13:43.633,40,hud_ocr,0.9998,1,40,40,5,40.0,30.0,15.0,100.0,185.0,2.85,44,1.8974,19.006987192982457,19.1217,0,0,,0,0.0,0.0,,,,,0,0,0,ab_pairs/event_01738_frames_24708_24709.jpg,pickup_count_not_exactly_one|adjacent_xp_event|trajectory_color_disagrees_with_xp,green,0.5007,0.4993,0.5007,0.0,False,low_confidence_review,green,0.5007,resolved_model_assignment
1739,frame_024710,24709,24710,823.6333,823.6667,13:43.667,40,hud_ocr,0.9998,1,40,40,5,40.0,30.0,15.0,100.0,185.0,2.85,34,1.4661,14.68722192982456,14.7759,0,0,blue,1,0.8404,0.8404,24702,24709,24710,0.840,4,0,0,ab_pairs/event_01739_frames_24709_24710.jpg,adjacent_xp_event|trajectory_color_disagrees_with_xp,blue,0.7485,0.7485,0.2515,0.0,False,low_confidence_review,blue,0.7485,resolved_model_assignment
1740,frame_024711,24710,24711,823.6667,823.7,13:43.700,40,hud_ocr,0.9998,1,40,40,5,40.0,30.0,15.0,100.0,185.0,2.85,34,1.4661,14.68722192982456,14.7759,0,0,blue|green,2,0.8115,0.8091,24703|24708,24709|24710,24710|24711,0.807|0.812,0,1,0,ab_pairs/event_01740_frames_24710_24711.jpg,pickup_count_not_exactly_one|adjacent_xp_event|trajectory_color_disagrees_with_xp,green,0.7416,0.2584,0.7416,0.0,False,low_confidence_review,green,0.7416,resolved_model_assignment
1743,frame_024714,24713,24714,823.7667,823.8,13:43.800,40,hud_ocr,0.9998,1,40,40,5,40.0,30.0,15.0,100.0,185.0,2.85,44,1.8974,19.006987192982457,19.1217,0,0,blue,1,0.9411,0.9411,24706,24713,24714,0.941,1,1,0,ab_pairs/event_01743_frames_24713_24714.jpg,adjacent_xp_event|trajectory_color_disagrees_with_xp,green,0.6431,0.3569,0.6431,0.0,False,low_confidence_review,green,0.6431,resolved_model_assignment
1745,frame_024716,24715,24716,823.8333,823.8667,13:43.867,40,hud_ocr,0.9998,1,40,40,5,40.0,30.0,15.0,100.0,185.0,2.85,22,0.9487,9.50344350877193,9.5608,0,0,blue,1,0.9267,0.9267,24708,24713,24714,0.927,1,0,0,ab_pairs/event_01745_frames_24715_24716.jpg,adjacent_xp_event|trajectory_color_disagrees_with_xp,blue,0.803,0.803,0.197,0.0,False,candidate_assignment,blue,0.803,resolved_model_assignment
1746,frame_024717,24716,24717,823.8667,823.9,13:43.900,40,hud_ocr,0.9998,1,40,40,5,40.0,30.0,15.0,100.0,185.0,2.85,16,0.69,6.911604385964913,6.9533,0,0,green,1,0.9256,0.9256,24709,24716,24717,0.926,1,0,0,ab_pairs/event_01746_frames_24716_24717.jpg,adjacent_xp_event,green,0.6818,0.3182,0.6818,0.0,False,low_confidence_review,green,0.6818,resolved_model_assignment
1747,frame_024731,24730,24731,824.3333,824.3667,13:44.367,40,hud_ocr,0.9997,1,40,40,5,40.0,30.0,15.0,100.0,185.0,2.85,64,2.7598,27.646517719298245,27.8134,0,0,blue|blue,2,0.9065,0.8224,24723|24723,24728|24729,24729|24730,0.906|0.738,1,0,0,ab_pairs/event_01747_frames_24730_24731.jpg,pickup_count_not_exactly_one|adjacent_xp_event|trajectory_color_disagrees_with_xp,blue,0.7893,0.7893,0.2107,0.0,False,low_confidence_review,blue,0.7893,resolved_model_assignment
1748,frame_024732,24731,24732,824.3667,824.4,13:44.400,40,hud_ocr,0.9997,1,40,40,5,40.0,30.0,15.0,100.0,185.0,2.85,74,3.191,31.966282982456143,32.1592,0,0,blue|blue|blue,3,0.918,0.8417,24724|24724|24724,24730|24731|24731,24731|24732|24732,0.801|0.918|0.806,7,0,0,ab_pairs/event_01748_frames_24731_24732.jpg,pickup_count_not_exactly_one|adjacent_xp_event|trajectory_color_disagrees_with_xp,blue,0.7763,0.7763,0.2237,0.0,False,low_confidence_review,blue,0.7763,resolved_model_assignment
1749,frame_024733,24732,24733,824.4,824.4333,13:44.433,40,hud_ocr,0.9997,1,40,40,5,40.0,30.0,15.0,100.0,185.0,2.85,24,1.0349,10.367456666666667,10.43,0,0,,0,0.0,0.0,,,,,1,0,0,ab_pairs/event_01749_frames_24732_24733.jpg,pickup_count_not_exactly_one|adjacent_xp_event|trajectory_color_disagrees_with_xp,blue,0.7458,0.7458,0.2542,0.0,False,low_confidence_review,blue,0.7458,resolved_model_assignment
1751,frame_024735,24734,24735,824.4667,824.5,13:44.500,40,hud_ocr,0.9997,1,40,40,5,40.0,30.0,15.0,100.0,185.0,2.85,122,5.2609,52.701196315789474,53.0193,0,0,,0,0.0,0.0,,,,,0,0,0,ab_pairs/event_01751_frames_24734_24735.jpg,pickup_count_not_exactly_one|adjacent_xp_event|trajectory_color_disagrees_with_xp,blue,0.5298,0.5298,0.4702,0.0,False,low_confidence_review,blue,0.5298,resolved_model_assignment
1752,frame_024736,24735,24736,824.5,824.5333,13:44.533,40,hud_ocr,0.9997,1,40,40,5,40.0,30.0,15.0,100.0,185.0,2.85,26,1.1212,11.231369649122806,11.2992,0,0,blue,1,0.9128,0.9128,24728,24735,24736,0.913,4,0,0,ab_pairs/event_01752_frames_24735_24736.jpg,adjacent_xp_event|trajectory_color_disagrees_with_xp,blue,0.7882,0.7882,0.2118,0.0,False,low_confidence_review,blue,0.7882,resolved_model_assignment
1754,frame_024738,24737,24738,824.5667,824.6,13:44.600,40,hud_ocr,0.9997,1,40,40,5,40.0,30.0,15.0,100.0,185.0,2.85,250,10.7805,107.99423175438596,108.6461,0,0,blue,1,0.6971,0.6971,24730,24735,24736,0.697,0,0,0,ab_pairs/event_01754_frames_24737_24738.jpg,adjacent_xp_event|trajectory_color_disagrees_with_xp,green,0.5459,0.4541,0.5459,0.0,False,low_confidence_review,green,0.5459,resolved_model_assignment
1756,frame_024740,24739,24740,824.6333,824.6667,13:44.667,40,hud_ocr,0.9997,1,40,40,5,40.0,30.0,15.0,100.0,185.0,2.85,8,0.345,3.455852280701754,3.4767,0,0,blue,1,0.9267,0.9267,24732,24739,24740,0.927,2,0,0,ab_pairs/event_01756_frames_24739_24740.jpg,adjacent_xp_event|trajectory_color_disagrees_with_xp,blue,0.812,0.812,0.188,0.0,False,candidate_assignment,blue,0.812,resolved_model_assignment
1757,frame_024741,24740,24741,824.6667,824.7,13:44.700,40,hud_ocr,0.9997,1,40,40,5,40.0,30.0,15.0,100.0,185.0,2.85,14,0.6037,6.047691403508772,6.0842,0,0,,0,0.0,0.0,,,,,1,0,0,ab_pairs/event_01757_frames_24740_24741.jpg,pickup_count_not_exactly_one|adjacent_xp_event|trajectory_color_disagrees_with_xp,blue,0.746,0.746,0.254,0.0,False,low_confidence_review,blue,0.746,resolved_model_assignment
1758,frame_024742,24741,24742,824.7,824.7333,13:44.733,40,hud_ocr,0.9997,1,40,40,5,40.0,30.0,15.0,100.0,185.0,2.85,24,1.0349,10.367456666666667,10.43,0,0,,0,0.0,0.0,,,,,2,0,0,ab_pairs/event_01758_frames_24741_24742.jpg,pickup_count_not_exactly_one|adjacent_xp_event|trajectory_color_disagrees_with_xp,blue,0.7334,0.7334,0.2666,0.0,False,low_confidence_review,blue,0.7334,resolved_model_assignment
1764,frame_024753,24752,24753,825.0667,825.1,13:45.100,40,hud_ocr,0.9999,1,40,40,5,40.0,30.0,15.0,100.0,185.0,2.85,18,0.7762,7.775617543859648,7.8226,0,0,,0,0.0,0.0,,,,,0,0,0,ab_pairs/event_01764_frames_24752_24753.jpg,pickup_count_not_exactly_one|adjacent_xp_event|trajectory_color_disagrees_with_xp,blue,0.5158,0.5158,0.4842,0.0,False,low_confidence_review,blue,0.5158,resolved_model_assignment
1766,frame_024755,24754,24755,825.1333,825.1667,13:45.167,40,hud_ocr,0.9999,1,40,40,5,40.0,30.0,15.0,100.0,185.0,2.85,34,1.4661,14.68722192982456,14.7759,0,0,,0,0.0,0.0,,,,,0,0,0,ab_pairs/event_01766_frames_24754_24755.jpg,pickup_count_not_exactly_one|adjacent_xp_event|trajectory_color_disagrees_with_xp,green,0.5774,0.4226,0.5774,0.0,False,low_confidence_review,green,0.5774,resolved_model_assignment
1767,frame_024756,24755,24756,825.1667,825.2,13:45.200,40,hud_ocr,0.9999,1,40,40,5,40.0,30.0,15.0,100.0,185.0,2.85,14,0.6037,6.047691403508772,6.0842,0,0,,0,0.0,0.0,,,,,1,0,0,ab_pairs/event_01767_frames_24755_24756.jpg,pickup_count_not_exactly_one|adjacent_xp_event|trajectory_color_disagrees_with_xp,blue,0.74,0.74,0.26,0.0,False,low_confidence_review,blue,0.74,resolved_model_assignment
1771,frame_024762,24761,24762,825.3667,825.4,13:45.400,40,hud_ocr,0.9999,1,40,40,5,40.0,30.0,15.0,100.0,185.0,2.85,20,0.8624,8.63953052631579,8.6917,0,0,blue|green,2,0.9093,0.8724,24758|24759,24761|24761,24762|24762,0.909|0.835,0,1,0,ab_pairs/event_01771_frames_24761_24762.jpg,pickup_count_not_exactly_one|adjacent_xp_event|trajectory_color_disagrees_with_xp,green,0.8417,0.1583,0.8417,0.0,False,candidate_assignment,green,0.8417,resolved_model_assignment
1772,frame_024763,24762,24763,825.4,825.4333,13:45.433,40,hud_ocr,0.9999,1,40,40,5,40.0,30.0,15.0,100.0,185.0,2.85,10,0.4312,4.319765263157895,4.3458,0,0,,0,0.0,0.0,,,,,0,0,0,ab_pairs/event_01772_frames_24762_24763.jpg,pickup_count_not_exactly_one|adjacent_xp_event|trajectory_color_disagrees_with_xp,blue,0.5029,0.5029,0.4971,0.0,False,low_confidence_review,blue,0.5029,resolved_model_assignment
1776,frame_024768,24767,24768,825.5667,825.6,13:45.600,40,hud_ocr,0.9999,1,40,40,5,40.0,30.0,15.0,100.0,185.0,2.85,10,0.4312,4.319765263157895,4.3458,0,0,,0,0.0,0.0,,,,,0,0,0,ab_pairs/event_01776_frames_24767_24768.jpg,pickup_count_not_exactly_one|adjacent_xp_event|trajectory_color_disagrees_with_xp,blue,0.5015,0.5015,0.4985,0.0,False,low_confidence_review,blue,0.5015,resolved_model_assignment
1777,frame_024769,24768,24769,825.6,825.6333,13:45.633,40,hud_ocr,0.9999,1,40,40,5,40.0,30.0,15.0,100.0,185.0,2.85,10,0.4312,4.319765263157895,4.3458,0,0,,0,0.0,0.0,,,,,0,0,0,ab_pairs/event_01777_frames_24768_24769.jpg,pickup_count_not_exactly_one|adjacent_xp_event|trajectory_color_disagrees_with_xp,blue,0.5142,0.5142,0.4858,0.0,False,low_confidence_review,blue,0.5142,resolved_model_assignment
1782,frame_024776,24775,24776,825.8333,825.8667,13:45.867,40,hud_ocr,0.9999,1,40,40,5,40.0,30.0,15.0,100.0,185.0,2.85,14,0.6037,6.047691403508772,6.0842,0,0,,0,0.0,0.0,,,,,0,0,0,ab_pairs/event_01782_frames_24775_24776.jpg,pickup_count_not_exactly_one|adjacent_xp_event|trajectory_color_disagrees_with_xp,green,0.5322,0.4678,0.5322,0.0,False,low_confidence_review,green,0.5322,resolved_model_assignment
1783,frame_024777,24776,24777,825.8667,825.9,13:45.900,40,hud_ocr,0.9999,1,40,40,5,40.0,30.0,15.0,100.0,185.0,2.85,22,0.9487,9.50344350877193,9.5608,0,0,blue,1,0.8612,0.8612,24769,24776,24777,0.861,1,0,0,ab_pairs/event_01783_frames_24776_24777.jpg,adjacent_xp_event|trajectory_color_disagrees_with_xp,blue,0.7508,0.7508,0.2492,0.0,False,low_confidence_review,blue,0.7508,resolved_model_assignment
1794,frame_024802,24801,24802,826.7,826.7333,13:46.733,40,previous_hud_ocr_fallback,0.0,0,40,40,5,40.0,30.0,15.0,100.0,185.0,2.85,12,0.5175,5.1836782456140345,5.215,0,1,,0,0.0,0.0,,,,,0,0,0,ab_pairs/event_01794_frames_24801_24802.jpg,pickup_count_not_exactly_one|trajectory_color_disagrees_with_xp|hud_level_not_directly_confirmed,blue,0.562,0.562,0.438,0.0,False,low_confidence_review,blue,0.562,resolved_model_assignment
1809,frame_025124,25123,25124,837.4333,837.4667,13:57.467,41,hud_ocr,0.9999,1,41,41,5,40.0,30.0,15.0,0.0,85.0,1.85,14,0.6037,1.5370130270270268,1.5463,0,1,blue|blue,2,0.951,0.9261,25116|25116,25121|25122,25122|25123,0.901|0.951,0,0,0,ab_pairs/event_01809_frames_25123_25124.jpg,pickup_count_not_exactly_one|trajectory_color_disagrees_with_xp,blue,0.9203,0.9203,0.0797,0.0,False,candidate_assignment,blue,0.9203,resolved_model_assignment
1811,frame_025130,25129,25130,837.6333,837.6667,13:57.667,41,hud_ocr,0.9999,1,41,41,5,40.0,30.0,15.0,0.0,85.0,1.85,14,0.6037,1.5370130270270268,1.5463,0,0,blue,1,0.791,0.791,25123,25129,25130,0.791,0,0,0,ab_pairs/event_01811_frames_25129_25130.jpg,adjacent_xp_event,blue,0.8492,0.8492,0.1508,0.0,False,candidate_assignment,blue,0.8492,resolved_model_assignment
1813,frame_025181,25180,25181,839.3333,839.3667,13:59.367,41,hud_ocr,0.9997,1,41,41,5,40.0,30.0,15.0,0.0,85.0,1.85,14,0.6037,1.5370130270270268,1.5463,0,1,green,1,0.9623,0.9623,25173,25178,25179,0.962,0,0,0,ab_pairs/event_01813_frames_25180_25181.jpg,trajectory_color_disagrees_with_xp,green,0.8252,0.1748,0.8252,0.0,False,candidate_assignment,green,0.8252,resolved_model_assignment
1815,frame_025190,25189,25190,839.6333,839.6667,13:59.667,41,hud_ocr,0.9997,1,41,41,5,40.0,30.0,15.0,0.0,85.0,1.85,12,0.5175,1.317425189189189,1.3254,0,0,,0,0.0,0.0,,,,,1,0,0,ab_pairs/event_01815_frames_25189_25190.jpg,pickup_count_not_exactly_one|adjacent_xp_event|trajectory_color_disagrees_with_xp,blue,0.9792,0.9792,0.0208,0.0,False,candidate_assignment,blue,0.9792,resolved_model_assignment
1817,frame_025195,25194,25195,839.8,839.8333,13:59.833,41,hud_ocr,0.9997,1,41,41,5,40.0,30.0,15.0,0.0,85.0,1.85,33,1.423,3.6229574594594594,3.6448,0,0,blue,1,0.8222,0.8222,25187,25192,25193,0.822,1,0,0,ab_pairs/event_01817_frames_25194_25195.jpg,adjacent_xp_event|trajectory_color_disagrees_with_xp,blue,0.7918,0.7918,0.2082,0.0,False,low_confidence_review,blue,0.7918,resolved_model_assignment
1820,frame_025207,25206,25207,840.2,840.2333,14:00.233,41,hud_ocr,0.9914,1,41,41,5,40.0,30.0,15.0,0.0,85.0,1.85,12,0.5175,1.317425189189189,1.3254,0,0,blue,1,0.7475,0.7475,25199,25206,25207,0.747,1,0,0,ab_pairs/event_01820_frames_25206_25207.jpg,adjacent_xp_event,blue,0.9887,0.9887,0.0113,0.0,False,candidate_assignment,blue,0.9887,resolved_model_assignment
1822,frame_025211,25210,25211,840.3333,840.3667,14:00.367,41,hud_ocr,0.9914,1,41,41,5,40.0,30.0,15.0,0.0,85.0,1.85,12,0.5175,1.317425189189189,1.3254,0,1,blue|blue,2,0.9277,0.9117,25203|25203,25209|25209,25210|25210,0.928|0.896,0,0,0,ab_pairs/event_01822_frames_25210_25211.jpg,pickup_count_not_exactly_one|trajectory_color_disagrees_with_xp,blue,0.9135,0.9135,0.0865,0.0,False,candidate_assignment,blue,0.9135,resolved_model_assignment
1823,frame_025213,25212,25213,840.4,840.4333,14:00.433,41,hud_ocr,0.9914,1,41,41,5,40.0,30.0,15.0,0.0,85.0,1.85,40,1.7249,4.391451243243243,4.418,0,1,,0,0.0,0.0,,,,,0,1,0,ab_pairs/event_01823_frames_25212_25213.jpg,pickup_count_not_exactly_one|trajectory_color_disagrees_with_xp,green,0.776,0.224,0.776,0.0,False,low_confidence_review,green,0.776,resolved_model_assignment
1825,frame_025219,25218,25219,840.6,840.6333,14:00.633,41,hud_ocr,0.9914,1,41,41,5,40.0,30.0,15.0,0.0,85.0,1.85,34,1.4661,3.7327386486486485,3.7553,0,1,blue,1,0.8717,0.8717,25211,25218,25219,0.872,0,0,0,ab_pairs/event_01825_frames_25218_25219.jpg,trajectory_color_disagrees_with_xp,blue,0.5321,0.5321,0.4679,0.0,False,low_confidence_review,blue,0.5321,resolved_model_assignment
1830,frame_025231,25230,25231,841.0,841.0333,14:01.033,41,hud_ocr,0.9998,1,41,41,5,40.0,30.0,15.0,0.0,85.0,1.85,12,0.5175,1.317425189189189,1.3254,0,0,,0,0.0,0.0,,,,,0,0,0,ab_pairs/event_01830_frames_25230_25231.jpg,pickup_count_not_exactly_one|adjacent_xp_event|trajectory_color_disagrees_with_xp,blue,0.9647,0.9647,0.0353,0.0,False,candidate_assignment,blue,0.9647,resolved_model_assignment
1838,frame_025250,25249,25250,841.6333,841.6667,14:01.667,41,hud_ocr,0.9998,1,41,41,5,40.0,30.0,15.0,0.0,85.0,1.85,12,0.5175,1.317425189189189,1.3254,0,0,,0,0.0,0.0,,,,,0,0,0,ab_pairs/event_01838_frames_25249_25250.jpg,pickup_count_not_exactly_one|adjacent_xp_event|trajectory_color_disagrees_with_xp,blue,0.9439,0.9439,0.0561,0.0,False,candidate_assignment,blue,0.9439,resolved_model_assignment
1839,frame_025252,25251,25252,841.7,841.7333,14:01.733,41,hud_ocr,0.9998,1,41,41,5,40.0,30.0,15.0,0.0,85.0,1.85,14,0.6037,1.5370130270270268,1.5463,0,0,,0,0.0,0.0,,,,,0,0,0,ab_pairs/event_01839_frames_25251_25252.jpg,pickup_count_not_exactly_one|adjacent_xp_event|trajectory_color_disagrees_with_xp,blue,0.8734,0.8734,0.1266,0.0,False,candidate_assignment,blue,0.8734,resolved_model_assignment
1844,frame_025287,25286,25287,842.8667,842.9,14:02.900,41,hud_ocr,0.9999,1,41,41,5,40.0,30.0,15.0,0.0,85.0,1.85,13,0.5606,1.4272318378378377,1.4358,0,0,,0,0.0,0.0,,,,,0,0,0,ab_pairs/event_01844_frames_25286_25287.jpg,pickup_count_not_exactly_one|adjacent_xp_event|trajectory_color_disagrees_with_xp,blue,0.9465,0.9465,0.0535,0.0,False,candidate_assignment,blue,0.9465,resolved_model_assignment
1847,frame_025302,25301,25302,843.3667,843.4,14:03.400,41,hud_ocr,0.9999,1,41,41,5,40.0,30.0,15.0,0.0,85.0,1.85,14,0.6037,1.5370130270270268,1.5463,0,1,blue,1,0.9387,0.9387,25294,25301,25302,0.939,3,0,0,ab_pairs/event_01847_frames_25301_25302.jpg,multiple_same_color_pickup_candidates,blue,0.9305,0.9305,0.0695,0.0,False,candidate_assignment,blue,0.9305,resolved_model_assignment
1849,frame_025356,25355,25356,845.1667,845.2,14:05.200,41,hud_ocr,0.9993,1,41,41,5,40.0,30.0,15.0,0.0,85.0,1.85,14,0.6037,1.5370130270270268,1.5463,0,1,,0,0.0,0.0,,,,,0,0,0,ab_pairs/event_01849_frames_25355_25356.jpg,pickup_count_not_exactly_one|trajectory_color_disagrees_with_xp,blue,0.9181,0.9181,0.0819,0.0,False,candidate_assignment,blue,0.9181,resolved_model_assignment
1857,frame_025405,25404,25405,846.8,846.8333,14:06.833,41,hud_ocr,0.9893,1,41,41,5,40.0,30.0,15.0,0.0,85.0,1.85,20,0.8624,2.1957256216216217,2.209,0,1,blue,1,0.7271,0.7271,25397,25402,25403,0.727,0,0,0,ab_pairs/event_01857_frames_25404_25405.jpg,trajectory_color_disagrees_with_xp,blue,0.6766,0.6766,0.3234,0.0,False,low_confidence_review,blue,0.6766,resolved_model_assignment
1859,frame_025413,25412,25413,847.0667,847.1,14:07.100,41,hud_ocr,0.9997,1,41,41,5,40.0,30.0,15.0,0.0,85.0,1.85,14,0.6037,1.5370130270270268,1.5463,0,1,,0,0.0,0.0,,,,,0,0,0,ab_pairs/event_01859_frames_25412_25413.jpg,pickup_count_not_exactly_one|trajectory_color_disagrees_with_xp,blue,0.8748,0.8748,0.1252,0.0,False,candidate_assignment,blue,0.8748,resolved_model_assignment
1865,frame_025442,25441,25442,848.0333,848.0667,14:08.067,41,hud_ocr,0.9997,1,41,41,5,40.0,30.0,15.0,0.0,85.0,1.85,14,0.6037,1.5370130270270268,1.5463,0,0,blue,1,0.9289,0.9289,25434,25441,25442,0.929,1,0,0,ab_pairs/event_01865_frames_25441_25442.jpg,adjacent_xp_event,blue,0.9014,0.9014,0.0986,0.0,False,candidate_assignment,blue,0.9014,resolved_model_assignment
1870,frame_025471,25470,25471,849.0,849.0333,14:09.033,41,hud_ocr,0.9999,1,41,41,5,40.0,30.0,15.0,0.0,85.0,1.85,12,0.5175,1.317425189189189,1.3254,0,0,,0,0.0,0.0,,,,,0,0,0,ab_pairs/event_01870_frames_25470_25471.jpg,pickup_count_not_exactly_one|adjacent_xp_event|trajectory_color_disagrees_with_xp,blue,0.9578,0.9578,0.0422,0.0,False,candidate_assignment,blue,0.9578,resolved_model_assignment
1872,frame_025482,25481,25482,849.3667,849.4,14:09.400,41,hud_ocr,0.9999,1,41,41,5,40.0,30.0,15.0,0.0,85.0,1.85,32,1.3799,3.5131762702702702,3.5344,0,0,green,1,0.95,0.95,25474,25481,25482,0.950,1,1,0,ab_pairs/event_01872_frames_25481_25482.jpg,adjacent_xp_event,green,0.986,0.014,0.986,0.0,False,candidate_assignment,green,0.986,resolved_model_assignment
1876,frame_025553,25552,25553,851.7333,851.7667,14:11.767,41,hud_ocr,0.9999,1,41,41,5,40.0,30.0,15.0,0.0,85.0,1.85,18,0.7762,1.976163243243243,1.9881,0,0,,0,0.0,0.0,,,,,0,0,0,ab_pairs/event_01876_frames_25552_25553.jpg,pickup_count_not_exactly_one|adjacent_xp_event|trajectory_color_disagrees_with_xp,blue,0.7861,0.7861,0.2139,0.0,False,low_confidence_review,blue,0.7861,resolved_model_assignment
1879,frame_025557,25556,25557,851.8667,851.9,14:11.900,41,hud_ocr,0.9999,1,41,41,5,40.0,30.0,15.0,0.0,85.0,1.85,19,0.8193,2.085944432432432,2.0985,0,0,,0,0.0,0.0,,,,,0,0,0,ab_pairs/event_01879_frames_25556_25557.jpg,pickup_count_not_exactly_one|adjacent_xp_event|trajectory_color_disagrees_with_xp,blue,0.6866,0.6866,0.3134,0.0,False,low_confidence_review,blue,0.6866,resolved_model_assignment
1881,frame_025567,25566,25567,852.2,852.2333,14:12.233,41,hud_ocr,0.9998,1,41,41,5,40.0,30.0,15.0,0.0,85.0,1.85,14,0.6037,1.5370130270270268,1.5463,0,1,,0,0.0,0.0,,,,,0,1,0,ab_pairs/event_01881_frames_25566_25567.jpg,pickup_count_not_exactly_one|trajectory_color_disagrees_with_xp,blue,0.52,0.52,0.48,0.0,False,low_confidence_review,blue,0.52,resolved_model_assignment
1884,frame_025577,25576,25577,852.5333,852.5667,14:12.567,41,hud_ocr,0.9998,1,41,41,5,40.0,30.0,15.0,0.0,85.0,1.85,26,1.1212,2.854438216216216,2.8717,0,0,,0,0.0,0.0,,,,,1,0,0,ab_pairs/event_01884_frames_25576_25577.jpg,pickup_count_not_exactly_one|adjacent_xp_event|trajectory_color_disagrees_with_xp,blue,0.8163,0.8163,0.1837,0.0,False,candidate_assignment,blue,0.8163,resolved_model_assignment
1885,frame_025578,25577,25578,852.5667,852.6,14:12.600,41,hud_ocr,0.9998,1,41,41,5,40.0,30.0,15.0,0.0,85.0,1.85,13,0.5606,1.4272318378378377,1.4358,0,0,,0,0.0,0.0,,,,,0,1,0,ab_pairs/event_01885_frames_25577_25578.jpg,pickup_count_not_exactly_one|adjacent_xp_event|trajectory_color_disagrees_with_xp,green,0.5045,0.4955,0.5045,0.0,False,low_confidence_review,green,0.5045,resolved_model_assignment
1887,frame_025622,25621,25622,854.0333,854.0667,14:14.067,41,hud_ocr,0.9999,1,41,41,5,40.0,30.0,15.0,0.0,85.0,1.85,26,1.1212,2.854438216216216,2.8717,0,1,,0,0.0,0.0,,,,,2,0,0,ab_pairs/event_01887_frames_25621_25622.jpg,pickup_count_not_exactly_one|trajectory_color_disagrees_with_xp,blue,0.8117,0.8117,0.1883,0.0,False,candidate_assignment,blue,0.8117,resolved_model_assignment
1888,frame_025627,25626,25627,854.2,854.2333,14:14.233,41,hud_ocr,0.9999,1,41,41,5,40.0,30.0,15.0,0.0,85.0,1.85,26,1.1212,2.854438216216216,2.8717,0,1,,0,0.0,0.0,,,,,1,0,0,ab_pairs/event_01888_frames_25626_25627.jpg,pickup_count_not_exactly_one|trajectory_color_disagrees_with_xp,blue,0.7934,0.7934,0.2066,0.0,False,low_confidence_review,blue,0.7934,resolved_model_assignment
1889,frame_025629,25628,25629,854.2667,854.3,14:14.300,41,hud_ocr,0.9999,1,41,41,5,40.0,30.0,15.0,0.0,85.0,1.85,52,2.2423,5.708901891891892,5.7434,0,1,green,1,0.9283,0.9283,25621,25628,25629,0.928,0,1,0,ab_pairs/event_01889_frames_25628_25629.jpg,heldout_green_precision_or_support_gate_failed,green,0.9562,0.0438,0.9562,0.0,False,candidate_assignment,green,0.9562,resolved_model_assignment
1894,frame_025646,25645,25646,854.8333,854.8667,14:14.867,41,hud_ocr,0.9999,1,41,41,5,40.0,30.0,15.0,0.0,85.0,1.85,26,1.1212,2.854438216216216,2.8717,0,1,,0,0.0,0.0,,,,,1,0,0,ab_pairs/event_01894_frames_25645_25646.jpg,pickup_count_not_exactly_one|trajectory_color_disagrees_with_xp,blue,0.8417,0.8417,0.1583,0.0,False,candidate_assignment,blue,0.8417,resolved_model_assignment
1895,frame_025651,25650,25651,855.0,855.0333,14:15.033,41,hud_ocr,0.9998,1,41,41,5,40.0,30.0,15.0,0.0,85.0,1.85,14,0.6037,1.5370130270270268,1.5463,0,1,,0,0.0,0.0,,,,,0,0,0,ab_pairs/event_01895_frames_25650_25651.jpg,pickup_count_not_exactly_one|trajectory_color_disagrees_with_xp,blue,0.8954,0.8954,0.1046,0.0,False,candidate_assignment,blue,0.8954,resolved_model_assignment
1897,frame_025663,25662,25663,855.4,855.4333,14:15.433,41,hud_ocr,0.9998,1,41,41,5,40.0,30.0,15.0,0.0,85.0,1.85,12,0.5175,1.317425189189189,1.3254,0,0,,0,0.0,0.0,,,,,0,0,0,ab_pairs/event_01897_frames_25662_25663.jpg,pickup_count_not_exactly_one|adjacent_xp_event|trajectory_color_disagrees_with_xp,blue,0.9628,0.9628,0.0372,0.0,False,candidate_assignment,blue,0.9628,resolved_model_assignment
1900,frame_025671,25670,25671,855.6667,855.7,14:15.700,41,hud_ocr,0.9998,1,41,41,5,40.0,30.0,15.0,0.0,85.0,1.85,46,1.9836,5.050163837837837,5.0806,0,1,,0,0.0,0.0,,,,,0,1,0,ab_pairs/event_01900_frames_25670_25671.jpg,pickup_count_not_exactly_one|trajectory_color_disagrees_with_xp,green,0.7915,0.2085,0.7915,0.0,False,low_confidence_review,green,0.7915,resolved_model_assignment
1902,frame_025677,25676,25677,855.8667,855.9,14:15.900,41,hud_ocr,0.9998,1,41,41,5,40.0,30.0,15.0,0.0,85.0,1.85,26,1.1212,2.854438216216216,2.8717,0,1,blue,1,0.939,0.939,25669,25675,25676,0.939,0,0,0,ab_pairs/event_01902_frames_25676_25677.jpg,trajectory_color_disagrees_with_xp,blue,0.5986,0.5986,0.4014,0.0,False,low_confidence_review,blue,0.5986,resolved_model_assignment
1907,frame_025767,25766,25767,858.8667,858.9,14:18.900,42,hud_ocr,0.9822,1,42,42,5,40.0,30.0,15.0,0.0,85.0,1.85,38,1.6386,4.313609081081081,4.3396,0,0,blue,1,0.9577,0.9577,25759,25766,25767,0.958,0,0,0,ab_pairs/event_01907_frames_25766_25767.jpg,adjacent_xp_event|trajectory_color_disagrees_with_xp,blue,0.5461,0.5461,0.4539,0.0,False,low_confidence_review,blue,0.5461,resolved_model_assignment
1919,frame_025798,25797,25798,859.9,859.9333,14:19.933,42,hud_ocr,0.9998,1,42,42,5,40.0,30.0,15.0,0.0,85.0,1.85,18,0.7762,2.043294054054054,2.0556,0,0,blue|green,2,0.9288,0.9281,25790|25793,25796|25797,25797|25798,0.929|0.927,1,1,0,ab_pairs/event_01919_frames_25797_25798.jpg,pickup_count_not_exactly_one|adjacent_xp_event|trajectory_color_disagrees_with_xp,green,0.7972,0.2028,0.7972,0.0,False,low_confidence_review,green,0.7972,resolved_model_assignment
1920,frame_025799,25798,25799,859.9333,859.9667,14:19.967,42,hud_ocr,0.9998,1,42,42,5,40.0,30.0,15.0,0.0,85.0,1.85,26,1.1212,2.9514042702702703,2.9692,0,0,blue,1,0.9075,0.9075,25791,25798,25799,0.907,1,0,0,ab_pairs/event_01920_frames_25798_25799.jpg,adjacent_xp_event|trajectory_color_disagrees_with_xp,blue,0.8995,0.8995,0.1005,0.0,False,candidate_assignment,blue,0.8995,resolved_model_assignment
1922,frame_025803,25802,25803,860.0667,860.1,14:20.100,42,hud_ocr,0.9998,1,42,42,5,40.0,30.0,15.0,0.0,85.0,1.85,18,0.7762,2.043294054054054,2.0556,0,1,,0,0.0,0.0,,,,,1,0,0,ab_pairs/event_01922_frames_25802_25803.jpg,pickup_count_not_exactly_one|trajectory_color_disagrees_with_xp,blue,0.8908,0.8908,0.1092,0.0,False,candidate_assignment,blue,0.8908,resolved_model_assignment
1925,frame_025807,25806,25807,860.2,860.2333,14:20.233,42,hud_ocr,0.9998,1,42,42,5,40.0,30.0,15.0,0.0,85.0,1.85,14,0.6037,1.5892257837837838,1.5988,0,0,green,1,0.8126,0.8126,25803,25806,25807,0.813,0,1,0,ab_pairs/event_01925_frames_25806_25807.jpg,adjacent_xp_event|trajectory_color_disagrees_with_xp,green,0.6925,0.3075,0.6925,0.0,False,low_confidence_review,green,0.6925,resolved_model_assignment
1926,frame_025809,25808,25809,860.2667,860.3,14:20.300,42,hud_ocr,0.9998,1,42,42,5,40.0,30.0,15.0,0.0,85.0,1.85,19,0.8193,2.1568045405405405,2.1698,0,0,,0,0.0,0.0,,,,,0,0,0,ab_pairs/event_01926_frames_25808_25809.jpg,pickup_count_not_exactly_one|adjacent_xp_event|trajectory_color_disagrees_with_xp,blue,0.7638,0.7638,0.2362,0.0,False,low_confidence_review,blue,0.7638,resolved_model_assignment
1928,frame_025812,25811,25812,860.3667,860.4,14:20.400,42,hud_ocr,0.9998,1,42,42,5,40.0,30.0,15.0,0.0,85.0,1.85,18,0.7762,2.043294054054054,2.0556,0,0,blue|blue,2,0.9379,0.9328,25804|25806,25810|25810,25811|25811,0.938|0.928,1,0,0,ab_pairs/event_01928_frames_25811_25812.jpg,pickup_count_not_exactly_one|adjacent_xp_event|trajectory_color_disagrees_with_xp,blue,0.8608,0.8608,0.1392,0.0,False,candidate_assignment,blue,0.8608,resolved_model_assignment
1929,frame_025813,25812,25813,860.4,860.4333,14:20.433,42,hud_ocr,0.9998,1,42,42,5,40.0,30.0,15.0,0.0,85.0,1.85,14,0.6037,1.5892257837837838,1.5988,0,0,,0,0.0,0.0,,,,,0,0,0,ab_pairs/event_01929_frames_25812_25813.jpg,pickup_count_not_exactly_one|adjacent_xp_event|trajectory_color_disagrees_with_xp,blue,0.9411,0.9411,0.0589,0.0,False,candidate_assignment,blue,0.9411,resolved_model_assignment
1930,frame_025816,25815,25816,860.5,860.5333,14:20.533,42,hud_ocr,0.9998,1,42,42,5,40.0,30.0,15.0,0.0,85.0,1.85,24,1.0349,2.7243832972972974,2.7408,0,1,green|blue,2,0.9184,0.871,25809|25808,25814|25814,25815|25815,0.918|0.824,1,0,0,ab_pairs/event_01930_frames_25815_25816.jpg,pickup_count_not_exactly_one|trajectory_color_disagrees_with_xp,green,0.5718,0.4282,0.5718,0.0,False,low_confidence_review,green,0.5718,resolved_model_assignment
1933,frame_025826,25825,25826,860.8333,860.8667,14:20.867,42,hud_ocr,0.9998,1,42,42,5,40.0,30.0,15.0,0.0,85.0,1.85,76,3.2773,8.627191837837838,8.6793,0,0,green,1,0.8454,0.8454,25823,25825,25826,0.845,0,0,0,ab_pairs/event_01933_frames_25825_25826.jpg,adjacent_xp_event|trajectory_color_disagrees_with_xp,green,0.5867,0.4133,0.5867,0.0,False,low_confidence_review,green,0.5867,resolved_model_assignment
1934,frame_025827,25826,25827,860.8667,860.9,14:20.900,42,hud_ocr,0.9998,1,42,42,5,40.0,30.0,15.0,0.0,85.0,1.85,20,0.8624,2.2703150270270274,2.284,0,0,,0,0.0,0.0,,,,,0,0,0,ab_pairs/event_01934_frames_25826_25827.jpg,pickup_count_not_exactly_one|adjacent_xp_event|trajectory_color_disagrees_with_xp,blue,0.737,0.737,0.263,0.0,False,low_confidence_review,blue,0.737,resolved_model_assignment
1938,frame_025834,25833,25834,861.1,861.1333,14:21.133,42,hud_ocr,0.9998,1,42,42,5,40.0,30.0,15.0,0.0,85.0,1.85,18,0.7762,2.043294054054054,2.0556,0,0,,0,0.0,0.0,,,,,0,0,0,ab_pairs/event_01938_frames_25833_25834.jpg,pickup_count_not_exactly_one|adjacent_xp_event|trajectory_color_disagrees_with_xp,blue,0.7858,0.7858,0.2142,0.0,False,low_confidence_review,blue,0.7858,resolved_model_assignment
1940,frame_025837,25836,25837,861.2,861.2333,14:21.233,42,hud_ocr,0.9998,1,42,42,5,40.0,30.0,15.0,0.0,85.0,1.85,25,1.0781,2.8378937837837834,2.855,0,1,blue|blue,2,0.8495,0.8418,25829|25829,25835|25836,25836|25837,0.849|0.834,0,0,0,ab_pairs/event_01940_frames_25836_25837.jpg,pickup_count_not_exactly_one|trajectory_color_disagrees_with_xp,blue,0.727,0.727,0.273,0.0,False,low_confidence_review,blue,0.727,resolved_model_assignment
1942,frame_025841,25840,25841,861.3333,861.3667,14:21.367,42,hud_ocr,0.9998,1,42,42,5,40.0,30.0,15.0,0.0,85.0,1.85,32,1.3799,3.6325198378378376,3.6544,0,0,green,1,0.9173,0.9173,25837,25839,25840,0.917,0,0,0,ab_pairs/event_01942_frames_25840_25841.jpg,adjacent_xp_event,green,0.6715,0.3285,0.6715,0.0,False,low_confidence_review,green,0.6715,resolved_model_assignment
1945,frame_025846,25845,25846,861.5,861.5333,14:21.533,42,hud_ocr,0.9998,1,42,42,5,40.0,30.0,15.0,0.0,85.0,1.85,31,1.3368,3.518983027027027,3.5402,0,0,green,1,0.9176,0.9176,25840,25844,25845,0.918,1,1,0,ab_pairs/event_01945_frames_25845_25846.jpg,adjacent_xp_event,green,0.8449,0.1551,0.8449,0.0,False,candidate_assignment,green,0.8449,resolved_model_assignment
1951,frame_025857,25856,25857,861.8667,861.9,14:21.900,42,hud_ocr,0.9998,1,42,42,5,40.0,30.0,15.0,0.0,85.0,1.85,14,0.6037,1.5892257837837838,1.5988,0,1,green,1,0.949,0.949,25849,25855,25856,0.949,2,0,0,ab_pairs/event_01951_frames_25856_25857.jpg,trajectory_color_disagrees_with_xp|multiple_same_color_pickup_candidates,green,0.6742,0.3258,0.6742,0.0,False,low_confidence_review,green,0.6742,resolved_model_assignment
1952,frame_025859,25858,25859,861.9333,861.9667,14:21.967,42,hud_ocr,0.9998,1,42,42,5,40.0,30.0,15.0,0.0,85.0,1.85,26,1.1212,2.9514042702702703,2.9692,0,0,blue,1,0.8627,0.8627,25851,25857,25858,0.863,0,0,0,ab_pairs/event_01952_frames_25858_25859.jpg,adjacent_xp_event|trajectory_color_disagrees_with_xp,blue,0.6608,0.6608,0.3392,0.0,False,low_confidence_review,blue,0.6608,resolved_model_assignment
1956,frame_025870,25869,25870,862.3,862.3333,14:22.333,42,hud_ocr,0.8877,1,42,42,5,40.0,30.0,15.0,0.0,85.0,1.85,38,1.6386,4.313609081081081,4.3396,0,0,,0,0.0,0.0,,,,,0,0,0,ab_pairs/event_01956_frames_25869_25870.jpg,pickup_count_not_exactly_one|adjacent_xp_event|trajectory_color_disagrees_with_xp,blue,0.5601,0.5601,0.4399,0.0,False,low_confidence_review,blue,0.5601,resolved_model_assignment
1958,frame_025872,25871,25872,862.3667,862.4,14:22.400,42,hud_ocr,0.8877,1,42,42,5,40.0,30.0,15.0,0.0,85.0,1.85,26,1.1212,2.9514042702702703,2.9692,0,0,,0,0.0,0.0,,,,,0,0,0,ab_pairs/event_01958_frames_25871_25872.jpg,pickup_count_not_exactly_one|adjacent_xp_event|trajectory_color_disagrees_with_xp,blue,0.6737,0.6737,0.3263,0.0,False,low_confidence_review,blue,0.6737,resolved_model_assignment
1960,frame_025875,25874,25875,862.4667,862.5,14:22.500,42,hud_ocr,0.8877,1,42,42,5,40.0,30.0,15.0,0.0,85.0,1.85,14,0.6037,1.5892257837837838,1.5988,0,0,,0,0.0,0.0,,,,,0,0,0,ab_pairs/event_01960_frames_25874_25875.jpg,pickup_count_not_exactly_one|adjacent_xp_event|trajectory_color_disagrees_with_xp,blue,0.9467,0.9467,0.0533,0.0,False,candidate_assignment,blue,0.9467,resolved_model_assignment
1961,frame_025876,25875,25876,862.5,862.5333,14:22.533,42,hud_ocr,0.8877,1,42,42,5,40.0,30.0,15.0,0.0,85.0,1.85,32,1.3799,3.6325198378378376,3.6544,0,0,,0,0.0,0.0,,,,,1,0,0,ab_pairs/event_01961_frames_25875_25876.jpg,pickup_count_not_exactly_one|adjacent_xp_event|trajectory_color_disagrees_with_xp,blue,0.8002,0.8002,0.1998,0.0,False,candidate_assignment,blue,0.8002,resolved_model_assignment
1962,frame_025878,25877,25878,862.5667,862.6,14:22.600,42,hud_ocr,0.8877,1,42,42,5,40.0,30.0,15.0,0.0,85.0,1.85,25,1.0781,2.8378937837837834,2.855,0,1,blue,1,0.8253,0.8253,25870,25877,25878,0.825,2,0,0,ab_pairs/event_01962_frames_25877_25878.jpg,trajectory_color_disagrees_with_xp,blue,0.8654,0.8654,0.1346,0.0,False,candidate_assignment,blue,0.8654,resolved_model_assignment
1964,frame_025881,25880,25881,862.6667,862.7,14:22.700,42,hud_ocr,0.8877,1,42,42,5,40.0,30.0,15.0,0.0,85.0,1.85,26,1.1212,2.9514042702702703,2.9692,0,0,,0,0.0,0.0,,,,,0,0,0,ab_pairs/event_01964_frames_25880_25881.jpg,pickup_count_not_exactly_one|adjacent_xp_event|trajectory_color_disagrees_with_xp,blue,0.691,0.691,0.309,0.0,False,low_confidence_review,blue,0.691,resolved_model_assignment
1967,frame_025887,25886,25887,862.8667,862.9,14:22.900,42,hud_ocr,0.8877,1,42,42,5,40.0,30.0,15.0,0.0,85.0,1.85,14,0.6037,1.5892257837837838,1.5988,0,0,blue,1,0.8107,0.8107,25881,25886,25887,0.811,0,0,0,ab_pairs/event_01967_frames_25886_25887.jpg,adjacent_xp_event,blue,0.9803,0.9803,0.0197,0.0,False,candidate_assignment,blue,0.9803,resolved_model_assignment
1968,frame_025888,25887,25888,862.9,862.9333,14:22.933,42,hud_ocr,0.8877,1,42,42,5,40.0,30.0,15.0,0.0,85.0,1.85,18,0.7762,2.043294054054054,2.0556,0,0,,0,0.0,0.0,,,,,0,0,0,ab_pairs/event_01968_frames_25887_25888.jpg,pickup_count_not_exactly_one|adjacent_xp_event|trajectory_color_disagrees_with_xp,blue,0.8404,0.8404,0.1596,0.0,False,candidate_assignment,blue,0.8404,resolved_model_assignment
1981,frame_025994,25993,25994,866.4333,866.4667,14:26.467,42,hud_ocr,0.9999,1,42,42,5,40.0,30.0,15.0,0.0,85.0,1.85,32,1.3799,3.6325198378378376,3.6544,0,0,,0,0.0,0.0,,,,,0,0,0,ab_pairs/event_01981_frames_25993_25994.jpg,pickup_count_not_exactly_one|adjacent_xp_event|trajectory_color_disagrees_with_xp,green,0.5444,0.4556,0.5444,0.0,False,low_confidence_review,green,0.5444,resolved_model_assignment
1991,frame_026065,26064,26065,868.8,868.8333,14:28.833,42,hud_ocr,0.9999,1,42,42,5,40.0,30.0,15.0,0.0,85.0,1.85,20,0.8624,2.2703150270270274,2.284,0,0,,0,0.0,0.0,,,,,0,0,0,ab_pairs/event_01991_frames_26064_26065.jpg,pickup_count_not_exactly_one|adjacent_xp_event|trajectory_color_disagrees_with_xp,blue,0.6801,0.6801,0.3199,0.0,False,low_confidence_review,blue,0.6801,resolved_model_assignment
1994,frame_026085,26084,26085,869.4667,869.5,14:29.500,42,hud_ocr,0.7693,1,42,42,5,40.0,30.0,15.0,0.0,85.0,1.85,26,1.1212,2.9514042702702703,2.9692,0,1,green,1,0.9393,0.9393,26080,26084,26085,0.939,0,1,0,ab_pairs/event_01994_frames_26084_26085.jpg,heldout_green_precision_or_support_gate_failed,green,0.9679,0.0321,0.9679,0.0,False,candidate_assignment,green,0.9679,resolved_model_assignment
2001,frame_026131,26130,26131,871.0,871.0333,14:31.033,42,hud_ocr,0.9999,1,42,42,5,40.0,30.0,15.0,0.0,85.0,1.85,18,0.7762,2.043294054054054,2.0556,0,0,,0,0.0,0.0,,,,,0,0,0,ab_pairs/event_02001_frames_26130_26131.jpg,pickup_count_not_exactly_one|adjacent_xp_event|trajectory_color_disagrees_with_xp,blue,0.8036,0.8036,0.1964,0.0,False,candidate_assignment,blue,0.8036,resolved_model_assignment
2002,frame_026132,26131,26132,871.0333,871.0667,14:31.067,42,hud_ocr,0.9999,1,42,42,5,40.0,30.0,15.0,0.0,85.0,1.85,14,0.6037,1.5892257837837838,1.5988,0,0,,0,0.0,0.0,,,,,0,0,0,ab_pairs/event_02002_frames_26131_26132.jpg,pickup_count_not_exactly_one|adjacent_xp_event|trajectory_color_disagrees_with_xp,blue,0.9789,0.9789,0.0211,0.0,False,candidate_assignment,blue,0.9789,resolved_model_assignment
2008,frame_026572,26571,26572,885.7,885.7333,14:45.733,42,hud_ocr,0.6165,1,43,43,5,40.0,30.0,15.0,0.0,85.0,1.85,180,7.762,20.432861567567567,20.5562,0,1,,0,0.0,0.0,,,,,0,0,0,ab_pairs/event_02008_frames_26571_26572.jpg,pickup_count_not_exactly_one|trajectory_color_disagrees_with_xp,green,0.5326,0.4674,0.5326,0.0,False,low_confidence_review,green,0.5326,resolved_model_assignment
2011,frame_026591,26590,26591,886.3333,886.3667,14:46.367,42,previous_hud_ocr_fallback,0.7782,0,43,43,5,40.0,30.0,15.0,0.0,85.0,1.85,11,0.4743,1.248668,1.2562,1,1,,0,0.0,0.0,,,,,0,1,0,ab_pairs/event_02011_frames_26590_26591.jpg,pickup_count_not_exactly_one|trajectory_color_disagrees_with_xp|xp_bar_saturated|hud_level_not_directly_confirmed,,0.0,0.0,0.0,0.0,False,saturated_unresolved,green,1.0,unmatched_candidate_vote
2013,frame_026715,26714,26715,890.4667,890.5,14:50.500,43,hud_ocr,0.9987,1,44,44,5,40.0,30.0,15.0,0.0,85.0,1.85,64,2.7598,7.503699621621622,7.549,0,0,green|green|blue,3,0.9416,0.8354,26709|26712|26707,26714|26714|26714,26715|26715|26715,0.942|0.824|0.741,1,0,0,ab_pairs/event_02013_frames_26714_26715.jpg,pickup_count_not_exactly_one|adjacent_xp_event|trajectory_color_disagrees_with_xp,green,0.6399,0.3601,0.6399,0.0,False,low_confidence_review,green,0.6399,resolved_model_assignment
2017,frame_026722,26721,26722,890.7,890.7333,14:50.733,43,hud_ocr,0.9987,1,44,44,5,40.0,30.0,15.0,0.0,85.0,1.85,31,1.3368,3.6345964324324327,3.6565,0,0,,0,0.0,0.0,,,,,3,1,0,ab_pairs/event_02017_frames_26721_26722.jpg,pickup_count_not_exactly_one|adjacent_xp_event|trajectory_color_disagrees_with_xp,green,0.673,0.327,0.673,0.0,False,low_confidence_review,green,0.673,resolved_model_assignment
2018,frame_026723,26722,26723,890.7333,890.7667,14:50.767,43,hud_ocr,0.9987,1,44,44,5,40.0,30.0,15.0,0.0,85.0,1.85,25,1.0781,2.9311305405405403,2.9488,0,0,green,1,0.8443,0.8443,26715,26722,26723,0.844,1,0,0,ab_pairs/event_02018_frames_26722_26723.jpg,adjacent_xp_event,blue,0.5275,0.5275,0.4725,0.0,False,low_confidence_review,blue,0.5275,resolved_model_assignment
2019,frame_026724,26723,26724,890.7667,890.8,14:50.800,43,hud_ocr,0.9987,1,44,44,5,40.0,30.0,15.0,0.0,85.0,1.85,25,1.0781,2.9311305405405403,2.9488,0,0,blue|blue,2,0.8901,0.8602,26716|26719,26723|26723,26724|26724,0.890|0.830,0,0,0,ab_pairs/event_02019_frames_26723_26724.jpg,pickup_count_not_exactly_one|adjacent_xp_event|trajectory_color_disagrees_with_xp,blue,0.7371,0.7371,0.2629,0.0,False,low_confidence_review,blue,0.7371,resolved_model_assignment
2021,frame_026727,26726,26727,890.8667,890.9,14:50.900,43,hud_ocr,0.9987,1,44,44,5,40.0,30.0,15.0,0.0,85.0,1.85,43,1.8542,5.041555405405405,5.072,0,0,blue|blue|green,3,0.9189,0.9052,26719|26719|26719,26726|26726|26726,26727|26727|26727,0.919|0.908|0.889,1,2,0,ab_pairs/event_02021_frames_26726_26727.jpg,pickup_count_not_exactly_one|adjacent_xp_event|trajectory_color_disagrees_with_xp|multiple_same_color_pickup_candidates,green,0.8154,0.1846,0.8154,0.0,False,candidate_assignment,green,0.8154,resolved_model_assignment
2022,frame_026728,26727,26728,890.9,890.9333,14:50.933,43,hud_ocr,0.9987,1,44,44,5,40.0,30.0,15.0,0.0,85.0,1.85,20,0.8624,2.3449044324324326,2.3591,0,0,,0,0.0,0.0,,,,,0,0,0,ab_pairs/event_02022_frames_26727_26728.jpg,pickup_count_not_exactly_one|adjacent_xp_event|trajectory_color_disagrees_with_xp,blue,0.7908,0.7908,0.2092,0.0,False,low_confidence_review,blue,0.7908,resolved_model_assignment
2023,frame_026732,26731,26732,891.0333,891.0667,14:51.067,43,hud_ocr,0.9998,1,44,44,5,40.0,30.0,15.0,0.0,85.0,1.85,30,1.2937,3.517356648648648,3.5386,0,1,,0,0.0,0.0,,,,,5,2,0,ab_pairs/event_02023_frames_26731_26732.jpg,pickup_count_not_exactly_one|trajectory_color_disagrees_with_xp|multiple_same_color_pickup_candidates,green,0.6503,0.3497,0.6503,0.0,False,low_confidence_review,green,0.6503,resolved_model_assignment
2026,frame_026740,26739,26740,891.3,891.3333,14:51.333,43,hud_ocr,0.9998,1,44,44,5,40.0,30.0,15.0,0.0,85.0,1.85,25,1.0781,2.9311305405405403,2.9488,0,0,blue,1,0.9073,0.9073,26732,26739,26740,0.907,0,0,0,ab_pairs/event_02026_frames_26739_26740.jpg,adjacent_xp_event|trajectory_color_disagrees_with_xp,blue,0.7312,0.7312,0.2688,0.0,False,low_confidence_review,blue,0.7312,resolved_model_assignment
2027,frame_026741,26740,26741,891.3333,891.3667,14:51.367,43,hud_ocr,0.9998,1,44,44,5,40.0,30.0,15.0,0.0,85.0,1.85,23,0.9918,2.696650972972973,2.7129,0,0,,0,0.0,0.0,,,,,1,1,0,ab_pairs/event_02027_frames_26740_26741.jpg,pickup_count_not_exactly_one|adjacent_xp_event|trajectory_color_disagrees_with_xp,green,0.5111,0.4889,0.5111,0.0,False,low_confidence_review,green,0.5111,resolved_model_assignment
2029,frame_026745,26744,26745,891.4667,891.5,14:51.500,43,hud_ocr,0.9998,1,44,44,5,40.0,30.0,15.0,0.0,85.0,1.85,24,1.0349,2.813890756756757,2.8309,0,0,green|blue|blue,3,0.9365,0.8878,26738|26737|26737,26743|26744|26744,26744|26745|26745,0.936|0.877|0.850,1,0,0,ab_pairs/event_02029_frames_26744_26745.jpg,pickup_count_not_exactly_one|adjacent_xp_event|trajectory_color_disagrees_with_xp,green,0.6302,0.3698,0.6302,0.0,False,low_confidence_review,green,0.6302,resolved_model_assignment
2030,frame_026746,26745,26746,891.5,891.5333,14:51.533,43,hud_ocr,0.9998,1,44,44,5,40.0,30.0,15.0,0.0,85.0,1.85,20,0.8624,2.3449044324324326,2.3591,0,0,,0,0.0,0.0,,,,,0,1,0,ab_pairs/event_02030_frames_26745_26746.jpg,pickup_count_not_exactly_one|adjacent_xp_event|trajectory_color_disagrees_with_xp,green,0.5506,0.4494,0.5506,0.0,False,low_confidence_review,green,0.5506,resolved_model_assignment
2031,frame_026747,26746,26747,891.5333,891.5667,14:51.567,43,hud_ocr,0.9998,1,44,44,5,40.0,30.0,15.0,0.0,85.0,1.85,56,2.4148,6.565726972972973,6.6054,0,0,,0,0.0,0.0,,,,,0,0,0,ab_pairs/event_02031_frames_26746_26747.jpg,pickup_count_not_exactly_one|adjacent_xp_event|trajectory_color_disagrees_with_xp,blue,0.5529,0.5529,0.4471,0.0,False,low_confidence_review,blue,0.5529,resolved_model_assignment
2035,frame_026753,26752,26753,891.7333,891.7667,14:51.767,43,hud_ocr,0.9999,1,44,44,5,40.0,30.0,15.0,0.0,85.0,1.85,30,1.2937,3.517356648648648,3.5386,0,0,blue|blue,2,0.9164,0.872,26746|26745,26751|26752,26752|26753,0.916|0.828,0,0,0,ab_pairs/event_02035_frames_26752_26753.jpg,pickup_count_not_exactly_one|adjacent_xp_event|trajectory_color_disagrees_with_xp,blue,0.6469,0.6469,0.3531,0.0,False,low_confidence_review,blue,0.6469,resolved_model_assignment
2044,frame_026767,26766,26767,892.2,892.2333,14:52.233,43,hud_ocr,0.9999,1,44,44,5,40.0,30.0,15.0,0.0,85.0,1.85,31,1.3368,3.6345964324324327,3.6565,0,0,,0,0.0,0.0,,,,,0,0,0,ab_pairs/event_02044_frames_26766_26767.jpg,pickup_count_not_exactly_one|adjacent_xp_event|trajectory_color_disagrees_with_xp,blue,0.6261,0.6261,0.3739,0.0,False,low_confidence_review,blue,0.6261,resolved_model_assignment
2056,frame_026788,26787,26788,892.9,892.9333,14:52.933,43,hud_ocr,0.9999,1,44,44,5,40.0,30.0,15.0,0.0,85.0,1.85,26,1.1212,3.048370324324324,3.0668,0,0,,0,0.0,0.0,,,,,0,0,0,ab_pairs/event_02056_frames_26787_26788.jpg,pickup_count_not_exactly_one|adjacent_xp_event|trajectory_color_disagrees_with_xp,blue,0.7218,0.7218,0.2782,0.0,False,low_confidence_review,blue,0.7218,resolved_model_assignment
2057,frame_026789,26788,26789,892.9333,892.9667,14:52.967,43,hud_ocr,0.9999,1,44,44,5,40.0,30.0,15.0,0.0,85.0,1.85,24,1.0349,2.813890756756757,2.8309,0,0,,0,0.0,0.0,,,,,0,0,0,ab_pairs/event_02057_frames_26788_26789.jpg,pickup_count_not_exactly_one|adjacent_xp_event|trajectory_color_disagrees_with_xp,blue,0.7662,0.7662,0.2338,0.0,False,low_confidence_review,blue,0.7662,resolved_model_assignment
2062,frame_026794,26793,26794,893.1,893.1333,14:53.133,43,hud_ocr,0.9999,1,44,44,5,40.0,30.0,15.0,0.0,85.0,1.85,92,3.9672,10.786576702702703,10.8517,0,0,blue,1,0.9592,0.9592,26786,26793,26794,0.959,0,0,0,ab_pairs/event_02062_frames_26793_26794.jpg,adjacent_xp_event|trajectory_color_disagrees_with_xp,green,0.5042,0.4958,0.5042,0.0,False,low_confidence_review,green,0.5042,resolved_model_assignment
2063,frame_026795,26794,26795,893.1333,893.1667,14:53.167,43,hud_ocr,0.9999,1,44,44,5,40.0,30.0,15.0,0.0,85.0,1.85,26,1.1212,3.048370324324324,3.0668,0,0,,0,0.0,0.0,,,,,0,0,0,ab_pairs/event_02063_frames_26794_26795.jpg,pickup_count_not_exactly_one|adjacent_xp_event|trajectory_color_disagrees_with_xp,blue,0.7108,0.7108,0.2892,0.0,False,low_confidence_review,blue,0.7108,resolved_model_assignment
2065,frame_026797,26796,26797,893.2,893.2333,14:53.233,43,hud_ocr,0.9999,1,44,44,5,40.0,30.0,15.0,0.0,85.0,1.85,68,2.9323,7.972685945945945,8.0208,0,0,,0,0.0,0.0,,,,,0,0,0,ab_pairs/event_02065_frames_26796_26797.jpg,pickup_count_not_exactly_one|adjacent_xp_event|trajectory_color_disagrees_with_xp,blue,0.5431,0.5431,0.4569,0.0,False,low_confidence_review,blue,0.5431,resolved_model_assignment
2066,frame_026798,26797,26798,893.2333,893.2667,14:53.267,43,hud_ocr,0.9999,1,44,44,5,40.0,30.0,15.0,0.0,85.0,1.85,62,2.6736,7.2692200540540535,7.3131,0,0,,0,0.0,0.0,,,,,0,0,0,ab_pairs/event_02066_frames_26797_26798.jpg,pickup_count_not_exactly_one|adjacent_xp_event|trajectory_color_disagrees_with_xp,blue,0.5454,0.5454,0.4546,0.0,False,low_confidence_review,blue,0.5454,resolved_model_assignment
2067,frame_026799,26798,26799,893.2667,893.3,14:53.300,43,hud_ocr,0.9999,1,44,44,5,40.0,30.0,15.0,0.0,85.0,1.85,50,2.1561,5.862261081081081,5.8976,0,0,,0,0.0,0.0,,,,,2,0,0,ab_pairs/event_02067_frames_26798_26799.jpg,pickup_count_not_exactly_one|adjacent_xp_event|trajectory_color_disagrees_with_xp,blue,0.7816,0.7816,0.2184,0.0,False,low_confidence_review,blue,0.7816,resolved_model_assignment
2068,frame_026800,26799,26800,893.3,893.3333,14:53.333,43,hud_ocr,0.9999,1,44,44,5,40.0,30.0,15.0,0.0,85.0,1.85,56,2.4148,6.565726972972973,6.6054,0,0,,0,0.0,0.0,,,,,2,0,0,ab_pairs/event_02068_frames_26799_26800.jpg,pickup_count_not_exactly_one|adjacent_xp_event|trajectory_color_disagrees_with_xp,blue,0.7974,0.7974,0.2026,0.0,False,low_confidence_review,blue,0.7974,resolved_model_assignment
2069,frame_026801,26800,26801,893.3333,893.3667,14:53.367,43,hud_ocr,0.9999,1,44,44,5,40.0,30.0,15.0,0.0,85.0,1.85,94,4.0535,11.02105627027027,11.0876,0,0,,0,0.0,0.0,,,,,0,0,0,ab_pairs/event_02069_frames_26800_26801.jpg,pickup_count_not_exactly_one|adjacent_xp_event|trajectory_color_disagrees_with_xp,blue,0.532,0.532,0.468,0.0,False,low_confidence_review,blue,0.532,resolved_model_assignment
2071,frame_026803,26802,26803,893.4,893.4333,14:53.433,43,hud_ocr,0.9999,1,44,44,5,40.0,30.0,15.0,0.0,85.0,1.85,70,3.0185,8.207165513513514,8.2567,0,0,,0,0.0,0.0,,,,,0,0,0,ab_pairs/event_02071_frames_26802_26803.jpg,pickup_count_not_exactly_one|adjacent_xp_event|trajectory_color_disagrees_with_xp,blue,0.5498,0.5498,0.4502,0.0,False,low_confidence_review,blue,0.5498,resolved_model_assignment
2072,frame_026804,26803,26804,893.4333,893.4667,14:53.467,43,hud_ocr,0.9999,1,44,44,5,40.0,30.0,15.0,0.0,85.0,1.85,118,5.0884,13.834947027027026,13.9185,0,0,,0,0.0,0.0,,,,,3,0,0,ab_pairs/event_02072_frames_26803_26804.jpg,pickup_count_not_exactly_one|adjacent_xp_event|trajectory_color_disagrees_with_xp,blue,0.7789,0.7789,0.2211,0.0,False,low_confidence_review,blue,0.7789,resolved_model_assignment
2074,frame_026806,26805,26806,893.5,893.5333,14:53.533,43,hud_ocr,0.9999,1,44,44,5,40.0,30.0,15.0,0.0,85.0,1.85,36,1.5524,4.22082254054054,4.2463,0,0,blue|blue|blue,3,0.8771,0.812,26798|26798|26801,26804|26805|26805,26805|26806|26806,0.809|0.877|0.750,2,0,0,ab_pairs/event_02074_frames_26805_26806.jpg,pickup_count_not_exactly_one|adjacent_xp_event|trajectory_color_disagrees_with_xp,blue,0.8232,0.8232,0.1768,0.0,False,candidate_assignment,blue,0.8232,resolved_model_assignment
2075,frame_026807,26806,26807,893.5333,893.5667,14:53.567,43,hud_ocr,0.9999,1,44,44,5,40.0,30.0,15.0,0.0,85.0,1.85,120,5.1746,14.069426594594592,14.1544,0,0,green,1,0.8562,0.8562,26800,26806,26807,0.856,0,0,0,ab_pairs/event_02075_frames_26806_26807.jpg,adjacent_xp_event|trajectory_color_disagrees_with_xp,green,0.65,0.35,0.65,0.0,False,low_confidence_review,green,0.65,resolved_model_assignment
2076,frame_026865,26864,26865,895.4667,895.5,14:55.500,44,hud_ocr,0.9996,1,45,45,5,40.0,30.0,15.0,0.0,85.0,1.85,158,6.8133,19.114012540540536,19.2294,0,0,,0,0.0,0.0,,,,,1,0,0,ab_pairs/event_02076_frames_26864_26865.jpg,pickup_count_not_exactly_one|adjacent_xp_event|trajectory_color_disagrees_with_xp,blue,0.8253,0.8253,0.1747,0.0,False,candidate_assignment,blue,0.8253,resolved_model_assignment
2077,frame_026866,26865,26866,895.5,895.5333,14:55.533,44,hud_ocr,0.9996,1,45,45,5,40.0,30.0,15.0,0.0,85.0,1.85,92,3.9672,11.129688486486486,11.1969,0,0,,0,0.0,0.0,,,,,1,1,0,ab_pairs/event_02077_frames_26865_26866.jpg,pickup_count_not_exactly_one|adjacent_xp_event|trajectory_color_disagrees_with_xp,green,0.6807,0.3193,0.6807,0.0,False,low_confidence_review,green,0.6807,resolved_model_assignment
2078,frame_026867,26866,26867,895.5333,895.5667,14:55.567,44,hud_ocr,0.9996,1,45,45,5,40.0,30.0,15.0,0.0,85.0,1.85,90,3.881,10.88772227027027,10.9534,0,0,,0,0.0,0.0,,,,,2,0,0,ab_pairs/event_02078_frames_26866_26867.jpg,pickup_count_not_exactly_one|adjacent_xp_event|trajectory_color_disagrees_with_xp,blue,0.7997,0.7997,0.2003,0.0,False,low_confidence_review,blue,0.7997,resolved_model_assignment
2079,frame_026868,26867,26868,895.5667,895.6,14:55.600,44,hud_ocr,0.9996,1,45,45,5,40.0,30.0,15.0,0.0,85.0,1.85,80,3.4498,9.677975351351352,9.7364,0,0,blue|blue,2,0.9153,0.9077,26863|26863,26867|26867,26868|26868,0.915|0.900,2,0,0,ab_pairs/event_02079_frames_26867_26868.jpg,pickup_count_not_exactly_one|adjacent_xp_event|trajectory_color_disagrees_with_xp,blue,0.8276,0.8276,0.1724,0.0,False,candidate_assignment,blue,0.8276,resolved_model_assignment
2080,frame_026869,26868,26869,895.6,895.6333,14:55.633,44,hud_ocr,0.9996,1,45,45,5,40.0,30.0,15.0,0.0,85.0,1.85,206,8.8831,24.92080897297297,25.0712,0,0,blue,1,0.8378,0.8378,26863,26868,26869,0.838,1,0,0,ab_pairs/event_02080_frames_26868_26869.jpg,adjacent_xp_event|trajectory_color_disagrees_with_xp,blue,0.7806,0.7806,0.2194,0.0,False,low_confidence_review,blue,0.7806,resolved_model_assignment
2081,frame_026870,26869,26870,895.6333,895.6667,14:55.667,44,hud_ocr,0.9996,1,45,45,5,40.0,30.0,15.0,0.0,85.0,1.85,196,8.4519,23.71106205405405,23.8542,0,0,,0,0.0,0.0,,,,,1,0,0,ab_pairs/event_02081_frames_26869_26870.jpg,pickup_count_not_exactly_one|adjacent_xp_event|trajectory_color_disagrees_with_xp,blue,0.8318,0.8318,0.1682,0.0,False,candidate_assignment,blue,0.8318,resolved_model_assignment
2082,frame_026871,26870,26871,895.6667,895.7,14:55.700,44,hud_ocr,0.9996,1,45,45,5,40.0,30.0,15.0,0.0,85.0,1.85,134,5.7784,16.21061432432432,16.3085,0,0,,0,0.0,0.0,,,,,1,0,0,ab_pairs/event_02082_frames_26870_26871.jpg,pickup_count_not_exactly_one|adjacent_xp_event|trajectory_color_disagrees_with_xp,blue,0.8132,0.8132,0.1868,0.0,False,candidate_assignment,blue,0.8132,resolved_model_assignment
2083,frame_026872,26871,26872,895.7,895.7333,14:55.733,44,hud_ocr,0.9996,1,45,45,5,40.0,30.0,15.0,0.0,85.0,1.85,146,6.2958,17.662327459459462,17.7689,0,0,blue,1,0.7665,0.7665,26864,26871,26872,0.767,0,0,0,ab_pairs/event_02083_frames_26871_26872.jpg,adjacent_xp_event|trajectory_color_disagrees_with_xp,blue,0.5153,0.5153,0.4847,0.0,False,low_confidence_review,blue,0.5153,resolved_model_assignment
2084,frame_026873,26872,26873,895.7333,895.7667,14:55.767,44,hud_ocr,0.9996,1,45,45,5,40.0,30.0,15.0,0.0,85.0,1.85,108,4.6572,13.065277945945944,13.1441,0,0,,0,0.0,0.0,,,,,0,0,0,ab_pairs/event_02084_frames_26872_26873.jpg,pickup_count_not_exactly_one|adjacent_xp_event|trajectory_color_disagrees_with_xp,blue,0.5515,0.5515,0.4485,0.0,False,low_confidence_review,blue,0.5515,resolved_model_assignment
2085,frame_026874,26873,26874,895.7667,895.8,14:55.800,44,hud_ocr,0.9996,1,45,45,5,40.0,30.0,15.0,0.0,85.0,1.85,214,9.2281,25.888617729729727,26.0449,0,0,blue|blue,2,0.9287,0.8976,26866|26866,26873|26873,26874|26874,0.929|0.866,1,0,0,ab_pairs/event_02085_frames_26873_26874.jpg,pickup_count_not_exactly_one|adjacent_xp_event|trajectory_color_disagrees_with_xp,blue,0.8267,0.8267,0.1733,0.0,False,candidate_assignment,blue,0.8267,resolved_model_assignment
2086,frame_026875,26874,26875,895.8,895.8333,14:55.833,44,hud_ocr,0.9996,1,45,45,5,40.0,30.0,15.0,0.0,85.0,1.85,134,5.7784,16.21061432432432,16.3085,0,0,green|blue,2,0.8463,0.7979,26868|26867,26874|26874,26875|26875,0.846|0.749,0,0,0,ab_pairs/event_02086_frames_26874_26875.jpg,pickup_count_not_exactly_one|adjacent_xp_event|trajectory_color_disagrees_with_xp,green,0.5444,0.4556,0.5444,0.0,False,low_confidence_review,green,0.5444,resolved_model_assignment
2087,frame_026876,26875,26876,895.8333,895.8667,14:55.867,44,hud_ocr,0.9996,1,45,45,5,40.0,30.0,15.0,0.0,85.0,1.85,146,6.2958,17.662327459459462,17.7689,0,0,,0,0.0,0.0,,,,,1,0,0,ab_pairs/event_02087_frames_26875_26876.jpg,pickup_count_not_exactly_one|adjacent_xp_event|trajectory_color_disagrees_with_xp,blue,0.8112,0.8112,0.1888,0.0,False,candidate_assignment,blue,0.8112,resolved_model_assignment
2088,frame_026877,26876,26877,895.8667,895.9,14:55.900,44,hud_ocr,0.9996,1,45,45,5,40.0,30.0,15.0,0.0,85.0,1.85,98,4.226,11.855531027027025,11.9271,0,0,,0,0.0,0.0,,,,,1,2,0,ab_pairs/event_02088_frames_26876_26877.jpg,pickup_count_not_exactly_one|adjacent_xp_event|trajectory_color_disagrees_with_xp,green,0.6929,0.3071,0.6929,0.0,False,low_confidence_review,green,0.6929,resolved_model_assignment
2090,frame_026912,26911,26912,897.0333,897.0667,14:57.067,45,hud_ocr,0.9994,1,46,46,5,40.0,30.0,15.0,0.0,85.0,1.85,42,1.8111,5.237592162162161,5.2692,0,0,,0,0.0,0.0,,,,,0,1,0,ab_pairs/event_02090_frames_26911_26912.jpg,pickup_count_not_exactly_one|adjacent_xp_event|trajectory_color_disagrees_with_xp,green,0.8073,0.1927,0.8073,0.0,False,candidate_assignment,green,0.8073,resolved_model_assignment
2091,frame_026913,26912,26913,897.0667,897.1,14:57.100,45,hud_ocr,0.9994,1,46,46,5,40.0,30.0,15.0,0.0,85.0,1.85,202,8.7107,25.190258108108107,25.3423,0,0,blue,1,0.9191,0.9191,26910,26912,26913,0.919,1,0,0,ab_pairs/event_02091_frames_26912_26913.jpg,adjacent_xp_event|trajectory_color_disagrees_with_xp,blue,0.7389,0.7389,0.2611,0.0,False,low_confidence_review,blue,0.7389,resolved_model_assignment
2095,frame_026917,26916,26917,897.2,897.2333,14:57.233,45,hud_ocr,0.9994,1,46,46,5,40.0,30.0,15.0,0.0,85.0,1.85,60,2.5873,7.4822497297297295,7.5274,0,0,green|blue,2,0.9141,0.8213,26910|26910,26916|26916,26917|26917,0.914|0.728,2,0,1,ab_pairs/event_02095_frames_26916_26917.jpg,pickup_count_not_exactly_one|adjacent_xp_event|trajectory_color_disagrees_with_xp,green,0.5849,0.4151,0.5849,0.0,False,low_confidence_review,green,0.5849,resolved_model_assignment
2096,frame_026918,26917,26918,897.2333,897.2667,14:57.267,45,hud_ocr,0.9994,1,46,46,5,40.0,30.0,15.0,0.0,85.0,1.85,136,5.8646,16.959789189189188,17.0622,0,0,,0,0.0,0.0,,,,,0,0,0,ab_pairs/event_02096_frames_26917_26918.jpg,pickup_count_not_exactly_one|adjacent_xp_event|trajectory_color_disagrees_with_xp,green,0.557,0.443,0.557,0.0,False,low_confidence_review,green,0.557,resolved_model_assignment
2100,frame_027129,27128,27129,904.2667,904.3,15:04.300,48,hud_ocr,1.0,1,47,47,5,40.0,30.0,15.0,0.0,85.0,1.85,12,0.5175,1.6306982702702701,1.6405,0,0,,0,0.0,0.0,,,,,0,0,0,ab_pairs/event_02100_frames_27128_27129.jpg,pickup_count_not_exactly_one|adjacent_xp_event|trajectory_color_disagrees_with_xp,blue,0.9547,0.9547,0.0453,0.0,False,candidate_assignment,blue,0.9547,resolved_model_assignment
2104,frame_027225,27224,27225,907.4667,907.5,15:07.500,48,hud_ocr,0.9999,1,47,47,5,40.0,30.0,15.0,0.0,85.0,1.85,28,1.2074,3.8050046486486484,3.828,0,1,blue,1,0.8699,0.8699,27217,27224,27225,0.870,0,0,0,ab_pairs/event_02104_frames_27224_27225.jpg,trajectory_color_disagrees_with_xp,blue,0.5274,0.5274,0.4726,0.0,False,low_confidence_review,blue,0.5274,resolved_model_assignment
2107,frame_027230,27229,27230,907.6333,907.6667,15:07.667,48,hud_ocr,0.9999,1,47,47,5,40.0,30.0,15.0,0.0,85.0,1.85,11,0.4743,1.494812,1.5038,0,0,,0,0.0,0.0,,,,,0,0,0,ab_pairs/event_02107_frames_27229_27230.jpg,pickup_count_not_exactly_one|adjacent_xp_event|trajectory_color_disagrees_with_xp,blue,0.9789,0.9789,0.0211,0.0,False,candidate_assignment,blue,0.9789,resolved_model_assignment
2112,frame_027243,27242,27243,908.0667,908.1,15:08.100,48,hud_ocr,0.9975,1,47,47,5,40.0,30.0,15.0,0.0,85.0,1.85,28,1.2074,3.8050046486486484,3.828,0,0,blue|blue,2,0.8227,0.8089,27235|27235,27241|27241,27242|27242,0.823|0.795,0,0,0,ab_pairs/event_02112_frames_27242_27243.jpg,pickup_count_not_exactly_one|adjacent_xp_event|trajectory_color_disagrees_with_xp,blue,0.5986,0.5986,0.4014,0.0,False,low_confidence_review,blue,0.5986,resolved_model_assignment
2114,frame_027246,27245,27246,908.1667,908.2,15:08.200,48,hud_ocr,0.9975,1,47,47,5,40.0,30.0,15.0,0.0,85.0,1.85,12,0.5175,1.6306982702702701,1.6405,0,1,,0,0.0,0.0,,,,,1,0,0,ab_pairs/event_02114_frames_27245_27246.jpg,pickup_count_not_exactly_one|trajectory_color_disagrees_with_xp,blue,0.9816,0.9816,0.0184,0.0,False,candidate_assignment,blue,0.9816,resolved_model_assignment
2116,frame_027265,27264,27265,908.8,908.8333,15:08.833,48,hud_ocr,0.9971,1,47,47,5,40.0,30.0,15.0,0.0,85.0,1.85,22,0.9487,2.989624,3.0077,0,1,,0,0.0,0.0,,,,,0,0,0,ab_pairs/event_02116_frames_27264_27265.jpg,pickup_count_not_exactly_one|trajectory_color_disagrees_with_xp,blue,0.6688,0.6688,0.3312,0.0,False,low_confidence_review,blue,0.6688,resolved_model_assignment
2120,frame_027277,27276,27277,909.2,909.2333,15:09.233,48,hud_ocr,0.9966,1,47,47,5,40.0,30.0,15.0,0.0,85.0,1.85,10,0.4312,1.3589257297297297,1.3671,0,0,,0,0.0,0.0,,,,,0,0,0,ab_pairs/event_02120_frames_27276_27277.jpg,pickup_count_not_exactly_one|adjacent_xp_event|trajectory_color_disagrees_with_xp,blue,0.9867,0.9867,0.0133,0.0,False,candidate_assignment,blue,0.9867,resolved_model_assignment
2121,frame_027278,27277,27278,909.2333,909.2667,15:09.267,48,hud_ocr,0.9966,1,47,47,5,40.0,30.0,15.0,0.0,85.0,1.85,12,0.5175,1.6306982702702701,1.6405,0,0,,0,0.0,0.0,,,,,0,0,0,ab_pairs/event_02121_frames_27277_27278.jpg,pickup_count_not_exactly_one|adjacent_xp_event|trajectory_color_disagrees_with_xp,blue,0.9851,0.9851,0.0149,0.0,False,candidate_assignment,blue,0.9851,resolved_model_assignment
2124,frame_027292,27291,27292,909.7,909.7333,15:09.733,48,hud_ocr,1.0,1,47,47,5,40.0,30.0,15.0,0.0,85.0,1.85,10,0.4312,1.3589257297297297,1.3671,0,1,,0,0.0,0.0,,,,,0,0,0,ab_pairs/event_02124_frames_27291_27292.jpg,pickup_count_not_exactly_one|trajectory_color_disagrees_with_xp,blue,0.9705,0.9705,0.0295,0.0,False,candidate_assignment,blue,0.9705,resolved_model_assignment
2127,frame_027300,27299,27300,909.9667,910.0,15:10.000,48,hud_ocr,0.9997,1,47,47,5,40.0,30.0,15.0,0.0,85.0,1.85,11,0.4743,1.494812,1.5038,0,0,,0,0.0,0.0,,,,,0,0,0,ab_pairs/event_02127_frames_27299_27300.jpg,pickup_count_not_exactly_one|adjacent_xp_event|trajectory_color_disagrees_with_xp,blue,0.9849,0.9849,0.0151,0.0,False,candidate_assignment,blue,0.9849,resolved_model_assignment
2129,frame_027302,27301,27302,910.0333,910.0667,15:10.067,48,previous_hud_ocr_fallback,0.9283,0,47,47,5,40.0,30.0,15.0,0.0,85.0,1.85,12,0.5175,1.6306982702702701,1.6405,0,0,,0,0.0,0.0,,,,,0,0,0,ab_pairs/event_02129_frames_27301_27302.jpg,pickup_count_not_exactly_one|adjacent_xp_event|trajectory_color_disagrees_with_xp|hud_level_not_directly_confirmed,blue,0.9857,0.9857,0.0143,0.0,False,candidate_assignment,blue,0.9857,resolved_model_assignment
2135,frame_027327,27326,27327,910.8667,910.9,15:10.900,48,previous_hud_ocr_fallback,0.718,0,47,47,5,40.0,30.0,15.0,0.0,85.0,1.85,13,0.5606,1.7666160540540539,1.7773,0,1,blue,1,0.8952,0.8952,27319,27326,27327,0.895,1,0,0,ab_pairs/event_02135_frames_27326_27327.jpg,hud_level_not_directly_confirmed,blue,0.9807,0.9807,0.0193,0.0,False,candidate_assignment,blue,0.9807,resolved_model_assignment
2138,frame_027540,27539,27540,917.9667,918.0,15:18.000,49,hud_ocr,0.9999,1,48,48,5,40.0,30.0,15.0,0.0,85.0,1.85,10,0.4312,1.3962204324324325,1.4046,0,0,,0,0.0,0.0,,,,,0,0,0,ab_pairs/event_02138_frames_27539_27540.jpg,pickup_count_not_exactly_one|adjacent_xp_event|trajectory_color_disagrees_with_xp,blue,0.9611,0.9611,0.0389,0.0,False,candidate_assignment,blue,0.9611,resolved_model_assignment
2139,frame_027541,27540,27541,918.0,918.0333,15:18.033,49,hud_ocr,0.9999,1,48,48,5,40.0,30.0,15.0,0.0,85.0,1.85,12,0.5175,1.6754515675675672,1.6856,0,0,blue,1,0.9556,0.9556,27533,27540,27541,0.956,1,0,0,ab_pairs/event_02139_frames_27540_27541.jpg,adjacent_xp_event,blue,0.9706,0.9706,0.0294,0.0,False,candidate_assignment,blue,0.9706,resolved_model_assignment
2143,frame_027549,27548,27549,918.2667,918.3,15:18.300,49,hud_ocr,0.9999,1,48,48,5,40.0,30.0,15.0,0.0,85.0,1.85,10,0.4312,1.3962204324324325,1.4046,0,0,,0,0.0,0.0,,,,,0,0,0,ab_pairs/event_02143_frames_27548_27549.jpg,pickup_count_not_exactly_one|adjacent_xp_event|trajectory_color_disagrees_with_xp,blue,0.9732,0.9732,0.0268,0.0,False,candidate_assignment,blue,0.9732,resolved_model_assignment
2151,frame_027567,27566,27567,918.8667,918.9,15:18.900,49,hud_ocr,0.9999,1,48,48,5,40.0,30.0,15.0,0.0,85.0,1.85,12,0.5175,1.6754515675675672,1.6856,0,0,,0,0.0,0.0,,,,,0,0,0,ab_pairs/event_02151_frames_27566_27567.jpg,pickup_count_not_exactly_one|adjacent_xp_event|trajectory_color_disagrees_with_xp,blue,0.9631,0.9631,0.0369,0.0,False,candidate_assignment,blue,0.9631,resolved_model_assignment
2153,frame_027571,27570,27571,919.0,919.0333,15:19.033,49,hud_ocr,0.9999,1,48,48,5,40.0,30.0,15.0,0.0,85.0,1.85,12,0.5175,1.6754515675675672,1.6856,0,1,,0,0.0,0.0,,,,,0,0,0,ab_pairs/event_02153_frames_27570_27571.jpg,pickup_count_not_exactly_one|trajectory_color_disagrees_with_xp,blue,0.9636,0.9636,0.0364,0.0,False,candidate_assignment,blue,0.9636,resolved_model_assignment
2154,frame_027573,27572,27573,919.0667,919.1,15:19.100,49,hud_ocr,0.9999,1,48,48,5,40.0,30.0,15.0,0.0,85.0,1.85,10,0.4312,1.3962204324324325,1.4046,0,0,,0,0.0,0.0,,,,,0,0,0,ab_pairs/event_02154_frames_27572_27573.jpg,pickup_count_not_exactly_one|adjacent_xp_event|trajectory_color_disagrees_with_xp,blue,0.9673,0.9673,0.0327,0.0,False,candidate_assignment,blue,0.9673,resolved_model_assignment
2166,frame_027631,27630,27631,921.0,921.0333,15:21.033,49,hud_ocr,0.9997,1,48,48,5,40.0,30.0,15.0,0.0,85.0,1.85,44,1.8974,6.1433763783783775,6.1805,0,0,blue,1,0.9362,0.9362,27623,27628,27629,0.936,0,0,0,ab_pairs/event_02166_frames_27630_27631.jpg,adjacent_xp_event|trajectory_color_disagrees_with_xp,green,0.5295,0.4705,0.5295,0.0,False,low_confidence_review,green,0.5295,resolved_model_assignment
2167,frame_027632,27631,27632,921.0333,921.0667,15:21.067,49,hud_ocr,0.9997,1,48,48,5,40.0,30.0,15.0,0.0,85.0,1.85,22,0.9487,3.071672,3.0902,0,0,,0,0.0,0.0,,,,,0,0,0,ab_pairs/event_02167_frames_27631_27632.jpg,pickup_count_not_exactly_one|adjacent_xp_event|trajectory_color_disagrees_with_xp,green,0.5598,0.4402,0.5598,0.0,False,low_confidence_review,green,0.5598,resolved_model_assignment
2168,frame_027641,27640,27641,921.3333,921.3667,15:21.367,49,hud_ocr,0.9997,1,48,48,5,40.0,30.0,15.0,0.0,85.0,1.85,16,0.69,2.233946216216216,2.2474,0,0,,0,0.0,0.0,,,,,0,0,0,ab_pairs/event_02168_frames_27640_27641.jpg,pickup_count_not_exactly_one|adjacent_xp_event|trajectory_color_disagrees_with_xp,blue,0.6437,0.6437,0.3563,0.0,False,low_confidence_review,blue,0.6437,resolved_model_assignment
2169,frame_027642,27641,27642,921.3667,921.4,15:21.400,49,hud_ocr,0.9997,1,48,48,5,40.0,30.0,15.0,0.0,85.0,1.85,10,0.4312,1.3962204324324325,1.4046,0,0,,0,0.0,0.0,,,,,0,0,0,ab_pairs/event_02169_frames_27641_27642.jpg,pickup_count_not_exactly_one|adjacent_xp_event|trajectory_color_disagrees_with_xp,blue,0.9621,0.9621,0.0379,0.0,False,candidate_assignment,blue,0.9621,resolved_model_assignment
2170,frame_027645,27644,27645,921.4667,921.5,15:21.500,49,hud_ocr,0.9997,1,48,48,5,40.0,30.0,15.0,0.0,85.0,1.85,18,0.7762,2.51320972972973,2.5284,0,1,green,1,0.9079,0.9079,27637,27642,27643,0.908,0,0,0,ab_pairs/event_02170_frames_27644_27645.jpg,heldout_green_precision_or_support_gate_failed,green,0.7472,0.2528,0.7472,0.0,False,low_confidence_review,green,0.7472,resolved_model_assignment
2171,frame_027653,27652,27653,921.7333,921.7667,15:21.767,49,hud_ocr,0.9997,1,48,48,5,40.0,30.0,15.0,0.0,85.0,1.85,16,0.69,2.233946216216216,2.2474,0,1,,0,0.0,0.0,,,,,0,0,0,ab_pairs/event_02171_frames_27652_27653.jpg,pickup_count_not_exactly_one|trajectory_color_disagrees_with_xp,blue,0.6727,0.6727,0.3273,0.0,False,low_confidence_review,blue,0.6727,resolved_model_assignment
2174,frame_027665,27664,27665,922.1333,922.1667,15:22.167,49,hud_ocr,0.9995,1,48,48,5,40.0,30.0,15.0,0.0,85.0,1.85,12,0.5175,1.6754515675675672,1.6856,0,1,,0,0.0,0.0,,,,,0,0,0,ab_pairs/event_02174_frames_27664_27665.jpg,pickup_count_not_exactly_one|trajectory_color_disagrees_with_xp,blue,0.9382,0.9382,0.0618,0.0,False,candidate_assignment,blue,0.9382,resolved_model_assignment
2175,frame_027669,27668,27669,922.2667,922.3,15:22.300,49,hud_ocr,0.9995,1,48,48,5,40.0,30.0,15.0,0.0,85.0,1.85,10,0.4312,1.3962204324324325,1.4046,0,1,,0,0.0,0.0,,,,,0,0,0,ab_pairs/event_02175_frames_27668_27669.jpg,pickup_count_not_exactly_one|trajectory_color_disagrees_with_xp,blue,0.9058,0.9058,0.0942,0.0,False,candidate_assignment,blue,0.9058,resolved_model_assignment
2177,frame_027673,27672,27673,922.4,922.4333,15:22.433,49,hud_ocr,0.9995,1,48,48,5,40.0,30.0,15.0,0.0,85.0,1.85,22,0.9487,3.071672,3.0902,0,0,,0,0.0,0.0,,,,,0,0,0,ab_pairs/event_02177_frames_27672_27673.jpg,pickup_count_not_exactly_one|adjacent_xp_event|trajectory_color_disagrees_with_xp,blue,0.6166,0.6166,0.3834,0.0,False,low_confidence_review,blue,0.6166,resolved_model_assignment
2184,frame_027686,27685,27686,922.8333,922.8667,15:22.867,49,hud_ocr,0.9995,1,48,48,5,40.0,30.0,15.0,0.0,85.0,1.85,12,0.5175,1.6754515675675672,1.6856,0,0,,0,0.0,0.0,,,,,0,0,0,ab_pairs/event_02184_frames_27685_27686.jpg,pickup_count_not_exactly_one|adjacent_xp_event|trajectory_color_disagrees_with_xp,blue,0.9337,0.9337,0.0663,0.0,False,candidate_assignment,blue,0.9337,resolved_model_assignment
2188,frame_027699,27698,27699,923.2667,923.3,15:23.300,49,hud_ocr,0.9997,1,48,48,5,40.0,30.0,15.0,0.0,85.0,1.85,12,0.5175,1.6754515675675672,1.6856,0,0,blue,1,0.9479,0.9479,27691,27698,27699,0.948,0,0,0,ab_pairs/event_02188_frames_27698_27699.jpg,adjacent_xp_event,blue,0.9367,0.9367,0.0633,0.0,False,candidate_assignment,blue,0.9367,resolved_model_assignment
2190,frame_027703,27702,27703,923.4,923.4333,15:23.433,49,hud_ocr,0.9997,1,48,48,5,40.0,30.0,15.0,0.0,85.0,1.85,16,0.69,2.233946216216216,2.2474,0,1,blue,1,0.8647,0.8647,27695,27701,27702,0.865,0,0,0,ab_pairs/event_02190_frames_27702_27703.jpg,trajectory_color_disagrees_with_xp,blue,0.7166,0.7166,0.2834,0.0,False,low_confidence_review,blue,0.7166,resolved_model_assignment
2193,frame_027708,27707,27708,923.5667,923.6,15:23.600,49,hud_ocr,0.9997,1,48,48,5,40.0,30.0,15.0,0.0,85.0,1.85,16,0.69,2.233946216216216,2.2474,0,1,,0,0.0,0.0,,,,,1,0,0,ab_pairs/event_02193_frames_27707_27708.jpg,pickup_count_not_exactly_one|trajectory_color_disagrees_with_xp,blue,0.8959,0.8959,0.1041,0.0,False,candidate_assignment,blue,0.8959,resolved_model_assignment
2194,frame_027711,27710,27711,923.6667,923.7,15:23.700,49,hud_ocr,0.9997,1,48,48,5,40.0,30.0,15.0,0.0,85.0,1.85,12,0.5175,1.6754515675675672,1.6856,0,1,,0,0.0,0.0,,,,,1,0,0,ab_pairs/event_02194_frames_27710_27711.jpg,pickup_count_not_exactly_one|trajectory_color_disagrees_with_xp,blue,0.9531,0.9531,0.0469,0.0,False,candidate_assignment,blue,0.9531,resolved_model_assignment
2200,frame_027723,27722,27723,924.0667,924.1,15:24.100,49,hud_ocr,0.9998,1,48,48,5,40.0,30.0,15.0,0.0,85.0,1.85,22,0.9487,3.071672,3.0902,0,0,,0,0.0,0.0,,,,,0,0,0,ab_pairs/event_02200_frames_27722_27723.jpg,pickup_count_not_exactly_one|adjacent_xp_event|trajectory_color_disagrees_with_xp,blue,0.6059,0.6059,0.3941,0.0,False,low_confidence_review,blue,0.6059,resolved_model_assignment
2203,frame_027732,27731,27732,924.3667,924.4,15:24.400,49,hud_ocr,0.9998,1,48,48,5,40.0,30.0,15.0,0.0,85.0,1.85,16,0.69,2.233946216216216,2.2474,0,1,,0,0.0,0.0,,,,,0,0,0,ab_pairs/event_02203_frames_27731_27732.jpg,pickup_count_not_exactly_one|trajectory_color_disagrees_with_xp,blue,0.7458,0.7458,0.2542,0.0,False,low_confidence_review,blue,0.7458,resolved_model_assignment
2208,frame_027783,27782,27783,926.0667,926.1,15:26.100,49,hud_ocr,0.9372,1,48,48,5,40.0,30.0,15.0,0.0,85.0,1.85,28,1.2074,3.909430162162162,3.933,0,1,,0,0.0,0.0,,,,,0,0,0,ab_pairs/event_02208_frames_27782_27783.jpg,pickup_count_not_exactly_one|trajectory_color_disagrees_with_xp,blue,0.543,0.543,0.457,0.0,False,low_confidence_review,blue,0.543,resolved_model_assignment
2209,frame_027789,27788,27789,926.2667,926.3,15:26.300,49,hud_ocr,0.9372,1,48,48,5,40.0,30.0,15.0,0.0,85.0,1.85,28,1.2074,3.909430162162162,3.933,0,1,,0,0.0,0.0,,,,,1,0,0,ab_pairs/event_02209_frames_27788_27789.jpg,pickup_count_not_exactly_one|trajectory_color_disagrees_with_xp,blue,0.7642,0.7642,0.2358,0.0,False,low_confidence_review,blue,0.7642,resolved_model_assignment
2210,frame_027807,27806,27807,926.8667,926.9,15:26.900,49,hud_ocr,0.9372,1,48,48,5,40.0,30.0,15.0,0.0,85.0,1.85,26,1.1212,3.6301666486486486,3.6521,0,0,blue,1,0.9252,0.9252,27799,27806,27807,0.925,3,0,0,ab_pairs/event_02210_frames_27806_27807.jpg,adjacent_xp_event|trajectory_color_disagrees_with_xp,blue,0.8129,0.8129,0.1871,0.0,False,candidate_assignment,blue,0.8129,resolved_model_assignment
2211,frame_027808,27807,27808,926.9,926.9333,15:26.933,49,hud_ocr,0.9372,1,48,48,5,40.0,30.0,15.0,0.0,85.0,1.85,18,0.7762,2.51320972972973,2.5284,0,0,,0,0.0,0.0,,,,,0,0,0,ab_pairs/event_02211_frames_27807_27808.jpg,pickup_count_not_exactly_one|adjacent_xp_event|trajectory_color_disagrees_with_xp,blue,0.6392,0.6392,0.3608,0.0,False,low_confidence_review,blue,0.6392,resolved_model_assignment
2212,frame_027810,27809,27810,926.9667,927.0,15:27.000,49,hud_ocr,0.9999,1,48,48,5,40.0,30.0,15.0,0.0,85.0,1.85,20,0.8624,2.792440864864865,2.8093,0,0,,0,0.0,0.0,,,,,0,0,0,ab_pairs/event_02212_frames_27809_27810.jpg,pickup_count_not_exactly_one|adjacent_xp_event|trajectory_color_disagrees_with_xp,blue,0.5482,0.5482,0.4518,0.0,False,low_confidence_review,blue,0.5482,resolved_model_assignment
2213,frame_027811,27810,27811,927.0,927.0333,15:27.033,49,hud_ocr,0.9999,1,48,48,5,40.0,30.0,15.0,0.0,85.0,1.85,12,0.5175,1.6754515675675672,1.6856,0,0,,0,0.0,0.0,,,,,0,0,0,ab_pairs/event_02213_frames_27810_27811.jpg,pickup_count_not_exactly_one|adjacent_xp_event|trajectory_color_disagrees_with_xp,blue,0.9381,0.9381,0.0619,0.0,False,candidate_assignment,blue,0.9381,resolved_model_assignment
2215,frame_027816,27815,27816,927.1667,927.2,15:27.200,49,hud_ocr,0.9999,1,48,48,5,40.0,30.0,15.0,0.0,85.0,1.85,22,0.9487,3.071672,3.0902,0,1,,0,0.0,0.0,,,,,0,0,0,ab_pairs/event_02215_frames_27815_27816.jpg,pickup_count_not_exactly_one|trajectory_color_disagrees_with_xp,blue,0.5111,0.5111,0.4889,0.0,False,low_confidence_review,blue,0.5111,resolved_model_assignment
2216,frame_027819,27818,27819,927.2667,927.3,15:27.300,49,hud_ocr,0.9999,1,48,48,5,40.0,30.0,15.0,0.0,85.0,1.85,22,0.9487,3.071672,3.0902,0,1,,0,0.0,0.0,,,,,0,0,0,ab_pairs/event_02216_frames_27818_27819.jpg,pickup_count_not_exactly_one|trajectory_color_disagrees_with_xp,blue,0.5298,0.5298,0.4702,0.0,False,low_confidence_review,blue,0.5298,resolved_model_assignment
2224,frame_027862,27861,27862,928.7,928.7333,15:28.733,49,hud_ocr,0.9999,1,48,48,5,40.0,30.0,15.0,0.0,85.0,1.85,12,0.5175,1.6754515675675672,1.6856,0,1,,0,0.0,0.0,,,,,0,0,0,ab_pairs/event_02224_frames_27861_27862.jpg,pickup_count_not_exactly_one|trajectory_color_disagrees_with_xp,blue,0.9677,0.9677,0.0323,0.0,False,candidate_assignment,blue,0.9677,resolved_model_assignment
2225,frame_027867,27866,27867,928.8667,928.9,15:28.900,49,hud_ocr,0.9999,1,48,48,5,40.0,30.0,15.0,0.0,85.0,1.85,16,0.69,2.233946216216216,2.2474,0,0,,0,0.0,0.0,,,,,0,0,0,ab_pairs/event_02225_frames_27866_27867.jpg,pickup_count_not_exactly_one|adjacent_xp_event|trajectory_color_disagrees_with_xp,blue,0.6954,0.6954,0.3046,0.0,False,low_confidence_review,blue,0.6954,resolved_model_assignment
2236,frame_027989,27988,27989,932.9333,932.9667,15:32.967,49,hud_ocr,0.9995,1,48,48,5,40.0,30.0,15.0,0.0,85.0,1.85,22,0.9487,3.071672,3.0902,0,1,,0,0.0,0.0,,,,,0,0,0,ab_pairs/event_02236_frames_27988_27989.jpg,pickup_count_not_exactly_one|trajectory_color_disagrees_with_xp,blue,0.5735,0.5735,0.4265,0.0,False,low_confidence_review,blue,0.5735,resolved_model_assignment
2242,frame_028079,28078,28079,935.9333,935.9667,15:35.967,49,hud_ocr,0.9999,1,48,48,5,40.0,30.0,15.0,0.0,85.0,1.85,12,0.5175,1.6754515675675672,1.6856,0,1,,0,0.0,0.0,,,,,1,0,0,ab_pairs/event_02242_frames_28078_28079.jpg,pickup_count_not_exactly_one|trajectory_color_disagrees_with_xp,blue,0.969,0.969,0.031,0.0,False,candidate_assignment,blue,0.969,resolved_model_assignment
2243,frame_028085,28084,28085,936.1333,936.1667,15:36.167,49,hud_ocr,0.9999,1,48,48,5,40.0,30.0,15.0,0.0,85.0,1.85,10,0.4312,1.3962204324324325,1.4046,0,1,,0,0.0,0.0,,,,,0,0,0,ab_pairs/event_02243_frames_28084_28085.jpg,pickup_count_not_exactly_one|trajectory_color_disagrees_with_xp,blue,0.96,0.96,0.04,0.0,False,candidate_assignment,blue,0.96,resolved_model_assignment
2244,frame_028106,28105,28106,936.8333,936.8667,15:36.867,49,hud_ocr,0.9999,1,48,48,5,40.0,30.0,15.0,0.0,85.0,1.85,34,1.4661,4.747155945945946,4.7758,0,1,blue,1,0.931,0.931,28098,28103,28104,0.931,1,0,0,ab_pairs/event_02244_frames_28105_28106.jpg,trajectory_color_disagrees_with_xp,blue,0.7854,0.7854,0.2146,0.0,False,low_confidence_review,blue,0.7854,resolved_model_assignment
2245,frame_028112,28111,28112,937.0333,937.0667,15:37.067,49,hud_ocr,0.9999,1,48,48,5,40.0,30.0,15.0,0.0,85.0,1.85,16,0.69,2.233946216216216,2.2474,0,0,,0,0.0,0.0,,,,,0,0,0,ab_pairs/event_02245_frames_28111_28112.jpg,pickup_count_not_exactly_one|adjacent_xp_event|trajectory_color_disagrees_with_xp,blue,0.6817,0.6817,0.3183,0.0,False,low_confidence_review,blue,0.6817,resolved_model_assignment
2246,frame_028113,28112,28113,937.0667,937.1,15:37.100,49,hud_ocr,0.9999,1,48,48,5,40.0,30.0,15.0,0.0,85.0,1.85,10,0.4312,1.3962204324324325,1.4046,0,0,,0,0.0,0.0,,,,,0,0,0,ab_pairs/event_02246_frames_28112_28113.jpg,pickup_count_not_exactly_one|adjacent_xp_event|trajectory_color_disagrees_with_xp,blue,0.932,0.932,0.068,0.0,False,candidate_assignment,blue,0.932,resolved_model_assignment
2248,frame_028124,28123,28124,937.4333,937.4667,15:37.467,49,hud_ocr,0.9999,1,48,48,5,40.0,30.0,15.0,0.0,85.0,1.85,10,0.4312,1.3962204324324325,1.4046,0,1,,0,0.0,0.0,,,,,0,0,0,ab_pairs/event_02248_frames_28123_28124.jpg,pickup_count_not_exactly_one|trajectory_color_disagrees_with_xp,blue,0.9085,0.9085,0.0915,0.0,False,candidate_assignment,blue,0.9085,resolved_model_assignment
2250,frame_028133,28132,28133,937.7333,937.7667,15:37.767,49,hud_ocr,0.9999,1,48,48,5,40.0,30.0,15.0,0.0,85.0,1.85,10,0.4312,1.3962204324324325,1.4046,0,1,,0,0.0,0.0,,,,,0,0,0,ab_pairs/event_02250_frames_28132_28133.jpg,pickup_count_not_exactly_one|trajectory_color_disagrees_with_xp,blue,0.9042,0.9042,0.0958,0.0,False,candidate_assignment,blue,0.9042,resolved_model_assignment
2252,frame_028137,28136,28137,937.8667,937.9,15:37.900,49,hud_ocr,0.9999,1,48,48,5,40.0,30.0,15.0,0.0,85.0,1.85,21,0.9056,2.9320564324324327,2.9498,0,0,,0,0.0,0.0,,,,,0,0,0,ab_pairs/event_02252_frames_28136_28137.jpg,pickup_count_not_exactly_one|adjacent_xp_event|trajectory_color_disagrees_with_xp,blue,0.5752,0.5752,0.4248,0.0,False,low_confidence_review,blue,0.5752,resolved_model_assignment
2254,frame_028142,28141,28142,938.0333,938.0667,15:38.067,49,hud_ocr,0.9999,1,48,48,5,40.0,30.0,15.0,0.0,85.0,1.85,16,0.69,2.233946216216216,2.2474,0,1,green,1,0.7728,0.7728,28134,28141,28142,0.773,1,0,0,ab_pairs/event_02254_frames_28141_28142.jpg,heldout_green_precision_or_support_gate_failed,blue,0.5369,0.5369,0.4631,0.0,False,low_confidence_review,blue,0.5369,resolved_model_assignment
2255,frame_028145,28144,28145,938.1333,938.1667,15:38.167,49,hud_ocr,0.9999,1,48,48,5,40.0,30.0,15.0,0.0,85.0,1.85,44,1.8974,6.1433763783783775,6.1805,0,0,,0,0.0,0.0,,,,,1,0,0,ab_pairs/event_02255_frames_28144_28145.jpg,pickup_count_not_exactly_one|adjacent_xp_event|trajectory_color_disagrees_with_xp,blue,0.7574,0.7574,0.2426,0.0,False,low_confidence_review,blue,0.7574,resolved_model_assignment
2256,frame_028146,28145,28146,938.1667,938.2,15:38.200,49,hud_ocr,0.9999,1,48,48,5,40.0,30.0,15.0,0.0,85.0,1.85,16,0.69,2.233946216216216,2.2474,0,0,,0,0.0,0.0,,,,,0,0,0,ab_pairs/event_02256_frames_28145_28146.jpg,pickup_count_not_exactly_one|adjacent_xp_event|trajectory_color_disagrees_with_xp,blue,0.6733,0.6733,0.3267,0.0,False,low_confidence_review,blue,0.6733,resolved_model_assignment
2258,frame_028151,28150,28151,938.3333,938.3667,15:38.367,49,hud_ocr,0.9999,1,48,48,5,40.0,30.0,15.0,0.0,85.0,1.85,22,0.9487,3.071672,3.0902,0,1,,0,0.0,0.0,,,,,0,0,0,ab_pairs/event_02258_frames_28150_28151.jpg,pickup_count_not_exactly_one|trajectory_color_disagrees_with_xp,blue,0.5077,0.5077,0.4923,0.0,False,low_confidence_review,blue,0.5077,resolved_model_assignment
2259,frame_028154,28153,28154,938.4333,938.4667,15:38.467,49,hud_ocr,0.9999,1,48,48,5,40.0,30.0,15.0,0.0,85.0,1.85,22,0.9487,3.071672,3.0902,0,1,blue,1,0.8523,0.8523,28146,28153,28154,0.852,0,0,0,ab_pairs/event_02259_frames_28153_28154.jpg,trajectory_color_disagrees_with_xp,blue,0.5401,0.5401,0.4599,0.0,False,low_confidence_review,blue,0.5401,resolved_model_assignment
2260,frame_028163,28162,28163,938.7333,938.7667,15:38.767,49,hud_ocr,0.9999,1,48,48,5,40.0,30.0,15.0,0.0,85.0,1.85,38,1.6386,5.305650594594594,5.3377,0,0,,0,0.0,0.0,,,,,0,0,0,ab_pairs/event_02260_frames_28162_28163.jpg,pickup_count_not_exactly_one|adjacent_xp_event|trajectory_color_disagrees_with_xp,green,0.5479,0.4521,0.5479,0.0,False,low_confidence_review,green,0.5479,resolved_model_assignment
2262,frame_028166,28165,28166,938.8333,938.8667,15:38.867,49,hud_ocr,0.9999,1,48,48,5,40.0,30.0,15.0,0.0,85.0,1.85,38,1.6386,5.305650594594594,5.3377,0,1,,0,0.0,0.0,,,,,0,0,0,ab_pairs/event_02262_frames_28165_28166.jpg,pickup_count_not_exactly_one|trajectory_color_disagrees_with_xp,green,0.5281,0.4719,0.5281,0.0,False,low_confidence_review,green,0.5281,resolved_model_assignment
2270,frame_028208,28207,28208,940.2333,940.2667,15:40.267,49,hud_ocr,0.9999,1,48,48,5,40.0,30.0,15.0,0.0,85.0,1.85,16,0.69,2.233946216216216,2.2474,0,0,,0,0.0,0.0,,,,,0,0,0,ab_pairs/event_02270_frames_28207_28208.jpg,pickup_count_not_exactly_one|adjacent_xp_event|trajectory_color_disagrees_with_xp,blue,0.7319,0.7319,0.2681,0.0,False,low_confidence_review,blue,0.7319,resolved_model_assignment
2271,frame_028210,28209,28210,940.3,940.3333,15:40.333,49,hud_ocr,0.9999,1,48,48,5,40.0,30.0,15.0,0.0,85.0,1.85,26,1.1212,3.6301666486486486,3.6521,0,0,,0,0.0,0.0,,,,,0,1,0,ab_pairs/event_02271_frames_28209_28210.jpg,pickup_count_not_exactly_one|adjacent_xp_event|trajectory_color_disagrees_with_xp,green,0.7252,0.2748,0.7252,0.0,False,low_confidence_review,green,0.7252,resolved_model_assignment
2274,frame_028216,28215,28216,940.5,940.5333,15:40.533,49,hud_ocr,0.9999,1,48,48,5,40.0,30.0,15.0,0.0,85.0,1.85,32,1.3799,4.4679248108108105,4.4949,0,1,,0,0.0,0.0,,,,,1,0,0,ab_pairs/event_02274_frames_28215_28216.jpg,pickup_count_not_exactly_one|trajectory_color_disagrees_with_xp,blue,0.8359,0.8359,0.1641,0.0,False,candidate_assignment,blue,0.8359,resolved_model_assignment
2279,frame_028226,28225,28226,940.8333,940.8667,15:40.867,49,hud_ocr,0.6567,1,48,48,5,40.0,30.0,15.0,0.0,85.0,1.85,20,0.8624,2.792440864864865,2.8093,0,0,green,1,0.8847,0.8847,28218,28225,28226,0.885,0,1,0,ab_pairs/event_02279_frames_28225_28226.jpg,adjacent_xp_event,green,0.8343,0.1657,0.8343,0.0,False,candidate_assignment,green,0.8343,resolved_model_assignment
2281,frame_028229,28228,28229,940.9333,940.9667,15:40.967,49,hud_ocr,0.7778,1,48,48,5,40.0,30.0,15.0,0.0,85.0,1.85,19,0.8193,2.652825297297297,2.6688,0,0,,0,0.0,0.0,,,,,3,0,0,ab_pairs/event_02281_frames_28228_28229.jpg,pickup_count_not_exactly_one|adjacent_xp_event|trajectory_color_disagrees_with_xp,blue,0.8647,0.8647,0.1353,0.0,False,candidate_assignment,blue,0.8647,resolved_model_assignment
2283,frame_028231,28230,28231,941.0,941.0333,15:41.033,49,hud_ocr,0.9972,1,48,48,5,40.0,30.0,15.0,0.0,85.0,1.85,34,1.4661,4.747155945945946,4.7758,0,0,,0,0.0,0.0,,,,,2,0,0,ab_pairs/event_02283_frames_28230_28231.jpg,pickup_count_not_exactly_one|adjacent_xp_event|trajectory_color_disagrees_with_xp,blue,0.8283,0.8283,0.1717,0.0,False,candidate_assignment,blue,0.8283,resolved_model_assignment
2285,frame_028330,28329,28330,944.3,944.3333,15:44.333,50,hud_ocr,0.9998,1,49,49,5,40.0,30.0,15.0,0.0,85.0,1.85,11,0.4743,1.57686,1.5864,0,0,,0,0.0,0.0,,,,,3,0,0,ab_pairs/event_02285_frames_28329_28330.jpg,pickup_count_not_exactly_one|adjacent_xp_event|trajectory_color_disagrees_with_xp|multiple_same_color_pickup_candidates,blue,0.9372,0.9372,0.0628,0.0,False,candidate_assignment,blue,0.9372,resolved_model_assignment
2287,frame_028336,28335,28336,944.5,944.5333,15:44.533,50,hud_ocr,0.9998,1,49,49,5,40.0,30.0,15.0,0.0,85.0,1.85,10,0.4312,1.4335151351351352,1.4422,0,0,,0,0.0,0.0,,,,,0,0,0,ab_pairs/event_02287_frames_28335_28336.jpg,pickup_count_not_exactly_one|adjacent_xp_event|trajectory_color_disagrees_with_xp,blue,0.8818,0.8818,0.1182,0.0,False,candidate_assignment,blue,0.8818,resolved_model_assignment
2290,frame_028341,28340,28341,944.6667,944.7,15:44.700,50,hud_ocr,0.9998,1,49,49,5,40.0,30.0,15.0,0.0,85.0,1.85,22,0.9487,3.15372,3.1728,0,1,blue|blue,2,0.9633,0.9444,28333|28333,28340|28340,28341|28341,0.963|0.926,5,0,0,ab_pairs/event_02290_frames_28340_28341.jpg,pickup_count_not_exactly_one|trajectory_color_disagrees_with_xp,blue,0.803,0.803,0.197,0.0,False,candidate_assignment,blue,0.803,resolved_model_assignment
2292,frame_028351,28350,28351,945.0,945.0333,15:45.033,50,hud_ocr,0.9993,1,49,49,5,40.0,30.0,15.0,0.0,85.0,1.85,28,1.2074,4.013855675675676,4.0381,0,1,blue|blue,2,0.9097,0.8549,28343|28343,28349|28350,28350|28351,0.800|0.910,0,0,0,ab_pairs/event_02292_frames_28350_28351.jpg,pickup_count_not_exactly_one|trajectory_color_disagrees_with_xp,blue,0.6306,0.6306,0.3694,0.0,False,low_confidence_review,blue,0.6306,resolved_model_assignment
2293,frame_028367,28366,28367,945.5333,945.5667,15:45.567,50,hud_ocr,0.9993,1,49,49,5,40.0,30.0,15.0,0.0,85.0,1.85,21,0.9056,3.0103751351351353,3.0285,0,1,,0,0.0,0.0,,,,,1,0,0,ab_pairs/event_02293_frames_28366_28367.jpg,pickup_count_not_exactly_one|trajectory_color_disagrees_with_xp,blue,0.8685,0.8685,0.1315,0.0,False,candidate_assignment,blue,0.8685,resolved_model_assignment
2294,frame_028377,28376,28377,945.8667,945.9,15:45.900,50,hud_ocr,0.9993,1,49,49,5,40.0,30.0,15.0,0.0,85.0,1.85,12,0.5175,1.7202048648648647,1.7306,0,1,,0,0.0,0.0,,,,,2,0,0,ab_pairs/event_02294_frames_28376_28377.jpg,pickup_count_not_exactly_one|trajectory_color_disagrees_with_xp|multiple_same_color_pickup_candidates,blue,0.9944,0.9944,0.0056,0.0,False,candidate_assignment,blue,0.9944,resolved_model_assignment
2295,frame_028419,28418,28419,947.2667,947.3,15:47.300,50,hud_ocr,0.9998,1,49,49,5,40.0,30.0,15.0,0.0,85.0,1.85,11,0.4743,1.57686,1.5864,0,1,,0,0.0,0.0,,,,,0,0,0,ab_pairs/event_02295_frames_28418_28419.jpg,pickup_count_not_exactly_one|trajectory_color_disagrees_with_xp,blue,0.939,0.939,0.061,0.0,False,candidate_assignment,blue,0.939,resolved_model_assignment
2296,frame_028424,28423,28424,947.4333,947.4667,15:47.467,50,hud_ocr,0.9998,1,49,49,5,40.0,30.0,15.0,0.0,85.0,1.85,11,0.4743,1.57686,1.5864,0,0,,0,0.0,0.0,,,,,0,0,0,ab_pairs/event_02296_frames_28423_28424.jpg,pickup_count_not_exactly_one|adjacent_xp_event|trajectory_color_disagrees_with_xp,blue,0.9567,0.9567,0.0433,0.0,False,candidate_assignment,blue,0.9567,resolved_model_assignment
2298,frame_028428,28427,28428,947.5667,947.6,15:47.600,50,hud_ocr,0.9998,1,49,49,5,40.0,30.0,15.0,0.0,85.0,1.85,12,0.5175,1.7202048648648647,1.7306,0,1,,0,0.0,0.0,,,,,0,0,0,ab_pairs/event_02298_frames_28427_28428.jpg,pickup_count_not_exactly_one|trajectory_color_disagrees_with_xp,blue,0.9812,0.9812,0.0188,0.0,False,candidate_assignment,blue,0.9812,resolved_model_assignment
2301,frame_028433,28432,28433,947.7333,947.7667,15:47.767,50,hud_ocr,0.9998,1,49,49,5,40.0,30.0,15.0,0.0,85.0,1.85,22,0.9487,3.15372,3.1728,0,0,blue,1,0.8906,0.8906,28425,28432,28433,0.891,0,0,0,ab_pairs/event_02301_frames_28432_28433.jpg,adjacent_xp_event|trajectory_color_disagrees_with_xp,blue,0.634,0.634,0.366,0.0,False,low_confidence_review,blue,0.634,resolved_model_assignment
2303,frame_028437,28436,28437,947.8667,947.9,15:47.900,50,hud_ocr,0.9998,1,49,49,5,40.0,30.0,15.0,0.0,85.0,1.85,12,0.5175,1.7202048648648647,1.7306,0,1,,0,0.0,0.0,,,,,1,0,0,ab_pairs/event_02303_frames_28436_28437.jpg,pickup_count_not_exactly_one|trajectory_color_disagrees_with_xp,blue,0.9901,0.9901,0.0099,0.0,False,candidate_assignment,blue,0.9901,resolved_model_assignment
2312,frame_028474,28473,28474,949.1,949.1333,15:49.133,50,hud_ocr,0.9995,1,49,49,5,40.0,30.0,15.0,0.0,85.0,1.85,12,0.5175,1.7202048648648647,1.7306,0,1,,0,0.0,0.0,,,,,0,0,0,ab_pairs/event_02312_frames_28473_28474.jpg,pickup_count_not_exactly_one|trajectory_color_disagrees_with_xp,blue,0.9779,0.9779,0.0221,0.0,False,candidate_assignment,blue,0.9779,resolved_model_assignment
2318,frame_028493,28492,28493,949.7333,949.7667,15:49.767,50,hud_ocr,0.9996,1,49,49,5,40.0,30.0,15.0,0.0,85.0,1.85,10,0.4312,1.4335151351351352,1.4422,0,0,,0,0.0,0.0,,,,,0,0,0,ab_pairs/event_02318_frames_28492_28493.jpg,pickup_count_not_exactly_one|adjacent_xp_event|trajectory_color_disagrees_with_xp,blue,0.9866,0.9866,0.0134,0.0,False,candidate_assignment,blue,0.9866,resolved_model_assignment
2319,frame_028498,28497,28498,949.9,949.9333,15:49.933,50,hud_ocr,0.9996,1,49,49,5,40.0,30.0,15.0,0.0,85.0,1.85,12,0.5175,1.7202048648648647,1.7306,0,1,blue|blue,2,0.9448,0.8874,28490|28490,28497|28497,28498|28498,0.945|0.830,1,0,0,ab_pairs/event_02319_frames_28497_28498.jpg,pickup_count_not_exactly_one|trajectory_color_disagrees_with_xp,blue,0.9856,0.9856,0.0144,0.0,False,candidate_assignment,blue,0.9856,resolved_model_assignment
2325,frame_028509,28508,28509,950.2667,950.3,15:50.300,50,hud_ocr,0.9995,1,49,49,5,40.0,30.0,15.0,0.0,85.0,1.85,20,0.8624,2.8670302702702704,2.8843,0,0,blue,1,0.8559,0.8559,28501,28508,28509,0.856,0,0,0,ab_pairs/event_02325_frames_28508_28509.jpg,adjacent_xp_event|trajectory_color_disagrees_with_xp,blue,0.6838,0.6838,0.3162,0.0,False,low_confidence_review,blue,0.6838,resolved_model_assignment
2328,frame_028515,28514,28515,950.4667,950.5,15:50.500,50,hud_ocr,0.9995,1,49,49,5,40.0,30.0,15.0,0.0,85.0,1.85,10,0.4312,1.4335151351351352,1.4422,0,1,,0,0.0,0.0,,,,,0,0,0,ab_pairs/event_02328_frames_28514_28515.jpg,pickup_count_not_exactly_one|trajectory_color_disagrees_with_xp,blue,0.9816,0.9816,0.0184,0.0,False,candidate_assignment,blue,0.9816,resolved_model_assignment
2331,frame_028522,28521,28522,950.7,950.7333,15:50.733,50,hud_ocr,0.9995,1,49,49,5,40.0,30.0,15.0,0.0,85.0,1.85,16,0.69,2.2936175675675674,2.3075,0,0,blue,1,0.9231,0.9231,28514,28519,28520,0.923,0,0,0,ab_pairs/event_02331_frames_28521_28522.jpg,adjacent_xp_event|trajectory_color_disagrees_with_xp,blue,0.7574,0.7574,0.2426,0.0,False,low_confidence_review,blue,0.7574,resolved_model_assignment
2333,frame_028528,28527,28528,950.9,950.9333,15:50.933,50,hud_ocr,0.9995,1,49,49,5,40.0,30.0,15.0,0.0,85.0,1.85,10,0.4312,1.4335151351351352,1.4422,0,1,,0,0.0,0.0,,,,,0,0,0,ab_pairs/event_02333_frames_28527_28528.jpg,pickup_count_not_exactly_one|trajectory_color_disagrees_with_xp,blue,0.9829,0.9829,0.0171,0.0,False,candidate_assignment,blue,0.9829,resolved_model_assignment
2334,frame_028531,28530,28531,951.0,951.0333,15:51.033,50,hud_ocr,0.9999,1,49,49,5,40.0,30.0,15.0,0.0,85.0,1.85,16,0.69,2.2936175675675674,2.3075,0,1,,0,0.0,0.0,,,,,1,0,0,ab_pairs/event_02334_frames_28530_28531.jpg,pickup_count_not_exactly_one|trajectory_color_disagrees_with_xp,blue,0.8935,0.8935,0.1065,0.0,False,candidate_assignment,blue,0.8935,resolved_model_assignment
2336,frame_028554,28553,28554,951.7667,951.8,15:51.800,50,hud_ocr,0.9999,1,49,49,5,40.0,30.0,15.0,0.0,85.0,1.85,10,0.4312,1.4335151351351352,1.4422,0,0,,0,0.0,0.0,,,,,0,0,0,ab_pairs/event_02336_frames_28553_28554.jpg,pickup_count_not_exactly_one|adjacent_xp_event|trajectory_color_disagrees_with_xp,blue,0.9812,0.9812,0.0188,0.0,False,candidate_assignment,blue,0.9812,resolved_model_assignment
2340,frame_028696,28695,28696,956.5,956.5333,15:56.533,50,hud_ocr,0.9996,1,49,49,5,40.0,30.0,15.0,0.0,85.0,1.85,16,0.69,2.2936175675675674,2.3075,0,1,green|blue,2,0.9564,0.8983,28688|28688,28694|28694,28695|28695,0.956|0.840,1,0,0,ab_pairs/event_02340_frames_28695_28696.jpg,pickup_count_not_exactly_one|trajectory_color_disagrees_with_xp,green,0.8518,0.1482,0.8518,0.0,False,candidate_assignment,green,0.8518,resolved_model_assignment
2346,frame_028720,28719,28720,957.3,957.3333,15:57.333,50,hud_ocr,0.9942,1,49,49,5,40.0,30.0,15.0,0.0,85.0,1.85,20,0.8624,2.8670302702702704,2.8843,0,1,blue,1,0.9042,0.9042,28712,28717,28718,0.904,0,0,0,ab_pairs/event_02346_frames_28719_28720.jpg,trajectory_color_disagrees_with_xp,blue,0.6917,0.6917,0.3083,0.0,False,low_confidence_review,blue,0.6917,resolved_model_assignment
2350,frame_028737,28736,28737,957.8667,957.9,15:57.900,50,hud_ocr,0.9942,1,49,49,5,40.0,30.0,15.0,0.0,85.0,1.85,20,0.8624,2.8670302702702704,2.8843,0,1,blue,1,0.7372,0.7372,28730,28736,28737,0.737,2,0,0,ab_pairs/event_02350_frames_28736_28737.jpg,trajectory_color_disagrees_with_xp,blue,0.8961,0.8961,0.1039,0.0,False,candidate_assignment,blue,0.8961,resolved_model_assignment
2351,frame_028739,28738,28739,957.9333,957.9667,15:57.967,50,hud_ocr,0.9942,1,49,49,5,40.0,30.0,15.0,0.0,85.0,1.85,39,1.6818,5.590715675675675,5.6245,0,1,green,1,0.9136,0.9136,28732,28737,28738,0.914,0,0,0,ab_pairs/event_02351_frames_28738_28739.jpg,heldout_green_precision_or_support_gate_failed,green,0.6898,0.3102,0.6898,0.0,False,low_confidence_review,green,0.6898,resolved_model_assignment
2354,frame_028748,28747,28748,958.2333,958.2667,15:58.267,50,hud_ocr,0.9212,1,49,49,5,40.0,30.0,15.0,0.0,85.0,1.85,28,1.2074,4.013855675675676,4.0381,0,1,green,1,0.884,0.884,28742,28746,28747,0.884,0,1,0,ab_pairs/event_02354_frames_28747_28748.jpg,heldout_green_precision_or_support_gate_failed,green,0.8891,0.1109,0.8891,0.0,False,candidate_assignment,green,0.8891,resolved_model_assignment
2355,frame_028754,28753,28754,958.4333,958.4667,15:58.467,50,hud_ocr,0.9212,1,49,49,5,40.0,30.0,15.0,0.0,85.0,1.85,27,1.1643,3.8704775675675673,3.8938,0,0,blue|green,2,0.9595,0.9361,28746|28748,28751|28753,28752|28754,0.959|0.913,0,1,0,ab_pairs/event_02355_frames_28753_28754.jpg,pickup_count_not_exactly_one|adjacent_xp_event|trajectory_color_disagrees_with_xp,green,0.9234,0.0766,0.9234,0.0,False,candidate_assignment,green,0.9234,resolved_model_assignment
2366,frame_028780,28779,28780,959.3,959.3333,15:59.333,50,hud_ocr,0.9981,1,49,49,5,40.0,30.0,15.0,0.0,85.0,1.85,11,0.4743,1.57686,1.5864,0,0,,0,0.0,0.0,,,,,2,0,0,ab_pairs/event_02366_frames_28779_28780.jpg,pickup_count_not_exactly_one|adjacent_xp_event|trajectory_color_disagrees_with_xp|multiple_same_color_pickup_candidates,blue,0.9653,0.9653,0.0347,0.0,False,candidate_assignment,blue,0.9653,resolved_model_assignment
2370,frame_028785,28784,28785,959.4667,959.5,15:59.500,50,hud_ocr,0.9975,1,49,49,5,40.0,30.0,15.0,0.0,85.0,1.85,11,0.4743,1.57686,1.5864,0,0,,0,0.0,0.0,,,,,0,0,0,ab_pairs/event_02370_frames_28784_28785.jpg,pickup_count_not_exactly_one|adjacent_xp_event|trajectory_color_disagrees_with_xp,blue,0.969,0.969,0.031,0.0,False,candidate_assignment,blue,0.969,resolved_model_assignment
2373,frame_028814,28813,28814,960.4333,960.4667,16:00.467,50,hud_ocr,0.9993,1,49,49,5,40.0,30.0,15.0,0.0,85.0,1.85,11,0.4743,1.57686,1.5864,0,1,,0,0.0,0.0,,,,,0,0,0,ab_pairs/event_02373_frames_28813_28814.jpg,pickup_count_not_exactly_one|trajectory_color_disagrees_with_xp,blue,0.9893,0.9893,0.0107,0.0,False,candidate_assignment,blue,0.9893,resolved_model_assignment
2374,frame_028821,28820,28821,960.6667,960.7,16:00.700,50,hud_ocr,0.9993,1,49,49,5,40.0,30.0,15.0,0.0,85.0,1.85,38,1.6386,5.447370810810811,5.4803,0,1,,0,0.0,0.0,,,,,0,1,0,ab_pairs/event_02374_frames_28820_28821.jpg,pickup_count_not_exactly_one|trajectory_color_disagrees_with_xp,green,0.746,0.254,0.746,0.0,False,low_confidence_review,green,0.746,resolved_model_assignment
2376,frame_028829,28828,28829,960.9333,960.9667,16:00.967,50,hud_ocr,0.9997,1,49,49,5,40.0,30.0,15.0,0.0,85.0,1.85,16,0.69,2.2936175675675674,2.3075,0,1,blue,1,0.9027,0.9027,28821,28827,28828,0.903,0,0,0,ab_pairs/event_02376_frames_28828_28829.jpg,trajectory_color_disagrees_with_xp,blue,0.7596,0.7596,0.2404,0.0,False,low_confidence_review,blue,0.7596,resolved_model_assignment
2381,frame_028839,28838,28839,961.2667,961.3,16:01.300,50,hud_ocr,1.0,1,49,49,5,40.0,30.0,15.0,0.0,85.0,1.85,16,0.69,2.2936175675675674,2.3075,0,0,blue|blue,2,0.9487,0.9465,28831|28831,28838|28838,28839|28839,0.949|0.944,0,0,0,ab_pairs/event_02381_frames_28838_28839.jpg,pickup_count_not_exactly_one|adjacent_xp_event|trajectory_color_disagrees_with_xp,blue,0.7515,0.7515,0.2485,0.0,False,low_confidence_review,blue,0.7515,resolved_model_assignment
2382,frame_028840,28839,28840,961.3,961.3333,16:01.333,50,hud_ocr,1.0,1,49,49,5,40.0,30.0,15.0,0.0,85.0,1.85,42,1.8111,6.020783513513513,6.0571,0,0,,0,0.0,0.0,,,,,0,0,0,ab_pairs/event_02382_frames_28839_28840.jpg,pickup_count_not_exactly_one|adjacent_xp_event|trajectory_color_disagrees_with_xp,blue,0.5224,0.5224,0.4776,0.0,False,low_confidence_review,blue,0.5224,resolved_model_assignment
2384,frame_028843,28842,28843,961.4,961.4333,16:01.433,50,hud_ocr,1.0,1,49,49,5,40.0,30.0,15.0,0.0,85.0,1.85,16,0.69,2.2936175675675674,2.3075,0,0,green,1,0.9247,0.9247,28835,28841,28842,0.925,1,0,0,ab_pairs/event_02384_frames_28842_28843.jpg,adjacent_xp_event,green,0.6943,0.3057,0.6943,0.0,False,low_confidence_review,green,0.6943,resolved_model_assignment
2388,frame_028847,28846,28847,961.5333,961.5667,16:01.567,50,previous_hud_ocr_fallback,0.7588,0,49,49,5,40.0,30.0,15.0,0.0,85.0,1.85,20,0.8624,2.8670302702702704,2.8843,0,0,,0,0.0,0.0,,,,,0,0,0,ab_pairs/event_02388_frames_28846_28847.jpg,pickup_count_not_exactly_one|adjacent_xp_event|trajectory_color_disagrees_with_xp|hud_level_not_directly_confirmed,blue,0.7028,0.7028,0.2972,0.0,False,low_confidence_review,blue,0.7028,resolved_model_assignment
2389,frame_028930,28929,28930,964.3,964.3333,16:04.333,51,hud_ocr,0.999,1,50,50,5,40.0,30.0,15.0,0.0,85.0,1.85,57,2.458,8.38363654054054,8.4342,0,0,,0,0.0,0.0,,,,,0,0,0,ab_pairs/event_02389_frames_28929_28930.jpg,pickup_count_not_exactly_one|adjacent_xp_event|trajectory_color_disagrees_with_xp,green,0.5003,0.4997,0.5003,0.0,False,low_confidence_review,green,0.5003,resolved_model_assignment
2390,frame_028931,28930,28931,964.3333,964.3667,16:04.367,51,hud_ocr,0.999,1,50,50,5,40.0,30.0,15.0,0.0,85.0,1.85,68,2.9323,10.00152054054054,10.0619,0,0,,0,0.0,0.0,,,,,0,0,0,ab_pairs/event_02390_frames_28930_28931.jpg,pickup_count_not_exactly_one|adjacent_xp_event|trajectory_color_disagrees_with_xp,blue,0.5542,0.5542,0.4458,0.0,False,low_confidence_review,blue,0.5542,resolved_model_assignment
2391,frame_028932,28931,28932,964.3667,964.4,16:04.400,51,hud_ocr,0.999,1,50,50,5,40.0,30.0,15.0,0.0,85.0,1.85,24,1.0349,3.5299504324324325,3.5513,0,0,,0,0.0,0.0,,,,,0,0,0,ab_pairs/event_02391_frames_28931_28932.jpg,pickup_count_not_exactly_one|adjacent_xp_event|trajectory_color_disagrees_with_xp,blue,0.6784,0.6784,0.3216,0.0,False,low_confidence_review,blue,0.6784,resolved_model_assignment
2392,frame_028935,28934,28935,964.4667,964.5,16:04.500,51,hud_ocr,0.999,1,50,50,5,40.0,30.0,15.0,0.0,85.0,1.85,30,1.2937,4.412429513513513,4.4391,0,0,blue,1,0.8332,0.8332,28928,28932,28933,0.833,1,0,0,ab_pairs/event_02392_frames_28934_28935.jpg,adjacent_xp_event|trajectory_color_disagrees_with_xp,blue,0.8155,0.8155,0.1845,0.0,False,candidate_assignment,blue,0.8155,resolved_model_assignment
2393,frame_028936,28935,28936,964.5,964.5333,16:04.533,51,hud_ocr,0.999,1,50,50,5,40.0,30.0,15.0,0.0,85.0,1.85,68,2.9323,10.00152054054054,10.0619,0,0,,0,0.0,0.0,,,,,0,0,0,ab_pairs/event_02393_frames_28935_28936.jpg,pickup_count_not_exactly_one|adjacent_xp_event|trajectory_color_disagrees_with_xp,blue,0.5423,0.5423,0.4577,0.0,False,low_confidence_review,blue,0.5423,resolved_model_assignment
2395,frame_028938,28937,28938,964.5667,964.6,16:04.600,51,hud_ocr,0.999,1,50,50,5,40.0,30.0,15.0,0.0,85.0,1.85,52,2.2423,7.648231621621621,7.6944,0,0,,0,0.0,0.0,,,,,0,0,0,ab_pairs/event_02395_frames_28937_28938.jpg,pickup_count_not_exactly_one|adjacent_xp_event|trajectory_color_disagrees_with_xp,blue,0.5279,0.5279,0.4721,0.0,False,low_confidence_review,blue,0.5279,resolved_model_assignment
2396,frame_028939,28938,28939,964.6,964.6333,16:04.633,51,hud_ocr,0.999,1,50,50,5,40.0,30.0,15.0,0.0,85.0,1.85,104,4.4847,15.296429135135135,15.3888,0,0,blue,1,0.8387,0.8387,28931,28936,28937,0.839,0,0,0,ab_pairs/event_02396_frames_28938_28939.jpg,adjacent_xp_event|trajectory_color_disagrees_with_xp,blue,0.5401,0.5401,0.4599,0.0,False,low_confidence_review,blue,0.5401,resolved_model_assignment
2397,frame_028940,28939,28940,964.6333,964.6667,16:04.667,51,hud_ocr,0.999,1,50,50,5,40.0,30.0,15.0,0.0,85.0,1.85,152,6.5545,22.35633,22.4913,0,0,,0,0.0,0.0,,,,,0,0,0,ab_pairs/event_02397_frames_28939_28940.jpg,pickup_count_not_exactly_one|adjacent_xp_event|trajectory_color_disagrees_with_xp,blue,0.5415,0.5415,0.4585,0.0,False,low_confidence_review,blue,0.5415,resolved_model_assignment
2398,frame_028941,28940,28941,964.6667,964.7,16:04.700,51,hud_ocr,0.999,1,50,50,5,40.0,30.0,15.0,0.0,85.0,1.85,90,3.881,13.23728854054054,13.3172,0,0,,0,0.0,0.0,,,,,1,0,0,ab_pairs/event_02398_frames_28940_28941.jpg,pickup_count_not_exactly_one|adjacent_xp_event|trajectory_color_disagrees_with_xp,blue,0.8117,0.8117,0.1883,0.0,False,candidate_assignment,blue,0.8117,resolved_model_assignment
2399,frame_028942,28941,28942,964.7,964.7333,16:04.733,51,hud_ocr,0.999,1,50,50,5,40.0,30.0,15.0,0.0,85.0,1.85,818,35.2738,120.3123265945946,121.0386,0,0,,0,0.0,0.0,,,,,1,0,0,ab_pairs/event_02399_frames_28941_28942.jpg,pickup_count_not_exactly_one|adjacent_xp_event|trajectory_color_disagrees_with_xp,blue,0.8053,0.8053,0.1947,0.0,False,candidate_assignment,blue,0.8053,resolved_model_assignment
2400,frame_028943,28942,28943,964.7333,964.7667,16:04.767,51,hud_ocr,0.999,1,50,50,5,40.0,30.0,15.0,0.0,85.0,1.85,36,1.5524,5.294908594594594,5.3269,0,0,,0,0.0,0.0,,,,,0,0,0,ab_pairs/event_02400_frames_28942_28943.jpg,pickup_count_not_exactly_one|adjacent_xp_event|trajectory_color_disagrees_with_xp,blue,0.5756,0.5756,0.4244,0.0,False,low_confidence_review,blue,0.5756,resolved_model_assignment
2401,frame_029050,29049,29050,968.3,968.3333,16:08.333,53,hud_ocr,0.9998,1,51,51,5,40.0,30.0,15.0,0.0,85.0,1.85,172,7.417,26.580888486486483,26.7413,0,1,,0,0.0,0.0,,,,,0,0,0,ab_pairs/event_02401_frames_29049_29050.jpg,pickup_count_not_exactly_one|trajectory_color_disagrees_with_xp,blue,0.5541,0.5541,0.4459,0.0,False,low_confidence_review,blue,0.5541,resolved_model_assignment
2403,frame_029111,29110,29111,970.3333,970.3667,16:10.367,53,previous_hud_ocr_fallback,0.0,0,52,52,5,40.0,30.0,15.0,0.0,85.0,1.85,1931,83.2687,298.4168375675676,300.2181,1,1,blue|blue,2,0.7841,0.7673,29104|29104,29109|29109,29110|29110,0.784|0.750,0,1,0,ab_pairs/event_02403_frames_29110_29111.jpg,pickup_count_not_exactly_one|trajectory_color_disagrees_with_xp|xp_bar_saturated|hud_level_not_directly_confirmed,,0.0,0.0,0.0,0.0,False,saturated_unresolved,blue,1.0,trajectory_score_vote
2407,frame_029149,29148,29149,971.6,971.6333,16:11.633,55,hud_ocr,0.9998,1,52,52,5,40.0,30.0,15.0,0.0,85.0,1.85,20,0.8624,3.2399772972972976,3.2595,0,0,,0,0.0,0.0,,,,,0,0,0,ab_pairs/event_02407_frames_29148_29149.jpg,pickup_count_not_exactly_one|adjacent_xp_event|trajectory_color_disagrees_with_xp,blue,0.5601,0.5601,0.4399,0.0,False,low_confidence_review,blue,0.5601,resolved_model_assignment
2409,frame_029154,29153,29154,971.7667,971.8,16:11.800,55,hud_ocr,0.9998,1,52,52,5,40.0,30.0,15.0,0.0,85.0,1.85,25,1.0781,4.049971621621621,4.0744,0,0,,0,0.0,0.0,,,,,0,0,0,ab_pairs/event_02409_frames_29153_29154.jpg,pickup_count_not_exactly_one|adjacent_xp_event|trajectory_color_disagrees_with_xp,blue,0.5562,0.5562,0.4438,0.0,False,low_confidence_review,blue,0.5562,resolved_model_assignment
2411,frame_029161,29160,29161,972.0,972.0333,16:12.033,55,hud_ocr,0.999,1,52,52,5,40.0,30.0,15.0,0.0,85.0,1.85,19,0.8193,3.0779859459459455,3.0966,0,1,,0,0.0,0.0,,,,,1,0,0,ab_pairs/event_02411_frames_29160_29161.jpg,pickup_count_not_exactly_one|trajectory_color_disagrees_with_xp,blue,0.8105,0.8105,0.1895,0.0,False,candidate_assignment,blue,0.8105,resolved_model_assignment
2413,frame_029170,29169,29170,972.3,972.3333,16:12.333,55,hud_ocr,0.999,1,52,52,5,40.0,30.0,15.0,0.0,85.0,1.85,34,1.4661,5.507968918918919,5.5412,0,1,green,1,0.9374,0.9374,29162,29169,29170,0.937,0,1,0,ab_pairs/event_02413_frames_29169_29170.jpg,heldout_green_precision_or_support_gate_failed,green,0.9793,0.0207,0.9793,0.0,False,candidate_assignment,green,0.9793,resolved_model_assignment
2415,frame_029174,29173,29174,972.4333,972.4667,16:12.467,55,hud_ocr,0.9972,1,52,52,5,40.0,30.0,15.0,0.0,85.0,1.85,20,0.8624,3.2399772972972976,3.2595,0,0,,0,0.0,0.0,,,,,0,0,0,ab_pairs/event_02415_frames_29173_29174.jpg,pickup_count_not_exactly_one|adjacent_xp_event|trajectory_color_disagrees_with_xp,blue,0.6122,0.6122,0.3878,0.0,False,low_confidence_review,blue,0.6122,resolved_model_assignment
2420,frame_029189,29188,29189,972.9333,972.9667,16:12.967,55,hud_ocr,0.7983,1,52,52,5,40.0,30.0,15.0,0.0,85.0,1.85,17,0.7331,2.7539656756756754,2.7706,0,1,green,1,0.9192,0.9192,29181,29187,29188,0.919,0,1,0,ab_pairs/event_02420_frames_29188_29189.jpg,heldout_green_precision_or_support_gate_failed,green,0.8959,0.1041,0.8959,0.0,False,candidate_assignment,green,0.8959,resolved_model_assignment
2423,frame_029198,29197,29198,973.2333,973.2667,16:13.267,55,previous_hud_ocr_fallback,0.8053,0,52,52,5,40.0,30.0,15.0,0.0,85.0,1.85,17,0.7331,2.7539656756756754,2.7706,0,1,green|blue,2,0.8194,0.7568,29194|29190,29196|29197,29197|29198,0.819|0.694,0,0,0,ab_pairs/event_02423_frames_29197_29198.jpg,pickup_count_not_exactly_one|trajectory_color_disagrees_with_xp|hud_level_not_directly_confirmed,green,0.5308,0.4692,0.5308,0.0,False,low_confidence_review,green,0.5308,resolved_model_assignment
2424,frame_029204,29203,29204,973.4333,973.4667,16:13.467,55,previous_hud_ocr_fallback,0.2626,0,52,52,5,40.0,30.0,15.0,0.0,85.0,1.85,10,0.4312,1.6199886486486488,1.6298,1,1,blue|blue|blue,3,0.8399,0.8048,29196|29196|29196,29203|29203|29203,29204|29204|29204,0.840|0.810|0.764,0,0,0,ab_pairs/event_02424_frames_29203_29204.jpg,pickup_count_not_exactly_one|trajectory_color_disagrees_with_xp|xp_bar_saturated|hud_level_not_directly_confirmed,,0.0,0.0,0.0,0.0,False,saturated_unresolved,blue,1.0,trajectory_score_vote
2425,frame_029293,29292,29293,976.4,976.4333,16:16.433,56,hud_ocr,0.9987,1,53,53,5,40.0,30.0,15.0,0.0,85.0,1.85,16,0.69,2.6516456756756757,2.6677,0,0,green,1,0.9417,0.9417,29288,29291,29292,0.942,0,0,0,ab_pairs/event_02425_frames_29292_29293.jpg,adjacent_xp_event,green,0.8833,0.1167,0.8833,0.0,False,candidate_assignment,green,0.8833,resolved_model_assignment
2436,frame_029441,29440,29441,981.3333,981.3667,16:21.367,56,hud_ocr,0.9997,1,53,53,5,40.0,30.0,15.0,0.0,85.0,1.85,18,0.7762,2.983125405405405,3.0011,0,1,,0,0.0,0.0,,,,,1,0,0,ab_pairs/event_02436_frames_29440_29441.jpg,pickup_count_not_exactly_one|trajectory_color_disagrees_with_xp,blue,0.8645,0.8645,0.1355,0.0,False,candidate_assignment,blue,0.8645,resolved_model_assignment
2440,frame_029449,29448,29449,981.6,981.6333,16:21.633,56,hud_ocr,0.9997,1,53,53,5,40.0,30.0,15.0,0.0,85.0,1.85,20,0.8624,3.314566702702703,3.3346,0,1,,0,0.0,0.0,,,,,0,0,0,ab_pairs/event_02440_frames_29448_29449.jpg,pickup_count_not_exactly_one|trajectory_color_disagrees_with_xp,blue,0.5337,0.5337,0.4663,0.0,False,low_confidence_review,blue,0.5337,resolved_model_assignment
2443,frame_029460,29459,29460,981.9667,982.0,16:22.000,56,hud_ocr,0.9996,1,53,53,5,40.0,30.0,15.0,0.0,85.0,1.85,38,1.6386,6.297692108108107,6.3357,0,1,,0,0.0,0.0,,,,,0,0,0,ab_pairs/event_02443_frames_29459_29460.jpg,pickup_count_not_exactly_one|trajectory_color_disagrees_with_xp,green,0.5229,0.4771,0.5229,0.0,False,low_confidence_review,green,0.5229,resolved_model_assignment
2449,frame_029476,29475,29476,982.5,982.5333,16:22.533,56,hud_ocr,0.9996,1,53,53,5,40.0,30.0,15.0,0.0,85.0,1.85,38,1.6386,6.297692108108107,6.3357,0,1,green,1,0.9526,0.9526,29468,29475,29476,0.953,2,1,0,ab_pairs/event_02449_frames_29475_29476.jpg,heldout_green_precision_or_support_gate_failed,green,0.9744,0.0256,0.9744,0.0,False,candidate_assignment,green,0.9744,resolved_model_assignment
2452,frame_029485,29484,29485,982.8,982.8333,16:22.833,56,hud_ocr,0.9996,1,53,53,5,40.0,30.0,15.0,0.0,85.0,1.85,20,0.8624,3.314566702702703,3.3346,0,0,,0,0.0,0.0,,,,,0,0,0,ab_pairs/event_02452_frames_29484_29485.jpg,pickup_count_not_exactly_one|adjacent_xp_event|trajectory_color_disagrees_with_xp,blue,0.5789,0.5789,0.4211,0.0,False,low_confidence_review,blue,0.5789,resolved_model_assignment
2456,frame_029498,29497,29498,983.2333,983.2667,16:23.267,56,hud_ocr,0.9995,1,53,53,5,40.0,30.0,15.0,0.0,85.0,1.85,24,1.0349,3.9774877297297295,4.0015,0,1,blue|green,2,0.929,0.8833,29490|29493,29495|29496,29496|29497,0.838|0.929,0,0,0,ab_pairs/event_02456_frames_29497_29498.jpg,pickup_count_not_exactly_one|trajectory_color_disagrees_with_xp,green,0.7744,0.2256,0.7744,0.0,False,low_confidence_review,green,0.7744,resolved_model_assignment
2462,frame_029516,29515,29516,983.8333,983.8667,16:23.867,56,hud_ocr,0.9995,1,53,53,5,40.0,30.0,15.0,0.0,85.0,1.85,20,0.8624,3.314566702702703,3.3346,0,0,,0,0.0,0.0,,,,,0,0,0,ab_pairs/event_02462_frames_29515_29516.jpg,pickup_count_not_exactly_one|adjacent_xp_event|trajectory_color_disagrees_with_xp,blue,0.5235,0.5235,0.4765,0.0,False,low_confidence_review,blue,0.5235,resolved_model_assignment
2469,frame_029539,29538,29539,984.6,984.6333,16:24.633,56,hud_ocr,0.9991,1,53,53,5,40.0,30.0,15.0,0.0,85.0,1.85,20,0.8624,3.314566702702703,3.3346,0,1,,0,0.0,0.0,,,,,0,0,0,ab_pairs/event_02469_frames_29538_29539.jpg,pickup_count_not_exactly_one|trajectory_color_disagrees_with_xp,blue,0.63,0.63,0.37,0.0,False,low_confidence_review,blue,0.63,resolved_model_assignment
2470,frame_029545,29544,29545,984.8,984.8333,16:24.833,56,hud_ocr,0.9991,1,53,53,5,40.0,30.0,15.0,0.0,85.0,1.85,24,1.0349,3.9774877297297295,4.0015,0,0,green|blue,2,0.9107,0.9106,29538|29539,29543|29544,29544|29545,0.910|0.911,0,0,0,ab_pairs/event_02470_frames_29544_29545.jpg,pickup_count_not_exactly_one|adjacent_xp_event|trajectory_color_disagrees_with_xp,green,0.6645,0.3355,0.6645,0.0,False,low_confidence_review,green,0.6645,resolved_model_assignment
2473,frame_029554,29553,29554,985.1,985.1333,16:25.133,56,hud_ocr,0.9999,1,53,53,5,40.0,30.0,15.0,0.0,85.0,1.85,22,0.9487,3.6460079999999997,3.668,0,0,,0,0.0,0.0,,,,,0,0,0,ab_pairs/event_02473_frames_29553_29554.jpg,pickup_count_not_exactly_one|adjacent_xp_event|trajectory_color_disagrees_with_xp,blue,0.5257,0.5257,0.4743,0.0,False,low_confidence_review,blue,0.5257,resolved_model_assignment
2474,frame_029556,29555,29556,985.1667,985.2,16:25.200,56,hud_ocr,0.9999,1,53,53,5,40.0,30.0,15.0,0.0,85.0,1.85,30,1.2937,4.971850054054054,5.0019,0,1,blue,1,0.7627,0.7627,29549,29555,29556,0.763,0,0,0,ab_pairs/event_02474_frames_29555_29556.jpg,trajectory_color_disagrees_with_xp,green,0.5354,0.4646,0.5354,0.0,False,low_confidence_review,green,0.5354,resolved_model_assignment
2476,frame_029562,29561,29562,985.3667,985.4,16:25.400,56,hud_ocr,0.9999,1,53,53,5,40.0,30.0,15.0,0.0,85.0,1.85,33,1.423,5.469050432432431,5.5021,0,0,,0,0.0,0.0,,,,,1,0,0,ab_pairs/event_02476_frames_29561_29562.jpg,pickup_count_not_exactly_one|adjacent_xp_event|trajectory_color_disagrees_with_xp,blue,0.7587,0.7587,0.2413,0.0,False,low_confidence_review,blue,0.7587,resolved_model_assignment
2485,frame_029602,29601,29602,986.7,986.7333,16:26.733,56,hud_ocr,0.9999,1,53,53,5,40.0,30.0,15.0,0.0,85.0,1.85,18,0.7762,2.983125405405405,3.0011,0,1,blue|green,2,0.8888,0.8431,29595|29597,29599|29600,29600|29601,0.797|0.889,1,0,0,ab_pairs/event_02485_frames_29601_29602.jpg,pickup_count_not_exactly_one|trajectory_color_disagrees_with_xp,green,0.5721,0.4279,0.5721,0.0,False,low_confidence_review,green,0.5721,resolved_model_assignment
2490,frame_029703,29702,29703,990.0667,990.1,16:30.100,56,hud_ocr,0.9996,1,53,53,5,40.0,30.0,15.0,0.0,85.0,1.85,24,1.0349,3.9774877297297295,4.0015,0,0,,0,0.0,0.0,,,,,0,0,0,ab_pairs/event_02490_frames_29702_29703.jpg,pickup_count_not_exactly_one|adjacent_xp_event|trajectory_color_disagrees_with_xp,blue,0.5059,0.5059,0.4941,0.0,False,low_confidence_review,blue,0.5059,resolved_model_assignment
2492,frame_029709,29708,29709,990.2667,990.3,16:30.300,56,hud_ocr,0.9996,1,53,53,5,40.0,30.0,15.0,0.0,85.0,1.85,15,0.6468,2.485925027027027,2.5009,0,1,,0,0.0,0.0,,,,,0,0,0,ab_pairs/event_02492_frames_29708_29709.jpg,pickup_count_not_exactly_one|trajectory_color_disagrees_with_xp,blue,0.7945,0.7945,0.2055,0.0,False,low_confidence_review,blue,0.7945,resolved_model_assignment
2496,frame_029725,29724,29725,990.8,990.8333,16:30.833,56,hud_ocr,0.9996,1,53,53,5,40.0,30.0,15.0,0.0,85.0,1.85,18,0.7762,2.983125405405405,3.0011,0,1,blue,1,0.6687,0.6687,29717,29723,29724,0.669,0,0,0,ab_pairs/event_02496_frames_29724_29725.jpg,trajectory_color_disagrees_with_xp,blue,0.7613,0.7613,0.2387,0.0,False,low_confidence_review,blue,0.7613,resolved_model_assignment
2497,frame_029727,29726,29727,990.8667,990.9,16:30.900,56,hud_ocr,0.9996,1,53,53,5,40.0,30.0,15.0,0.0,85.0,1.85,16,0.69,2.6516456756756757,2.6677,0,1,,0,0.0,0.0,,,,,0,0,0,ab_pairs/event_02497_frames_29726_29727.jpg,pickup_count_not_exactly_one|trajectory_color_disagrees_with_xp,blue,0.7934,0.7934,0.2066,0.0,False,low_confidence_review,blue,0.7934,resolved_model_assignment
2499,frame_029732,29731,29732,991.0333,991.0667,16:31.067,56,hud_ocr,0.9996,1,53,53,5,40.0,30.0,15.0,0.0,85.0,1.85,24,1.0349,3.9774877297297295,4.0015,0,1,blue|blue,2,0.928,0.8643,29727|29724,29731|29731,29732|29732,0.928|0.801,3,0,0,ab_pairs/event_02499_frames_29731_29732.jpg,pickup_count_not_exactly_one|trajectory_color_disagrees_with_xp,blue,0.8115,0.8115,0.1885,0.0,False,candidate_assignment,blue,0.8115,resolved_model_assignment
2505,frame_029745,29744,29745,991.4667,991.5,16:31.500,56,hud_ocr,0.9996,1,53,53,5,40.0,30.0,15.0,0.0,85.0,1.85,20,0.8624,3.314566702702703,3.3346,0,0,,0,0.0,0.0,,,,,1,0,0,ab_pairs/event_02505_frames_29744_29745.jpg,pickup_count_not_exactly_one|adjacent_xp_event|trajectory_color_disagrees_with_xp,blue,0.8219,0.8219,0.1781,0.0,False,candidate_assignment,blue,0.8219,resolved_model_assignment
2508,frame_029753,29752,29753,991.7333,991.7667,16:31.767,56,hud_ocr,0.9996,1,53,53,5,40.0,30.0,15.0,0.0,85.0,1.85,24,1.0349,3.9774877297297295,4.0015,0,0,blue,1,0.9043,0.9043,29745,29752,29753,0.904,3,0,0,ab_pairs/event_02508_frames_29752_29753.jpg,adjacent_xp_event|trajectory_color_disagrees_with_xp,blue,0.8254,0.8254,0.1746,0.0,False,candidate_assignment,blue,0.8254,resolved_model_assignment
2509,frame_029760,29759,29760,991.9667,992.0,16:32.000,56,previous_hud_ocr_fallback,1.0,0,53,53,5,40.0,30.0,15.0,0.0,85.0,1.85,30,1.2937,4.971850054054054,5.0019,0,1,blue|blue,2,0.9117,0.8502,29753|29752,29757|29759,29758|29760,0.912|0.789,1,1,0,ab_pairs/event_02509_frames_29759_29760.jpg,pickup_count_not_exactly_one|trajectory_color_disagrees_with_xp|hud_level_not_directly_confirmed,green,0.5555,0.4445,0.5555,0.0,False,low_confidence_review,green,0.5555,resolved_model_assignment
2511,frame_029880,29879,29880,995.9667,996.0,16:36.000,57,hud_ocr,0.9998,1,54,54,5,40.0,30.0,15.0,0.0,85.0,1.85,38,1.6386,6.439412324324324,6.4783,0,1,,0,0.0,0.0,,,,,2,2,0,ab_pairs/event_02511_frames_29879_29880.jpg,pickup_count_not_exactly_one|trajectory_color_disagrees_with_xp|multiple_same_color_pickup_candidates,green,0.7206,0.2794,0.7206,0.0,False,low_confidence_review,green,0.7206,resolved_model_assignment
2512,frame_029882,29881,29882,996.0333,996.0667,16:36.067,57,hud_ocr,0.9998,1,54,54,5,40.0,30.0,15.0,0.0,85.0,1.85,14,0.6037,2.372417135135135,2.3867,0,1,green,1,0.9409,0.9409,29877,29881,29882,0.941,0,1,0,ab_pairs/event_02512_frames_29881_29882.jpg,heldout_green_precision_or_support_gate_failed,green,0.9448,0.0552,0.9448,0.0,False,candidate_assignment,green,0.9448,resolved_model_assignment
2513,frame_029885,29884,29885,996.1333,996.1667,16:36.167,57,hud_ocr,0.9998,1,54,54,5,40.0,30.0,15.0,0.0,85.0,1.85,14,0.6037,2.372417135135135,2.3867,0,1,green,1,0.876,0.876,29879,29883,29884,0.876,0,0,0,ab_pairs/event_02513_frames_29884_29885.jpg,heldout_green_precision_or_support_gate_failed,green,0.5816,0.4184,0.5816,0.0,False,low_confidence_review,green,0.5816,resolved_model_assignment
2530,frame_029996,29995,29996,999.8333,999.8667,16:39.867,57,hud_ocr,0.9621,1,54,54,5,40.0,30.0,15.0,0.0,85.0,1.85,24,1.0349,4.066995189189189,4.0915,0,1,green,1,0.9236,0.9236,29988,29993,29994,0.924,0,0,0,ab_pairs/event_02530_frames_29995_29996.jpg,heldout_green_precision_or_support_gate_failed,green,0.7419,0.2581,0.7419,0.0,False,low_confidence_review,green,0.7419,resolved_model_assignment
2537,frame_030013,30012,30013,1000.4,1000.4333,16:40.433,57,hud_ocr,0.9997,1,54,54,5,40.0,30.0,15.0,0.0,85.0,1.85,13,0.5606,2.2029671891891893,2.2163,0,0,,0,0.0,0.0,,,,,0,0,0,ab_pairs/event_02537_frames_30012_30013.jpg,pickup_count_not_exactly_one|adjacent_xp_event|trajectory_color_disagrees_with_xp,blue,0.7938,0.7938,0.2062,0.0,False,low_confidence_review,blue,0.7938,resolved_model_assignment
2540,frame_030022,30021,30022,1000.7,1000.7333,16:40.733,57,hud_ocr,0.9997,1,54,54,5,40.0,30.0,15.0,0.0,85.0,1.85,14,0.6037,2.372417135135135,2.3867,0,0,,0,0.0,0.0,,,,,0,0,0,ab_pairs/event_02540_frames_30021_30022.jpg,pickup_count_not_exactly_one|adjacent_xp_event|trajectory_color_disagrees_with_xp,blue,0.8074,0.8074,0.1926,0.0,False,candidate_assignment,blue,0.8074,resolved_model_assignment
2543,frame_030029,30028,30029,1000.9333,1000.9667,16:40.967,57,hud_ocr,0.9997,1,54,54,5,40.0,30.0,15.0,0.0,85.0,1.85,14,0.6037,2.372417135135135,2.3867,0,0,blue,1,0.9376,0.9376,30021,30028,30029,0.938,2,0,0,ab_pairs/event_02543_frames_30028_30029.jpg,adjacent_xp_event|trajectory_color_disagrees_with_xp,blue,0.8691,0.8691,0.1309,0.0,False,candidate_assignment,blue,0.8691,resolved_model_assignment
2545,frame_030031,30030,30031,1001.0,1001.0333,16:41.033,57,hud_ocr,0.9932,1,54,54,5,40.0,30.0,15.0,0.0,85.0,1.85,14,0.6037,2.372417135135135,2.3867,0,0,blue,1,0.8844,0.8844,30027,30030,30031,0.884,1,1,0,ab_pairs/event_02545_frames_30030_30031.jpg,adjacent_xp_event|trajectory_color_disagrees_with_xp,blue,0.5758,0.5758,0.4242,0.0,False,low_confidence_review,blue,0.5758,resolved_model_assignment
2546,frame_030040,30039,30040,1001.3,1001.3333,16:41.333,57,hud_ocr,0.9871,1,54,54,5,40.0,30.0,15.0,0.0,85.0,1.85,14,0.6037,2.372417135135135,2.3867,0,1,blue|blue|blue|blue|blue,5,0.9638,0.8885,30032|30032|30032|30032|30032,30037|30038|30038|30038|30039,30038|30039|30039|30039|30040,0.840|0.917|0.882|0.840|0.964,0,0,0,ab_pairs/event_02546_frames_30039_30040.jpg,pickup_count_not_exactly_one|trajectory_color_disagrees_with_xp,blue,0.7677,0.7677,0.2323,0.0,False,low_confidence_review,blue,0.7677,resolved_model_assignment
2554,frame_030057,30056,30057,1001.8667,1001.9,16:41.900,57,hud_ocr,0.987,1,54,54,5,40.0,30.0,15.0,0.0,85.0,1.85,22,0.9487,3.7280559999999996,3.7506,0,0,green,1,0.9097,0.9097,30050,30056,30057,0.910,0,0,0,ab_pairs/event_02554_frames_30056_30057.jpg,adjacent_xp_event,green,0.7114,0.2886,0.7114,0.0,False,low_confidence_review,green,0.7114,resolved_model_assignment
2555,frame_030059,30058,30059,1001.9333,1001.9667,16:41.967,57,hud_ocr,0.987,1,54,54,5,40.0,30.0,15.0,0.0,85.0,1.85,20,0.8624,3.389156108108108,3.4096,0,1,,0,0.0,0.0,,,,,1,0,0,ab_pairs/event_02555_frames_30058_30059.jpg,pickup_count_not_exactly_one|trajectory_color_disagrees_with_xp,blue,0.823,0.823,0.177,0.0,False,candidate_assignment,blue,0.823,resolved_model_assignment
2556,frame_030061,30060,30061,1002.0,1002.0333,16:42.033,57,hud_ocr,0.9996,1,54,54,5,40.0,30.0,15.0,0.0,85.0,1.85,18,0.7762,3.050256216216216,3.0687,0,0,,0,0.0,0.0,,,,,0,0,0,ab_pairs/event_02556_frames_30060_30061.jpg,pickup_count_not_exactly_one|adjacent_xp_event|trajectory_color_disagrees_with_xp,blue,0.6748,0.6748,0.3252,0.0,False,low_confidence_review,blue,0.6748,resolved_model_assignment
2557,frame_030062,30061,30062,1002.0333,1002.0667,16:42.067,57,hud_ocr,0.9996,1,54,54,5,40.0,30.0,15.0,0.0,85.0,1.85,14,0.6037,2.372417135135135,2.3867,0,0,,0,0.0,0.0,,,,,2,0,0,ab_pairs/event_02557_frames_30061_30062.jpg,pickup_count_not_exactly_one|adjacent_xp_event|trajectory_color_disagrees_with_xp,blue,0.8944,0.8944,0.1056,0.0,False,candidate_assignment,blue,0.8944,resolved_model_assignment
2559,frame_030065,30064,30065,1002.1333,1002.1667,16:42.167,57,hud_ocr,0.9996,1,54,54,5,40.0,30.0,15.0,0.0,85.0,1.85,22,0.9487,3.7280559999999996,3.7506,0,0,blue,1,0.8356,0.8356,30057,30063,30064,0.836,0,0,0,ab_pairs/event_02559_frames_30064_30065.jpg,adjacent_xp_event|trajectory_color_disagrees_with_xp,blue,0.5821,0.5821,0.4179,0.0,False,low_confidence_review,blue,0.5821,resolved_model_assignment
2561,frame_030067,30066,30067,1002.2,1002.2333,16:42.233,57,hud_ocr,0.9996,1,54,54,5,40.0,30.0,15.0,0.0,85.0,1.85,17,0.7331,2.880766972972973,2.8982,0,0,,0,0.0,0.0,,,,,0,0,0,ab_pairs/event_02561_frames_30066_30067.jpg,pickup_count_not_exactly_one|adjacent_xp_event|trajectory_color_disagrees_with_xp,blue,0.7324,0.7324,0.2676,0.0,False,low_confidence_review,blue,0.7324,resolved_model_assignment
2563,frame_030074,30073,30074,1002.4333,1002.4667,16:42.467,57,hud_ocr,0.9996,1,54,54,5,40.0,30.0,15.0,0.0,85.0,1.85,20,0.8624,3.389156108108108,3.4096,0,1,,0,0.0,0.0,,,,,1,0,0,ab_pairs/event_02563_frames_30073_30074.jpg,pickup_count_not_exactly_one|trajectory_color_disagrees_with_xp,blue,0.8097,0.8097,0.1903,0.0,False,candidate_assignment,blue,0.8097,resolved_model_assignment
2568,frame_030083,30082,30083,1002.7333,1002.7667,16:42.767,57,hud_ocr,0.9996,1,54,54,5,40.0,30.0,15.0,0.0,85.0,1.85,20,0.8624,3.389156108108108,3.4096,0,0,,0,0.0,0.0,,,,,0,1,0,ab_pairs/event_02568_frames_30082_30083.jpg,pickup_count_not_exactly_one|adjacent_xp_event|trajectory_color_disagrees_with_xp,green,0.7124,0.2876,0.7124,0.0,False,low_confidence_review,green,0.7124,resolved_model_assignment
2569,frame_030084,30083,30084,1002.7667,1002.8,16:42.800,57,hud_ocr,0.9996,1,54,54,5,40.0,30.0,15.0,0.0,85.0,1.85,14,0.6037,2.372417135135135,2.3867,0,0,,0,0.0,0.0,,,,,2,0,0,ab_pairs/event_02569_frames_30083_30084.jpg,pickup_count_not_exactly_one|adjacent_xp_event|trajectory_color_disagrees_with_xp,blue,0.8918,0.8918,0.1082,0.0,False,candidate_assignment,blue,0.8918,resolved_model_assignment
2571,frame_030087,30086,30087,1002.8667,1002.9,16:42.900,57,hud_ocr,0.9996,1,54,54,5,40.0,30.0,15.0,0.0,85.0,1.85,20,0.8624,3.389156108108108,3.4096,0,0,blue,1,0.9115,0.9115,30081,30085,30086,0.912,1,0,0,ab_pairs/event_02571_frames_30086_30087.jpg,adjacent_xp_event|trajectory_color_disagrees_with_xp,blue,0.8157,0.8157,0.1843,0.0,False,candidate_assignment,blue,0.8157,resolved_model_assignment
2574,frame_030092,30091,30092,1003.0333,1003.0667,16:43.067,57,hud_ocr,0.9951,1,54,54,5,40.0,30.0,15.0,0.0,85.0,1.85,14,0.6037,2.372417135135135,2.3867,0,0,,0,0.0,0.0,,,,,0,0,0,ab_pairs/event_02574_frames_30091_30092.jpg,pickup_count_not_exactly_one|adjacent_xp_event|trajectory_color_disagrees_with_xp,blue,0.7888,0.7888,0.2112,0.0,False,low_confidence_review,blue,0.7888,resolved_model_assignment
2577,frame_030101,30100,30101,1003.3333,1003.3667,16:43.367,57,hud_ocr,0.9954,1,54,54,5,40.0,30.0,15.0,0.0,85.0,1.85,24,1.0349,4.066995189189189,4.0915,0,0,blue|blue,2,0.8579,0.8547,30093|30094,30098|30099,30099|30100,0.852|0.858,0,0,0,ab_pairs/event_02577_frames_30100_30101.jpg,pickup_count_not_exactly_one|adjacent_xp_event|trajectory_color_disagrees_with_xp,blue,0.6414,0.6414,0.3586,0.0,False,low_confidence_review,blue,0.6414,resolved_model_assignment
2579,frame_030103,30102,30103,1003.4,1003.4333,16:43.433,57,hud_ocr,0.9954,1,54,54,5,40.0,30.0,15.0,0.0,85.0,1.85,19,0.8193,3.219706162162162,3.2391,0,0,,0,0.0,0.0,,,,,0,0,0,ab_pairs/event_02579_frames_30102_30103.jpg,pickup_count_not_exactly_one|adjacent_xp_event|trajectory_color_disagrees_with_xp,blue,0.6091,0.6091,0.3909,0.0,False,low_confidence_review,blue,0.6091,resolved_model_assignment
2582,frame_030117,30116,30117,1003.8667,1003.9,16:43.900,57,hud_ocr,0.9954,1,54,54,5,40.0,30.0,15.0,0.0,85.0,1.85,38,1.6386,6.439412324324324,6.4783,0,0,blue|green,2,0.9111,0.9026,30109|30112,30114|30115,30115|30116,0.911|0.894,0,0,0,ab_pairs/event_02582_frames_30116_30117.jpg,pickup_count_not_exactly_one|adjacent_xp_event|trajectory_color_disagrees_with_xp,green,0.6082,0.3918,0.6082,0.0,False,low_confidence_review,green,0.6082,resolved_model_assignment
2584,frame_030119,30118,30119,1003.9333,1003.9667,16:43.967,57,hud_ocr,0.9954,1,54,54,5,40.0,30.0,15.0,0.0,85.0,1.85,19,0.8193,3.219706162162162,3.2391,0,0,,0,0.0,0.0,,,,,0,1,0,ab_pairs/event_02584_frames_30118_30119.jpg,pickup_count_not_exactly_one|adjacent_xp_event|trajectory_color_disagrees_with_xp,green,0.6826,0.3174,0.6826,0.0,False,low_confidence_review,green,0.6826,resolved_model_assignment
2586,frame_030121,30120,30121,1004.0,1004.0333,16:44.033,57,hud_ocr,0.9816,1,54,54,5,40.0,30.0,15.0,0.0,85.0,1.85,28,1.2074,4.74483427027027,4.7735,0,0,blue,1,0.9473,0.9473,30113,30120,30121,0.947,2,2,0,ab_pairs/event_02586_frames_30120_30121.jpg,adjacent_xp_event|trajectory_color_disagrees_with_xp|multiple_same_color_pickup_candidates,green,0.574,0.426,0.574,0.0,False,low_confidence_review,green,0.574,resolved_model_assignment
2591,frame_030129,30128,30129,1004.2667,1004.3,16:44.300,57,hud_ocr,0.9816,1,54,54,5,40.0,30.0,15.0,0.0,85.0,1.85,24,1.0349,4.066995189189189,4.0915,0,0,,0,0.0,0.0,,,,,0,0,0,ab_pairs/event_02591_frames_30128_30129.jpg,pickup_count_not_exactly_one|adjacent_xp_event|trajectory_color_disagrees_with_xp,blue,0.6637,0.6637,0.3363,0.0,False,low_confidence_review,blue,0.6637,resolved_model_assignment
2594,frame_030136,30135,30136,1004.5,1004.5333,16:44.533,57,hud_ocr,0.9816,1,54,54,5,40.0,30.0,15.0,0.0,85.0,1.85,42,1.8111,7.117251405405406,7.1602,0,0,green|blue|green,3,0.9378,0.8541,30128|30128|30132,30133|30134|30135,30134|30135|30136,0.910|0.714|0.938,0,1,0,ab_pairs/event_02594_frames_30135_30136.jpg,pickup_count_not_exactly_one|adjacent_xp_event|trajectory_color_disagrees_with_xp,green,0.8348,0.1652,0.8348,0.0,False,candidate_assignment,green,0.8348,resolved_model_assignment
2595,frame_030137,30136,30137,1004.5333,1004.5667,16:44.567,57,hud_ocr,0.9816,1,54,54,5,40.0,30.0,15.0,0.0,85.0,1.85,23,0.9918,3.8975452432432425,3.9211,0,0,,0,0.0,0.0,,,,,1,1,0,ab_pairs/event_02595_frames_30136_30137.jpg,pickup_count_not_exactly_one|adjacent_xp_event|trajectory_color_disagrees_with_xp,green,0.5894,0.4106,0.5894,0.0,False,low_confidence_review,green,0.5894,resolved_model_assignment
2596,frame_030138,30137,30138,1004.5667,1004.6,16:44.600,57,hud_ocr,0.9816,1,54,54,5,40.0,30.0,15.0,0.0,85.0,1.85,23,0.9918,3.8975452432432425,3.9211,0,0,,0,0.0,0.0,,,,,2,0,0,ab_pairs/event_02596_frames_30137_30138.jpg,pickup_count_not_exactly_one|adjacent_xp_event|trajectory_color_disagrees_with_xp,blue,0.8382,0.8382,0.1618,0.0,False,candidate_assignment,blue,0.8382,resolved_model_assignment
2604,frame_030155,30154,30155,1005.1333,1005.1667,16:45.167,57,hud_ocr,0.9991,1,54,54,5,40.0,30.0,15.0,0.0,85.0,1.85,22,0.9487,3.7280559999999996,3.7506,0,0,,0,0.0,0.0,,,,,0,0,0,ab_pairs/event_02604_frames_30154_30155.jpg,pickup_count_not_exactly_one|adjacent_xp_event|trajectory_color_disagrees_with_xp,blue,0.6113,0.6113,0.3887,0.0,False,low_confidence_review,blue,0.6113,resolved_model_assignment
2605,frame_030156,30155,30156,1005.1667,1005.2,16:45.200,57,hud_ocr,0.9991,1,54,54,5,40.0,30.0,15.0,0.0,85.0,1.85,38,1.6386,6.439412324324324,6.4783,0,0,green,1,0.927,0.927,30148,30155,30156,0.927,0,1,0,ab_pairs/event_02605_frames_30155_30156.jpg,adjacent_xp_event,green,0.9598,0.0402,0.9598,0.0,False,candidate_assignment,green,0.9598,resolved_model_assignment
2606,frame_030158,30157,30158,1005.2333,1005.2667,16:45.267,57,hud_ocr,0.9991,1,54,54,5,40.0,30.0,15.0,0.0,85.0,1.85,18,0.7762,3.050256216216216,3.0687,0,0,green|blue,2,0.8835,0.8145,30150|30150,30157|30157,30158|30158,0.884|0.746,1,0,0,ab_pairs/event_02606_frames_30157_30158.jpg,pickup_count_not_exactly_one|adjacent_xp_event|trajectory_color_disagrees_with_xp,green,0.5119,0.4881,0.5119,0.0,False,low_confidence_review,green,0.5119,resolved_model_assignment
2607,frame_030159,30158,30159,1005.2667,1005.3,16:45.300,57,hud_ocr,0.9991,1,54,54,5,40.0,30.0,15.0,0.0,85.0,1.85,20,0.8624,3.389156108108108,3.4096,0,0,,0,0.0,0.0,,,,,1,0,0,ab_pairs/event_02607_frames_30158_30159.jpg,pickup_count_not_exactly_one|adjacent_xp_event|trajectory_color_disagrees_with_xp,blue,0.8292,0.8292,0.1708,0.0,False,candidate_assignment,blue,0.8292,resolved_model_assignment
2608,frame_030163,30162,30163,1005.4,1005.4333,16:45.433,57,hud_ocr,0.9995,1,54,54,5,40.0,30.0,15.0,0.0,85.0,1.85,24,1.0349,4.066995189189189,4.0915,0,0,blue,1,0.9024,0.9024,30155,30160,30161,0.902,0,0,0,ab_pairs/event_02608_frames_30162_30163.jpg,adjacent_xp_event|trajectory_color_disagrees_with_xp,blue,0.6125,0.6125,0.3875,0.0,False,low_confidence_review,blue,0.6125,resolved_model_assignment
2610,frame_030165,30164,30165,1005.4667,1005.5,16:45.500,57,hud_ocr,0.9998,1,54,54,5,40.0,30.0,15.0,0.0,85.0,1.85,24,1.0349,4.066995189189189,4.0915,0,0,,0,0.0,0.0,,,,,0,1,0,ab_pairs/event_02610_frames_30164_30165.jpg,pickup_count_not_exactly_one|adjacent_xp_event|trajectory_color_disagrees_with_xp,green,0.7416,0.2584,0.7416,0.0,False,low_confidence_review,green,0.7416,resolved_model_assignment
2612,frame_030170,30169,30170,1005.6333,1005.6667,16:45.667,57,hud_ocr,0.9882,1,54,54,5,40.0,30.0,15.0,0.0,85.0,1.85,18,0.7762,3.050256216216216,3.0687,0,0,blue,1,0.8426,0.8426,30162,30169,30170,0.843,3,2,0,ab_pairs/event_02612_frames_30169_30170.jpg,adjacent_xp_event|trajectory_color_disagrees_with_xp|multiple_same_color_pickup_candidates,green,0.525,0.475,0.525,0.0,False,low_confidence_review,green,0.525,resolved_model_assignment
2617,frame_030421,30420,30421,1014.0,1014.0333,16:54.033,58,hud_ocr,0.9963,1,55,55,5,40.0,30.0,15.0,0.0,85.0,1.85,32,1.3799,5.542016918918919,5.5755,0,0,,0,0.0,0.0,,,,,0,0,0,ab_pairs/event_02617_frames_30420_30421.jpg,pickup_count_not_exactly_one|adjacent_xp_event|trajectory_color_disagrees_with_xp,blue,0.5116,0.5116,0.4884,0.0,False,low_confidence_review,blue,0.5116,resolved_model_assignment
2618,frame_030423,30422,30423,1014.0667,1014.1,16:54.100,58,hud_ocr,0.9963,1,55,55,5,40.0,30.0,15.0,0.0,85.0,1.85,24,1.0349,4.156502648648648,4.1816,0,0,,0,0.0,0.0,,,,,0,0,0,ab_pairs/event_02618_frames_30422_30423.jpg,pickup_count_not_exactly_one|adjacent_xp_event|trajectory_color_disagrees_with_xp,green,0.5168,0.4832,0.5168,0.0,False,low_confidence_review,green,0.5168,resolved_model_assignment
2619,frame_030424,30423,30424,1014.1,1014.1333,16:54.133,58,hud_ocr,0.9963,1,55,55,5,40.0,30.0,15.0,0.0,85.0,1.85,10,0.4312,1.731872756756757,1.7423,0,0,,0,0.0,0.0,,,,,0,0,0,ab_pairs/event_02619_frames_30423_30424.jpg,pickup_count_not_exactly_one|adjacent_xp_event|trajectory_color_disagrees_with_xp,blue,0.9588,0.9588,0.0412,0.0,False,candidate_assignment,blue,0.9588,resolved_model_assignment
2620,frame_030425,30424,30425,1014.1333,1014.1667,16:54.167,58,hud_ocr,0.9963,1,55,55,5,40.0,30.0,15.0,0.0,85.0,1.85,18,0.7762,3.1173870270270267,3.1362,0,0,,0,0.0,0.0,,,,,1,0,0,ab_pairs/event_02620_frames_30424_30425.jpg,pickup_count_not_exactly_one|adjacent_xp_event|trajectory_color_disagrees_with_xp,blue,0.8117,0.8117,0.1883,0.0,False,candidate_assignment,blue,0.8117,resolved_model_assignment
2621,frame_030426,30425,30426,1014.1667,1014.2,16:54.200,58,hud_ocr,0.9963,1,55,55,5,40.0,30.0,15.0,0.0,85.0,1.85,22,0.9487,3.810104,3.8331,0,0,,0,0.0,0.0,,,,,0,0,0,ab_pairs/event_02621_frames_30425_30426.jpg,pickup_count_not_exactly_one|adjacent_xp_event|trajectory_color_disagrees_with_xp,blue,0.5274,0.5274,0.4726,0.0,False,low_confidence_review,blue,0.5274,resolved_model_assignment
2622,frame_030427,30426,30427,1014.2,1014.2333,16:54.233,58,hud_ocr,0.9963,1,55,55,5,40.0,30.0,15.0,0.0,85.0,1.85,14,0.6037,2.424629891891892,2.4393,0,0,,0,0.0,0.0,,,,,0,0,0,ab_pairs/event_02622_frames_30426_30427.jpg,pickup_count_not_exactly_one|adjacent_xp_event|trajectory_color_disagrees_with_xp,blue,0.7041,0.7041,0.2959,0.0,False,low_confidence_review,blue,0.7041,resolved_model_assignment
2624,frame_030429,30428,30429,1014.2667,1014.3,16:54.300,58,hud_ocr,0.9963,1,55,55,5,40.0,30.0,15.0,0.0,85.0,1.85,14,0.6037,2.424629891891892,2.4393,0,0,,0,0.0,0.0,,,,,0,0,0,ab_pairs/event_02624_frames_30428_30429.jpg,pickup_count_not_exactly_one|adjacent_xp_event|trajectory_color_disagrees_with_xp,blue,0.6882,0.6882,0.3118,0.0,False,low_confidence_review,blue,0.6882,resolved_model_assignment
2626,frame_030431,30430,30431,1014.3333,1014.3667,16:54.367,58,hud_ocr,0.9962,1,55,55,5,40.0,30.0,15.0,0.0,85.0,1.85,662,28.5468,114.65008091891892,115.3421,0,0,,0,0.0,0.0,,,,,0,0,0,ab_pairs/event_02626_frames_30430_30431.jpg,pickup_count_not_exactly_one|adjacent_xp_event|trajectory_color_disagrees_with_xp,blue,0.5013,0.5013,0.4987,0.0,False,low_confidence_review,blue,0.5013,resolved_model_assignment
2628,frame_030440,30439,30440,1014.6333,1014.6667,16:54.667,58,hud_ocr,0.9962,1,55,55,5,40.0,30.0,15.0,0.0,85.0,1.85,10,0.4312,1.731872756756757,1.7423,0,1,,0,0.0,0.0,,,,,0,0,0,ab_pairs/event_02628_frames_30439_30440.jpg,pickup_count_not_exactly_one|trajectory_color_disagrees_with_xp,blue,0.958,0.958,0.042,0.0,False,candidate_assignment,blue,0.958,resolved_model_assignment
2629,frame_030442,30441,30442,1014.7,1014.7333,16:54.733,58,hud_ocr,0.9962,1,55,55,5,40.0,30.0,15.0,0.0,85.0,1.85,14,0.6037,2.424629891891892,2.4393,0,1,green,1,0.9189,0.9189,30438,30441,30442,0.919,0,1,0,ab_pairs/event_02629_frames_30441_30442.jpg,heldout_green_precision_or_support_gate_failed,green,0.9046,0.0954,0.9046,0.0,False,candidate_assignment,green,0.9046,resolved_model_assignment
2630,frame_030447,30446,30447,1014.8667,1014.9,16:54.900,58,hud_ocr,0.9962,1,55,55,5,40.0,30.0,15.0,0.0,85.0,1.85,19,0.8193,3.29056627027027,3.3104,0,1,blue|blue,2,0.9321,0.8895,30439|30439,30445|30446,30446|30447,0.847|0.932,2,0,0,ab_pairs/event_02630_frames_30446_30447.jpg,pickup_count_not_exactly_one|trajectory_color_disagrees_with_xp,blue,0.8137,0.8137,0.1863,0.0,False,candidate_assignment,blue,0.8137,resolved_model_assignment
2631,frame_030449,30448,30449,1014.9333,1014.9667,16:54.967,58,hud_ocr,0.9962,1,55,55,5,40.0,30.0,15.0,0.0,85.0,1.85,13,0.5606,2.2514506486486487,2.265,0,1,,0,0.0,0.0,,,,,1,0,0,ab_pairs/event_02631_frames_30448_30449.jpg,pickup_count_not_exactly_one|trajectory_color_disagrees_with_xp,blue,0.8784,0.8784,0.1216,0.0,False,candidate_assignment,blue,0.8784,resolved_model_assignment
2632,frame_030454,30453,30454,1015.1,1015.1333,16:55.133,58,hud_ocr,0.9969,1,55,55,5,40.0,30.0,15.0,0.0,85.0,1.85,14,0.6037,2.424629891891892,2.4393,0,1,,0,0.0,0.0,,,,,0,0,0,ab_pairs/event_02632_frames_30453_30454.jpg,pickup_count_not_exactly_one|trajectory_color_disagrees_with_xp,blue,0.7129,0.7129,0.2871,0.0,False,low_confidence_review,blue,0.7129,resolved_model_assignment
2635,frame_030468,30467,30468,1015.5667,1015.6,16:55.600,58,hud_ocr,0.9969,1,55,55,5,40.0,30.0,15.0,0.0,85.0,1.85,10,0.4312,1.731872756756757,1.7423,0,1,blue|blue|green,3,0.9437,0.9198,30460|30463|30463,30465|30466|30467,30466|30467|30468,0.906|0.910|0.944,0,0,0,ab_pairs/event_02635_frames_30467_30468.jpg,pickup_count_not_exactly_one|trajectory_color_disagrees_with_xp,green,0.6177,0.3823,0.6177,0.0,False,low_confidence_review,green,0.6177,resolved_model_assignment
2637,frame_030513,30512,30513,1017.0667,1017.1,16:57.100,58,hud_ocr,0.9996,1,55,55,5,40.0,30.0,15.0,0.0,85.0,1.85,14,0.6037,2.424629891891892,2.4393,0,0,green,1,0.924,0.924,30510,30512,30513,0.924,0,0,0,ab_pairs/event_02637_frames_30512_30513.jpg,adjacent_xp_event,green,0.7762,0.2238,0.7762,0.0,False,low_confidence_review,green,0.7762,resolved_model_assignment
2640,frame_030516,30515,30516,1017.1667,1017.2,16:57.200,58,hud_ocr,0.9996,1,55,55,5,40.0,30.0,15.0,0.0,85.0,1.85,10,0.4312,1.731872756756757,1.7423,0,0,green,1,0.9174,0.9174,30513,30515,30516,0.917,1,1,0,ab_pairs/event_02640_frames_30515_30516.jpg,adjacent_xp_event|trajectory_color_disagrees_with_xp,green,0.7925,0.2075,0.7925,0.0,False,low_confidence_review,green,0.7925,resolved_model_assignment
2641,frame_030517,30516,30517,1017.2,1017.2333,16:57.233,58,hud_ocr,0.9996,1,55,55,5,40.0,30.0,15.0,0.0,85.0,1.85,14,0.6037,2.424629891891892,2.4393,0,0,,0,0.0,0.0,,,,,1,0,0,ab_pairs/event_02641_frames_30516_30517.jpg,pickup_count_not_exactly_one|adjacent_xp_event|trajectory_color_disagrees_with_xp,blue,0.8642,0.8642,0.1358,0.0,False,candidate_assignment,blue,0.8642,resolved_model_assignment
2644,frame_030520,30519,30520,1017.3,1017.3333,16:57.333,58,hud_ocr,0.9996,1,55,55,5,40.0,30.0,15.0,0.0,85.0,1.85,32,1.3799,5.542016918918919,5.5755,0,0,,0,0.0,0.0,,,,,0,0,0,ab_pairs/event_02644_frames_30519_30520.jpg,pickup_count_not_exactly_one|adjacent_xp_event|trajectory_color_disagrees_with_xp,blue,0.5245,0.5245,0.4755,0.0,False,low_confidence_review,blue,0.5245,resolved_model_assignment
2645,frame_030521,30520,30521,1017.3333,1017.3667,16:57.367,58,hud_ocr,0.9996,1,55,55,5,40.0,30.0,15.0,0.0,85.0,1.85,32,1.3799,5.542016918918919,5.5755,0,0,,0,0.0,0.0,,,,,0,0,0,ab_pairs/event_02645_frames_30520_30521.jpg,pickup_count_not_exactly_one|adjacent_xp_event|trajectory_color_disagrees_with_xp,blue,0.5663,0.5663,0.4337,0.0,False,low_confidence_review,blue,0.5663,resolved_model_assignment
2647,frame_030523,30522,30523,1017.4,1017.4333,16:57.433,58,hud_ocr,0.9996,1,55,55,5,40.0,30.0,15.0,0.0,85.0,1.85,14,0.6037,2.424629891891892,2.4393,0,0,,0,0.0,0.0,,,,,1,0,0,ab_pairs/event_02647_frames_30522_30523.jpg,pickup_count_not_exactly_one|adjacent_xp_event|trajectory_color_disagrees_with_xp,blue,0.8909,0.8909,0.1091,0.0,False,candidate_assignment,blue,0.8909,resolved_model_assignment
2648,frame_030524,30523,30524,1017.4333,1017.4667,16:57.467,58,hud_ocr,0.9996,1,55,55,5,40.0,30.0,15.0,0.0,85.0,1.85,88,3.7947,15.240496324324324,15.3325,0,0,blue,1,0.9008,0.9008,30516,30523,30524,0.901,1,0,0,ab_pairs/event_02648_frames_30523_30524.jpg,adjacent_xp_event|trajectory_color_disagrees_with_xp,blue,0.7931,0.7931,0.2069,0.0,False,low_confidence_review,blue,0.7931,resolved_model_assignment
2649,frame_030525,30524,30525,1017.4667,1017.5,16:57.500,58,hud_ocr,0.9996,1,55,55,5,40.0,30.0,15.0,0.0,85.0,1.85,88,3.7947,15.240496324324324,15.3325,0,0,green,1,0.8431,0.8431,30517,30524,30525,0.843,1,2,0,ab_pairs/event_02649_frames_30524_30525.jpg,adjacent_xp_event|trajectory_color_disagrees_with_xp,green,0.7431,0.2569,0.7431,0.0,False,low_confidence_review,green,0.7431,resolved_model_assignment
2650,frame_030526,30525,30526,1017.5,1017.5333,16:57.533,58,hud_ocr,0.9996,1,55,55,5,40.0,30.0,15.0,0.0,85.0,1.85,18,0.7762,3.1173870270270267,3.1362,0,0,,0,0.0,0.0,,,,,2,0,0,ab_pairs/event_02650_frames_30525_30526.jpg,pickup_count_not_exactly_one|adjacent_xp_event|trajectory_color_disagrees_with_xp,blue,0.8061,0.8061,0.1939,0.0,False,candidate_assignment,blue,0.8061,resolved_model_assignment
2651,frame_030527,30526,30527,1017.5333,1017.5667,16:57.567,58,hud_ocr,0.9996,1,55,55,5,40.0,30.0,15.0,0.0,85.0,1.85,74,3.191,12.815866432432433,12.8932,0,0,blue,1,0.9209,0.9209,30519,30526,30527,0.921,3,0,0,ab_pairs/event_02651_frames_30526_30527.jpg,adjacent_xp_event|trajectory_color_disagrees_with_xp,blue,0.7656,0.7656,0.2344,0.0,False,low_confidence_review,blue,0.7656,resolved_model_assignment
2652,frame_030528,30527,30528,1017.5667,1017.6,16:57.600,58,hud_ocr,0.9996,1,55,55,5,40.0,30.0,15.0,0.0,85.0,1.85,54,2.3286,9.352120918918917,9.4086,0,0,blue|blue,2,0.9277,0.8887,30520|30520,30527|30527,30528|30528,0.928|0.850,0,0,0,ab_pairs/event_02652_frames_30527_30528.jpg,pickup_count_not_exactly_one|adjacent_xp_event|trajectory_color_disagrees_with_xp,blue,0.601,0.601,0.399,0.0,False,low_confidence_review,blue,0.601,resolved_model_assignment
2653,frame_030529,30528,30529,1017.6,1017.6333,16:57.633,58,hud_ocr,0.9996,1,55,55,5,40.0,30.0,15.0,0.0,85.0,1.85,20,0.8624,3.463745513513514,3.4847,0,0,,0,0.0,0.0,,,,,1,0,0,ab_pairs/event_02653_frames_30528_30529.jpg,pickup_count_not_exactly_one|adjacent_xp_event|trajectory_color_disagrees_with_xp,blue,0.808,0.808,0.192,0.0,False,candidate_assignment,blue,0.808,resolved_model_assignment
2654,frame_030530,30529,30530,1017.6333,1017.6667,16:57.667,58,hud_ocr,0.9996,1,55,55,5,40.0,30.0,15.0,0.0,85.0,1.85,56,2.4148,9.698479405405404,9.757,0,0,,0,0.0,0.0,,,,,1,0,0,ab_pairs/event_02654_frames_30529_30530.jpg,pickup_count_not_exactly_one|adjacent_xp_event|trajectory_color_disagrees_with_xp,blue,0.7748,0.7748,0.2252,0.0,False,low_confidence_review,blue,0.7748,resolved_model_assignment
2655,frame_030531,30530,30531,1017.6667,1017.7,16:57.700,58,previous_hud_ocr_fallback,0.0,0,55,55,5,40.0,30.0,15.0,0.0,85.0,1.85,58,2.5011,10.044878054054053,10.1055,0,0,,0,0.0,0.0,,,,,0,0,0,ab_pairs/event_02655_frames_30530_30531.jpg,pickup_count_not_exactly_one|adjacent_xp_event|trajectory_color_disagrees_with_xp|hud_level_not_directly_confirmed,blue,0.5055,0.5055,0.4945,0.0,False,low_confidence_review,blue,0.5055,resolved_model_assignment
2657,frame_030582,30581,30582,1019.3667,1019.4,16:59.400,59,hud_ocr,1.0,1,56,56,5,40.0,30.0,15.0,0.0,85.0,1.85,76,3.2773,13.445664486486486,13.5268,0,0,,0,0.0,0.0,,,,,0,0,0,ab_pairs/event_02657_frames_30581_30582.jpg,pickup_count_not_exactly_one|adjacent_xp_event|trajectory_color_disagrees_with_xp,blue,0.528,0.528,0.472,0.0,False,low_confidence_review,blue,0.528,resolved_model_assignment
2658,frame_030583,30582,30583,1019.4,1019.4333,16:59.433,59,hud_ocr,1.0,1,56,56,5,40.0,30.0,15.0,0.0,85.0,1.85,96,4.1397,16.984040432432433,17.0866,0,0,,0,0.0,0.0,,,,,0,0,0,ab_pairs/event_02658_frames_30582_30583.jpg,pickup_count_not_exactly_one|adjacent_xp_event|trajectory_color_disagrees_with_xp,blue,0.5185,0.5185,0.4815,0.0,False,low_confidence_review,blue,0.5185,resolved_model_assignment
2659,frame_030584,30583,30584,1019.4333,1019.4667,16:59.467,59,hud_ocr,1.0,1,56,56,5,40.0,30.0,15.0,0.0,85.0,1.85,22,0.9487,3.8921520000000003,3.9156,0,0,,0,0.0,0.0,,,,,0,0,0,ab_pairs/event_02659_frames_30583_30584.jpg,pickup_count_not_exactly_one|adjacent_xp_event|trajectory_color_disagrees_with_xp,blue,0.5752,0.5752,0.4248,0.0,False,low_confidence_review,blue,0.5752,resolved_model_assignment
2660,frame_030585,30584,30585,1019.4667,1019.5,16:59.500,59,hud_ocr,1.0,1,56,56,5,40.0,30.0,15.0,0.0,85.0,1.85,36,1.5524,6.368994648648648,6.4074,0,0,blue,1,0.9062,0.9062,30580,30584,30585,0.906,1,0,0,ab_pairs/event_02660_frames_30584_30585.jpg,adjacent_xp_event|trajectory_color_disagrees_with_xp,blue,0.8027,0.8027,0.1973,0.0,False,candidate_assignment,blue,0.8027,resolved_model_assignment
2661,frame_030586,30585,30586,1019.5,1019.5333,16:59.533,59,hud_ocr,1.0,1,56,56,5,40.0,30.0,15.0,0.0,85.0,1.85,33,1.423,5.838269027027027,5.8735,0,0,,0,0.0,0.0,,,,,0,0,0,ab_pairs/event_02661_frames_30585_30586.jpg,pickup_count_not_exactly_one|adjacent_xp_event|trajectory_color_disagrees_with_xp,blue,0.5758,0.5758,0.4242,0.0,False,low_confidence_review,blue,0.5758,resolved_model_assignment
2662,frame_030587,30586,30587,1019.5333,1019.5667,16:59.567,59,hud_ocr,1.0,1,56,56,5,40.0,30.0,15.0,0.0,85.0,1.85,59,2.5442,10.438096216216216,10.5011,0,0,,0,0.0,0.0,,,,,0,0,0,ab_pairs/event_02662_frames_30586_30587.jpg,pickup_count_not_exactly_one|adjacent_xp_event|trajectory_color_disagrees_with_xp,blue,0.5779,0.5779,0.4221,0.0,False,low_confidence_review,blue,0.5779,resolved_model_assignment
2663,frame_030588,30587,30588,1019.5667,1019.6,16:59.600,59,hud_ocr,1.0,1,56,56,5,40.0,30.0,15.0,0.0,85.0,1.85,58,2.5011,10.261187675675675,10.3231,0,0,blue|blue,2,0.9217,0.8821,30580|30580,30587|30587,30588|30588,0.922|0.843,0,0,0,ab_pairs/event_02663_frames_30587_30588.jpg,pickup_count_not_exactly_one|adjacent_xp_event|trajectory_color_disagrees_with_xp,blue,0.5853,0.5853,0.4147,0.0,False,low_confidence_review,blue,0.5853,resolved_model_assignment
2664,frame_030589,30588,30589,1019.6,1019.6333,16:59.633,59,hud_ocr,1.0,1,56,56,5,40.0,30.0,15.0,0.0,85.0,1.85,73,3.1479,12.914938864864865,12.9929,0,0,blue,1,0.8657,0.8657,30581,30588,30589,0.866,4,0,0,ab_pairs/event_02664_frames_30588_30589.jpg,adjacent_xp_event|trajectory_color_disagrees_with_xp,blue,0.753,0.753,0.247,0.0,False,low_confidence_review,blue,0.753,resolved_model_assignment
2665,frame_030590,30589,30590,1019.6333,1019.6667,16:59.667,59,hud_ocr,1.0,1,56,56,5,40.0,30.0,15.0,0.0,85.0,1.85,85,3.6654,15.037923405405405,15.1287,0,0,,0,0.0,0.0,,,,,0,0,0,ab_pairs/event_02665_frames_30589_30590.jpg,pickup_count_not_exactly_one|adjacent_xp_event|trajectory_color_disagrees_with_xp,blue,0.5127,0.5127,0.4873,0.0,False,low_confidence_review,blue,0.5127,resolved_model_assignment
2666,frame_030591,30590,30591,1019.6667,1019.7,16:59.700,59,hud_ocr,1.0,1,56,56,5,40.0,30.0,15.0,0.0,85.0,1.85,100,4.3122,17.691674594594595,17.7985,0,0,,0,0.0,0.0,,,,,2,0,0,ab_pairs/event_02666_frames_30590_30591.jpg,pickup_count_not_exactly_one|adjacent_xp_event|trajectory_color_disagrees_with_xp,blue,0.741,0.741,0.259,0.0,False,low_confidence_review,blue,0.741,resolved_model_assignment
2667,frame_030592,30591,30592,1019.7,1019.7333,16:59.733,59,hud_ocr,1.0,1,56,56,5,40.0,30.0,15.0,0.0,85.0,1.85,172,7.417,30.429704918918915,30.6134,0,0,blue|blue,2,0.8591,0.8563,30584|30584,30591|30591,30592|30592,0.859|0.853,3,2,0,ab_pairs/event_02667_frames_30591_30592.jpg,pickup_count_not_exactly_one|adjacent_xp_event|trajectory_color_disagrees_with_xp,green,0.6597,0.3403,0.6597,0.0,False,low_confidence_review,green,0.6597,resolved_model_assignment
2669,frame_030594,30593,30594,1019.7667,1019.8,16:59.800,59,hud_ocr,1.0,1,56,56,5,40.0,30.0,15.0,0.0,85.0,1.85,188,8.1069,33.26036464864865,33.4611,0,0,,0,0.0,0.0,,,,,0,0,0,ab_pairs/event_02669_frames_30593_30594.jpg,pickup_count_not_exactly_one|adjacent_xp_event|trajectory_color_disagrees_with_xp,blue,0.5137,0.5137,0.4863,0.0,False,low_confidence_review,blue,0.5137,resolved_model_assignment
2674,frame_030599,30598,30599,1019.9333,1019.9667,16:59.967,59,hud_ocr,1.0,1,56,56,5,40.0,30.0,15.0,0.0,85.0,1.85,84,3.6223,14.861014864864863,14.9507,0,0,,0,0.0,0.0,,,,,0,0,0,ab_pairs/event_02674_frames_30598_30599.jpg,pickup_count_not_exactly_one|adjacent_xp_event|trajectory_color_disagrees_with_xp,blue,0.5028,0.5028,0.4972,0.0,False,low_confidence_review,blue,0.5028,resolved_model_assignment
2677,frame_030628,30627,30628,1020.9,1020.9333,17:00.933,60,hud_ocr,0.9513,1,57,57,5,40.0,30.0,15.0,0.0,85.0,1.85,148,6.3821,26.735656756756757,26.897,0,0,,0,0.0,0.0,,,,,4,1,0,ab_pairs/event_02677_frames_30627_30628.jpg,pickup_count_not_exactly_one|adjacent_xp_event|trajectory_color_disagrees_with_xp,green,0.6951,0.3049,0.6951,0.0,False,low_confidence_review,green,0.6951,resolved_model_assignment
2678,frame_030629,30628,30629,1020.9333,1020.9667,17:00.967,60,hud_ocr,0.9513,1,57,57,5,40.0,30.0,15.0,0.0,85.0,1.85,132,5.6921,23.845325675675674,23.9893,0,0,blue|green,2,0.9427,0.9397,30626|30626,30628|30628,30629|30629,0.943|0.937,3,1,0,ab_pairs/event_02678_frames_30628_30629.jpg,pickup_count_not_exactly_one|adjacent_xp_event|trajectory_color_disagrees_with_xp,green,0.8611,0.1389,0.8611,0.0,False,candidate_assignment,green,0.8611,resolved_model_assignment
2679,frame_030630,30629,30630,1020.9667,1021.0,17:01.000,60,hud_ocr,0.9989,1,57,57,5,40.0,30.0,15.0,0.0,85.0,1.85,134,5.7784,24.20660135135135,24.3527,0,0,,0,0.0,0.0,,,,,1,1,0,ab_pairs/event_02679_frames_30629_30630.jpg,pickup_count_not_exactly_one|adjacent_xp_event|trajectory_color_disagrees_with_xp,green,0.7373,0.2627,0.7373,0.0,False,low_confidence_review,green,0.7373,resolved_model_assignment
2681,frame_030668,30667,30668,1022.2333,1022.2667,17:02.267,63,hud_ocr,0.9999,1,58,58,5,40.0,30.0,15.0,0.0,85.0,1.85,96,4.1397,18.416159783783783,18.5273,0,0,,0,0.0,0.0,,,,,0,0,0,ab_pairs/event_02681_frames_30667_30668.jpg,pickup_count_not_exactly_one|adjacent_xp_event|trajectory_color_disagrees_with_xp,green,0.5039,0.4961,0.5039,0.0,False,low_confidence_review,green,0.5039,resolved_model_assignment
2682,frame_030669,30668,30669,1022.2667,1022.3,17:02.300,63,hud_ocr,0.9999,1,58,58,5,40.0,30.0,15.0,0.0,85.0,1.85,76,3.2773,14.579422756756756,14.6674,0,0,,0,0.0,0.0,,,,,0,0,0,ab_pairs/event_02682_frames_30668_30669.jpg,pickup_count_not_exactly_one|adjacent_xp_event|trajectory_color_disagrees_with_xp,green,0.5368,0.4632,0.5368,0.0,False,low_confidence_review,green,0.5368,resolved_model_assignment
2683,frame_030670,30669,30670,1022.3,1022.3333,17:02.333,63,hud_ocr,0.9999,1,58,58,5,40.0,30.0,15.0,0.0,85.0,1.85,34,1.4661,6.522386216216216,6.5618,0,0,green,1,0.9475,0.9475,30667,30669,30670,0.947,1,1,0,ab_pairs/event_02683_frames_30669_30670.jpg,adjacent_xp_event,green,0.9741,0.0259,0.9741,0.0,False,candidate_assignment,green,0.9741,resolved_model_assignment
2684,frame_030671,30670,30671,1022.3333,1022.3667,17:02.367,63,hud_ocr,0.9999,1,58,58,5,40.0,30.0,15.0,0.0,85.0,1.85,18,0.7762,3.4530410810810808,3.4739,0,0,blue,1,0.9319,0.9319,30667,30670,30671,0.932,1,0,0,ab_pairs/event_02684_frames_30670_30671.jpg,adjacent_xp_event|trajectory_color_disagrees_with_xp,blue,0.8257,0.8257,0.1743,0.0,False,candidate_assignment,blue,0.8257,resolved_model_assignment
2690,frame_030728,30727,30728,1024.2333,1024.2667,17:04.267,63,hud_ocr,0.9998,1,58,58,5,40.0,30.0,15.0,0.0,85.0,1.85,21,0.9056,4.02851827027027,4.0528,0,0,,0,0.0,0.0,,,,,0,0,0,ab_pairs/event_02690_frames_30727_30728.jpg,pickup_count_not_exactly_one|adjacent_xp_event|trajectory_color_disagrees_with_xp,blue,0.5449,0.5449,0.4551,0.0,False,low_confidence_review,blue,0.5449,resolved_model_assignment
2694,frame_030741,30740,30741,1024.6667,1024.7,17:04.700,63,hud_ocr,0.9998,1,58,58,5,40.0,30.0,15.0,0.0,85.0,1.85,26,1.1212,4.987691405405405,5.0178,0,0,green|blue,2,0.9012,0.8752,30737|30733,30739|30739,30740|30740,0.901|0.849,0,0,0,ab_pairs/event_02694_frames_30740_30741.jpg,pickup_count_not_exactly_one|adjacent_xp_event|trajectory_color_disagrees_with_xp,green,0.6663,0.3337,0.6663,0.0,False,low_confidence_review,green,0.6663,resolved_model_assignment
2695,frame_030742,30741,30742,1024.7,1024.7333,17:04.733,63,hud_ocr,0.9998,1,58,58,5,40.0,30.0,15.0,0.0,85.0,1.85,22,0.9487,4.220344,4.2458,0,0,,0,0.0,0.0,,,,,0,0,0,ab_pairs/event_02695_frames_30741_30742.jpg,pickup_count_not_exactly_one|adjacent_xp_event|trajectory_color_disagrees_with_xp,blue,0.5496,0.5496,0.4504,0.0,False,low_confidence_review,blue,0.5496,resolved_model_assignment
2697,frame_030751,30750,30751,1025.0,1025.0333,17:05.033,63,hud_ocr,0.9997,1,58,58,5,40.0,30.0,15.0,0.0,85.0,1.85,14,0.6037,2.6856936756756755,2.7019,0,1,blue,1,0.8614,0.8614,30743,30749,30750,0.861,0,0,0,ab_pairs/event_02697_frames_30750_30751.jpg,trajectory_color_disagrees_with_xp,blue,0.7601,0.7601,0.2399,0.0,False,low_confidence_review,blue,0.7601,resolved_model_assignment
2703,frame_030760,30759,30760,1025.3,1025.3333,17:05.333,63,hud_ocr,0.9997,1,58,58,5,40.0,30.0,15.0,0.0,85.0,1.85,22,0.9487,4.220344,4.2458,0,0,,0,0.0,0.0,,,,,1,0,0,ab_pairs/event_02703_frames_30759_30760.jpg,pickup_count_not_exactly_one|adjacent_xp_event|trajectory_color_disagrees_with_xp,blue,0.745,0.745,0.255,0.0,False,low_confidence_review,blue,0.745,resolved_model_assignment
2706,frame_030765,30764,30765,1025.4667,1025.5,17:05.500,63,hud_ocr,0.9997,1,58,58,5,40.0,30.0,15.0,0.0,85.0,1.85,17,0.7331,3.2611708648648645,3.2809,0,1,,0,0.0,0.0,,,,,1,0,0,ab_pairs/event_02706_frames_30764_30765.jpg,pickup_count_not_exactly_one|trajectory_color_disagrees_with_xp,blue,0.7927,0.7927,0.2073,0.0,False,low_confidence_review,blue,0.7927,resolved_model_assignment
2707,frame_030769,30768,30769,1025.6,1025.6333,17:05.633,63,hud_ocr,0.9997,1,58,58,5,40.0,30.0,15.0,0.0,85.0,1.85,17,0.7331,3.2611708648648645,3.2809,0,1,blue,1,0.7623,0.7623,30762,30768,30769,0.762,1,0,0,ab_pairs/event_02707_frames_30768_30769.jpg,trajectory_color_disagrees_with_xp,blue,0.7773,0.7773,0.2227,0.0,False,low_confidence_review,blue,0.7773,resolved_model_assignment
2708,frame_030773,30772,30773,1025.7333,1025.7667,17:05.767,63,hud_ocr,0.9997,1,58,58,5,40.0,30.0,15.0,0.0,85.0,1.85,17,0.7331,3.2611708648648645,3.2809,0,0,,0,0.0,0.0,,,,,0,0,0,ab_pairs/event_02708_frames_30772_30773.jpg,pickup_count_not_exactly_one|adjacent_xp_event|trajectory_color_disagrees_with_xp,blue,0.6297,0.6297,0.3703,0.0,False,low_confidence_review,blue,0.6297,resolved_model_assignment
2709,frame_030774,30773,30774,1025.7667,1025.8,17:05.800,63,hud_ocr,0.9998,1,58,58,5,40.0,30.0,15.0,0.0,85.0,1.85,13,0.5606,2.493867945945946,2.5089,0,0,,0,0.0,0.0,,,,,0,0,0,ab_pairs/event_02709_frames_30773_30774.jpg,pickup_count_not_exactly_one|adjacent_xp_event|trajectory_color_disagrees_with_xp,blue,0.7973,0.7973,0.2027,0.0,False,low_confidence_review,blue,0.7973,resolved_model_assignment
2710,frame_030775,30774,30775,1025.8,1025.8333,17:05.833,63,hud_ocr,0.843,1,58,58,5,40.0,30.0,15.0,0.0,85.0,1.85,16,0.69,3.069345135135135,3.0879,0,0,,0,0.0,0.0,,,,,0,0,0,ab_pairs/event_02710_frames_30774_30775.jpg,pickup_count_not_exactly_one|adjacent_xp_event|trajectory_color_disagrees_with_xp,blue,0.7541,0.7541,0.2459,0.0,False,low_confidence_review,blue,0.7541,resolved_model_assignment
2711,frame_030778,30777,30778,1025.9,1025.9333,17:05.933,63,previous_hud_ocr_fallback,0.0,0,58,58,5,40.0,30.0,15.0,0.0,85.0,1.85,22,0.9487,4.220344,4.2458,0,0,,0,0.0,0.0,,,,,0,0,0,ab_pairs/event_02711_frames_30777_30778.jpg,pickup_count_not_exactly_one|adjacent_xp_event|trajectory_color_disagrees_with_xp|hud_level_not_directly_confirmed,blue,0.5415,0.5415,0.4585,0.0,False,low_confidence_review,blue,0.5415,resolved_model_assignment
2713,frame_030780,30779,30780,1025.9667,1026.0,17:06.000,63,hud_ocr,0.5695,1,58,58,5,40.0,30.0,15.0,0.0,85.0,1.85,18,0.7762,3.4530410810810808,3.4739,0,0,blue,1,0.8555,0.8555,30772,30779,30780,0.855,1,0,0,ab_pairs/event_02713_frames_30779_30780.jpg,adjacent_xp_event|trajectory_color_disagrees_with_xp,blue,0.7985,0.7985,0.2015,0.0,False,low_confidence_review,blue,0.7985,resolved_model_assignment
2716,frame_030947,30946,30947,1031.5333,1031.5667,17:11.567,64,hud_ocr,0.9997,1,59,59,5,40.0,30.0,15.0,0.0,85.0,1.85,26,1.1212,5.084657459459459,5.1153,0,0,,0,0.0,0.0,,,,,0,0,0,ab_pairs/event_02716_frames_30946_30947.jpg,pickup_count_not_exactly_one|adjacent_xp_event|trajectory_color_disagrees_with_xp,blue,0.5629,0.5629,0.4371,0.0,False,low_confidence_review,blue,0.5629,resolved_model_assignment
2717,frame_030948,30947,30948,1031.5667,1031.6,17:11.600,64,hud_ocr,0.9997,1,59,59,5,40.0,30.0,15.0,0.0,85.0,1.85,16,0.69,3.1290164864864862,3.1479,0,0,,0,0.0,0.0,,,,,1,0,0,ab_pairs/event_02717_frames_30947_30948.jpg,pickup_count_not_exactly_one|adjacent_xp_event|trajectory_color_disagrees_with_xp,blue,0.8346,0.8346,0.1654,0.0,False,candidate_assignment,blue,0.8346,resolved_model_assignment
2718,frame_030949,30948,30949,1031.6,1031.6333,17:11.633,64,hud_ocr,0.9997,1,59,59,5,40.0,30.0,15.0,0.0,85.0,1.85,16,0.69,3.1290164864864862,3.1479,0,0,,0,0.0,0.0,,,,,2,1,0,ab_pairs/event_02718_frames_30948_30949.jpg,pickup_count_not_exactly_one|adjacent_xp_event|trajectory_color_disagrees_with_xp,green,0.5816,0.4184,0.5816,0.0,False,low_confidence_review,green,0.5816,resolved_model_assignment
2719,frame_030952,30951,30952,1031.7,1031.7333,17:11.733,64,hud_ocr,0.9997,1,59,59,5,40.0,30.0,15.0,0.0,85.0,1.85,22,0.9487,4.302392,4.3284,0,1,green,1,0.9166,0.9166,30948,30950,30951,0.917,1,0,0,ab_pairs/event_02719_frames_30951_30952.jpg,heldout_green_precision_or_support_gate_failed,green,0.7367,0.2633,0.7367,0.0,False,low_confidence_review,green,0.7367,resolved_model_assignment
2725,frame_030983,30982,30983,1032.7333,1032.7667,17:12.767,64,hud_ocr,0.9998,1,59,59,5,40.0,30.0,15.0,0.0,85.0,1.85,20,0.8624,3.911281945945946,3.9349,0,0,,0,0.0,0.0,,,,,0,0,0,ab_pairs/event_02725_frames_30982_30983.jpg,pickup_count_not_exactly_one|adjacent_xp_event|trajectory_color_disagrees_with_xp,blue,0.5969,0.5969,0.4031,0.0,False,low_confidence_review,blue,0.5969,resolved_model_assignment
2727,frame_030986,30985,30986,1032.8333,1032.8667,17:12.867,64,hud_ocr,0.9998,1,59,59,5,40.0,30.0,15.0,0.0,85.0,1.85,13,0.5606,2.5423514054054053,2.5577,0,0,blue,1,0.7794,0.7794,30978,30985,30986,0.779,4,0,0,ab_pairs/event_02727_frames_30985_30986.jpg,adjacent_xp_event|trajectory_color_disagrees_with_xp,blue,0.885,0.885,0.115,0.0,False,candidate_assignment,blue,0.885,resolved_model_assignment
2733,frame_030995,30994,30995,1033.1333,1033.1667,17:13.167,64,hud_ocr,0.9999,1,59,59,5,40.0,30.0,15.0,0.0,85.0,1.85,20,0.8624,3.911281945945946,3.9349,0,0,,0,0.0,0.0,,,,,1,0,0,ab_pairs/event_02733_frames_30994_30995.jpg,pickup_count_not_exactly_one|adjacent_xp_event|trajectory_color_disagrees_with_xp,blue,0.745,0.745,0.255,0.0,False,low_confidence_review,blue,0.745,resolved_model_assignment
2734,frame_030996,30995,30996,1033.1667,1033.2,17:13.200,64,hud_ocr,0.9999,1,59,59,5,40.0,30.0,15.0,0.0,85.0,1.85,16,0.69,3.1290164864864862,3.1479,0,0,,0,0.0,0.0,,,,,0,0,0,ab_pairs/event_02734_frames_30995_30996.jpg,pickup_count_not_exactly_one|adjacent_xp_event|trajectory_color_disagrees_with_xp,blue,0.6822,0.6822,0.3178,0.0,False,low_confidence_review,blue,0.6822,resolved_model_assignment
2737,frame_031000,30999,31000,1033.3,1033.3333,17:13.333,64,hud_ocr,0.9999,1,59,59,5,40.0,30.0,15.0,0.0,85.0,1.85,16,0.69,3.1290164864864862,3.1479,0,0,,0,0.0,0.0,,,,,1,0,0,ab_pairs/event_02737_frames_30999_31000.jpg,pickup_count_not_exactly_one|adjacent_xp_event|trajectory_color_disagrees_with_xp,blue,0.8553,0.8553,0.1447,0.0,False,candidate_assignment,blue,0.8553,resolved_model_assignment
2739,frame_031006,31005,31006,1033.5,1033.5333,17:13.533,64,hud_ocr,0.9999,1,59,59,5,40.0,30.0,15.0,0.0,85.0,1.85,22,0.9487,4.302392,4.3284,0,1,,0,0.0,0.0,,,,,0,0,0,ab_pairs/event_02739_frames_31005_31006.jpg,pickup_count_not_exactly_one|trajectory_color_disagrees_with_xp,blue,0.5626,0.5626,0.4374,0.0,False,low_confidence_review,blue,0.5626,resolved_model_assignment
2748,frame_031022,31021,31022,1034.0333,1034.0667,17:14.067,64,hud_ocr,0.9955,1,59,59,5,40.0,30.0,15.0,0.0,85.0,1.85,20,0.8624,3.911281945945946,3.9349,0,0,,0,0.0,0.0,,,,,0,0,0,ab_pairs/event_02748_frames_31021_31022.jpg,pickup_count_not_exactly_one|adjacent_xp_event|trajectory_color_disagrees_with_xp,blue,0.5483,0.5483,0.4517,0.0,False,low_confidence_review,blue,0.5483,resolved_model_assignment
2750,frame_031024,31023,31024,1034.1,1034.1333,17:14.133,64,hud_ocr,0.9955,1,59,59,5,40.0,30.0,15.0,0.0,85.0,1.85,29,1.2505,5.671367891891891,5.7056,0,0,blue,1,0.7948,0.7948,31020,31023,31024,0.795,0,0,0,ab_pairs/event_02750_frames_31023_31024.jpg,adjacent_xp_event|trajectory_color_disagrees_with_xp,blue,0.5235,0.5235,0.4765,0.0,False,low_confidence_review,blue,0.5235,resolved_model_assignment
2758,frame_031105,31104,31105,1036.8,1036.8333,17:16.833,64,hud_ocr,0.9998,1,59,59,5,40.0,30.0,15.0,0.0,85.0,1.85,16,0.69,3.1290164864864862,3.1479,0,0,,0,0.0,0.0,,,,,0,0,0,ab_pairs/event_02758_frames_31104_31105.jpg,pickup_count_not_exactly_one|adjacent_xp_event|trajectory_color_disagrees_with_xp,blue,0.7368,0.7368,0.2632,0.0,False,low_confidence_review,blue,0.7368,resolved_model_assignment
2761,frame_031114,31113,31114,1037.1,1037.1333,17:17.133,64,hud_ocr,0.9909,1,59,59,5,40.0,30.0,15.0,0.0,85.0,1.85,24,1.0349,4.693547405405406,4.7219,0,0,,0,0.0,0.0,,,,,0,0,0,ab_pairs/event_02761_frames_31113_31114.jpg,pickup_count_not_exactly_one|adjacent_xp_event|trajectory_color_disagrees_with_xp,blue,0.5906,0.5906,0.4094,0.0,False,low_confidence_review,blue,0.5906,resolved_model_assignment
2762,frame_031115,31114,31115,1037.1333,1037.1667,17:17.167,64,hud_ocr,0.9909,1,59,59,5,40.0,30.0,15.0,0.0,85.0,1.85,22,0.9487,4.302392,4.3284,0,0,,0,0.0,0.0,,,,,1,0,0,ab_pairs/event_02762_frames_31114_31115.jpg,pickup_count_not_exactly_one|adjacent_xp_event|trajectory_color_disagrees_with_xp,blue,0.8241,0.8241,0.1759,0.0,False,candidate_assignment,blue,0.8241,resolved_model_assignment
2768,frame_031124,31123,31124,1037.4333,1037.4667,17:17.467,64,hud_ocr,0.9909,1,59,59,5,40.0,30.0,15.0,0.0,85.0,1.85,22,0.9487,4.302392,4.3284,0,0,,0,0.0,0.0,,,,,0,0,0,ab_pairs/event_02768_frames_31123_31124.jpg,pickup_count_not_exactly_one|adjacent_xp_event|trajectory_color_disagrees_with_xp,blue,0.5578,0.5578,0.4422,0.0,False,low_confidence_review,blue,0.5578,resolved_model_assignment
2769,frame_031125,31124,31125,1037.4667,1037.5,17:17.500,64,hud_ocr,0.9909,1,59,59,5,40.0,30.0,15.0,0.0,85.0,1.85,24,1.0349,4.693547405405406,4.7219,0,0,,0,0.0,0.0,,,,,1,0,0,ab_pairs/event_02769_frames_31124_31125.jpg,pickup_count_not_exactly_one|adjacent_xp_event|trajectory_color_disagrees_with_xp,blue,0.8171,0.8171,0.1829,0.0,False,candidate_assignment,blue,0.8171,resolved_model_assignment
2770,frame_031127,31126,31127,1037.5333,1037.5667,17:17.567,64,hud_ocr,0.9909,1,59,59,5,40.0,30.0,15.0,0.0,85.0,1.85,18,0.7762,3.5201718918918914,3.5414,0,1,,0,0.0,0.0,,,,,0,0,0,ab_pairs/event_02770_frames_31126_31127.jpg,pickup_count_not_exactly_one|trajectory_color_disagrees_with_xp,blue,0.611,0.611,0.389,0.0,False,low_confidence_review,blue,0.611,resolved_model_assignment
2773,frame_031133,31132,31133,1037.7333,1037.7667,17:17.767,64,hud_ocr,0.9909,1,59,59,5,40.0,30.0,15.0,0.0,85.0,1.85,46,1.9836,8.995939405405405,9.0502,0,0,green,1,0.9303,0.9303,31127,31132,31133,0.930,2,0,0,ab_pairs/event_02773_frames_31132_31133.jpg,adjacent_xp_event|trajectory_color_disagrees_with_xp,green,0.7818,0.2182,0.7818,0.0,False,low_confidence_review,green,0.7818,resolved_model_assignment
2774,frame_031134,31133,31134,1037.7667,1037.8,17:17.800,64,hud_ocr,0.9909,1,59,59,5,40.0,30.0,15.0,0.0,85.0,1.85,18,0.7762,3.5201718918918914,3.5414,0,0,,0,0.0,0.0,,,,,1,0,0,ab_pairs/event_02774_frames_31133_31134.jpg,pickup_count_not_exactly_one|adjacent_xp_event|trajectory_color_disagrees_with_xp,blue,0.7791,0.7791,0.2209,0.0,False,low_confidence_review,blue,0.7791,resolved_model_assignment
2776,frame_031137,31136,31137,1037.8667,1037.9,17:17.900,64,hud_ocr,0.9895,1,59,59,5,40.0,30.0,15.0,0.0,85.0,1.85,34,1.4661,6.649188378378377,6.6893,0,0,,0,0.0,0.0,,,,,1,0,0,ab_pairs/event_02776_frames_31136_31137.jpg,pickup_count_not_exactly_one|adjacent_xp_event|trajectory_color_disagrees_with_xp,blue,0.8069,0.8069,0.1931,0.0,False,candidate_assignment,blue,0.8069,resolved_model_assignment
2777,frame_031139,31138,31139,1037.9333,1037.9667,17:17.967,64,hud_ocr,0.9895,1,59,59,5,40.0,30.0,15.0,0.0,85.0,1.85,24,1.0349,4.693547405405406,4.7219,0,0,blue,1,0.8972,0.8972,31133,31137,31138,0.897,1,0,0,ab_pairs/event_02777_frames_31138_31139.jpg,adjacent_xp_event|trajectory_color_disagrees_with_xp,blue,0.8265,0.8265,0.1735,0.0,False,candidate_assignment,blue,0.8265,resolved_model_assignment
2783,frame_031148,31147,31148,1038.2333,1038.2667,17:18.267,64,hud_ocr,0.677,1,59,59,5,40.0,30.0,15.0,0.0,85.0,1.85,26,1.1212,5.084657459459459,5.1153,0,0,green,1,0.9448,0.9448,31142,31147,31148,0.945,0,0,0,ab_pairs/event_02783_frames_31147_31148.jpg,adjacent_xp_event,green,0.8953,0.1047,0.8953,0.0,False,candidate_assignment,green,0.8953,resolved_model_assignment
2786,frame_031154,31153,31154,1038.4333,1038.4667,17:18.467,64,hud_ocr,0.5735,1,59,59,5,40.0,30.0,15.0,0.0,85.0,1.85,20,0.8624,3.911281945945946,3.9349,0,0,green,1,0.9676,0.9676,31148,31153,31154,0.968,1,0,0,ab_pairs/event_02786_frames_31153_31154.jpg,adjacent_xp_event,green,0.9038,0.0962,0.9038,0.0,False,candidate_assignment,green,0.9038,resolved_model_assignment
2793,frame_031166,31165,31166,1038.8333,1038.8667,17:18.867,64,hud_ocr,0.5818,1,59,59,5,40.0,30.0,15.0,0.0,85.0,1.85,16,0.69,3.1290164864864862,3.1479,0,0,,0,0.0,0.0,,,,,3,1,0,ab_pairs/event_02793_frames_31165_31166.jpg,pickup_count_not_exactly_one|adjacent_xp_event|trajectory_color_disagrees_with_xp,green,0.5607,0.4393,0.5607,0.0,False,low_confidence_review,green,0.5607,resolved_model_assignment
2794,frame_031167,31166,31167,1038.8667,1038.9,17:18.900,64,previous_hud_ocr_fallback,0.4148,0,59,59,5,40.0,30.0,15.0,0.0,85.0,1.85,22,0.9487,4.302392,4.3284,0,0,green,1,0.9555,0.9555,31159,31166,31167,0.956,0,0,0,ab_pairs/event_02794_frames_31166_31167.jpg,adjacent_xp_event|hud_level_not_directly_confirmed,green,0.893,0.107,0.893,0.0,False,candidate_assignment,green,0.893,resolved_model_assignment
2797,frame_031173,31172,31173,1039.0667,1039.1,17:19.100,64,hud_ocr,0.7524,1,59,59,5,40.0,30.0,15.0,0.0,85.0,1.85,22,0.9487,4.302392,4.3284,0,0,green,1,0.9587,0.9587,31165,31172,31173,0.959,1,0,0,ab_pairs/event_02797_frames_31172_31173.jpg,adjacent_xp_event,green,0.9072,0.0928,0.9072,0.0,False,candidate_assignment,green,0.9072,resolved_model_assignment
2798,frame_031211,31210,31211,1040.3333,1040.3667,17:20.367,65,hud_ocr,0.9999,1,60,60,5,40.0,30.0,15.0,0.0,85.0,1.85,22,0.9487,4.38444,4.4109,0,1,blue,1,0.8513,0.8513,31203,31208,31209,0.851,1,0,0,ab_pairs/event_02798_frames_31210_31211.jpg,trajectory_color_disagrees_with_xp,blue,0.8213,0.8213,0.1787,0.0,False,candidate_assignment,blue,0.8213,resolved_model_assignment
2799,frame_031215,31214,31215,1040.4667,1040.5,17:20.500,65,hud_ocr,0.9999,1,60,60,5,40.0,30.0,15.0,0.0,85.0,1.85,16,0.69,3.1886878378378376,3.2079,0,1,blue,1,0.9224,0.9224,31211,31214,31215,0.922,0,0,0,ab_pairs/event_02799_frames_31214_31215.jpg,trajectory_color_disagrees_with_xp,blue,0.6983,0.6983,0.3017,0.0,False,low_confidence_review,blue,0.6983,resolved_model_assignment
2803,frame_031224,31223,31224,1040.7667,1040.8,17:20.800,65,hud_ocr,0.9999,1,60,60,5,40.0,30.0,15.0,0.0,85.0,1.85,16,0.69,3.1886878378378376,3.2079,0,1,blue|blue,2,0.9066,0.8828,31216|31216,31223|31223,31224|31224,0.907|0.859,2,0,0,ab_pairs/event_02803_frames_31223_31224.jpg,pickup_count_not_exactly_one|trajectory_color_disagrees_with_xp,blue,0.8255,0.8255,0.1745,0.0,False,candidate_assignment,blue,0.8255,resolved_model_assignment
2806,frame_031230,31229,31230,1040.9667,1041.0,17:21.000,65,hud_ocr,1.0,1,60,60,5,40.0,30.0,15.0,0.0,85.0,1.85,26,1.1212,5.181623513513514,5.2129,0,0,,0,0.0,0.0,,,,,0,0,0,ab_pairs/event_02806_frames_31229_31230.jpg,pickup_count_not_exactly_one|adjacent_xp_event|trajectory_color_disagrees_with_xp,blue,0.5382,0.5382,0.4618,0.0,False,low_confidence_review,blue,0.5382,resolved_model_assignment
2807,frame_031232,31231,31232,1041.0333,1041.0667,17:21.067,65,hud_ocr,1.0,1,60,60,5,40.0,30.0,15.0,0.0,85.0,1.85,40,1.7249,7.971742702702703,8.0199,0,0,blue,1,0.807,0.807,31224,31231,31232,0.807,3,0,0,ab_pairs/event_02807_frames_31231_31232.jpg,adjacent_xp_event|trajectory_color_disagrees_with_xp,blue,0.7637,0.7637,0.2363,0.0,False,low_confidence_review,blue,0.7637,resolved_model_assignment
2809,frame_031235,31234,31235,1041.1333,1041.1667,17:21.167,65,hud_ocr,1.0,1,60,60,5,40.0,30.0,15.0,0.0,85.0,1.85,13,0.5606,2.5908348648648647,2.6065,0,0,,0,0.0,0.0,,,,,0,0,0,ab_pairs/event_02809_frames_31234_31235.jpg,pickup_count_not_exactly_one|adjacent_xp_event|trajectory_color_disagrees_with_xp,blue,0.7475,0.7475,0.2525,0.0,False,low_confidence_review,blue,0.7475,resolved_model_assignment
2810,frame_031236,31235,31236,1041.1667,1041.2,17:21.200,65,hud_ocr,1.0,1,60,60,5,40.0,30.0,15.0,0.0,85.0,1.85,24,1.0349,4.783054864864865,4.8119,0,0,,0,0.0,0.0,,,,,0,1,0,ab_pairs/event_02810_frames_31235_31236.jpg,pickup_count_not_exactly_one|adjacent_xp_event|trajectory_color_disagrees_with_xp,green,0.7511,0.2489,0.7511,0.0,False,low_confidence_review,green,0.7511,resolved_model_assignment
2811,frame_031238,31237,31238,1041.2333,1041.2667,17:21.267,65,hud_ocr,1.0,1,60,60,5,40.0,30.0,15.0,0.0,85.0,1.85,44,1.8974,8.768926216216215,8.8219,0,1,,0,0.0,0.0,,,,,2,0,0,ab_pairs/event_02811_frames_31237_31238.jpg,pickup_count_not_exactly_one|trajectory_color_disagrees_with_xp,blue,0.7656,0.7656,0.2344,0.0,False,low_confidence_review,blue,0.7656,resolved_model_assignment
2814,frame_031245,31244,31245,1041.4667,1041.5,17:21.500,65,hud_ocr,1.0,1,60,60,5,40.0,30.0,15.0,0.0,85.0,1.85,20,0.8624,3.9858713513513515,4.0099,0,0,green,1,0.9627,0.9627,31241,31244,31245,0.963,0,0,0,ab_pairs/event_02814_frames_31244_31245.jpg,adjacent_xp_event,green,0.9669,0.0331,0.9669,0.0,False,candidate_assignment,green,0.9669,resolved_model_assignment
2815,frame_031247,31246,31247,1041.5333,1041.5667,17:21.567,65,hud_ocr,1.0,1,60,60,5,40.0,30.0,15.0,0.0,85.0,1.85,24,1.0349,4.783054864864865,4.8119,0,0,,0,0.0,0.0,,,,,2,0,0,ab_pairs/event_02815_frames_31246_31247.jpg,pickup_count_not_exactly_one|adjacent_xp_event|trajectory_color_disagrees_with_xp,blue,0.7777,0.7777,0.2223,0.0,False,low_confidence_review,blue,0.7777,resolved_model_assignment
2816,frame_031248,31247,31248,1041.5667,1041.6,17:21.600,65,hud_ocr,1.0,1,60,60,5,40.0,30.0,15.0,0.0,85.0,1.85,22,0.9487,4.38444,4.4109,0,0,blue,1,0.8003,0.8003,31240,31247,31248,0.800,0,0,0,ab_pairs/event_02816_frames_31247_31248.jpg,adjacent_xp_event|trajectory_color_disagrees_with_xp,blue,0.5352,0.5352,0.4648,0.0,False,low_confidence_review,blue,0.5352,resolved_model_assignment
2817,frame_031250,31249,31250,1041.6333,1041.6667,17:21.667,65,hud_ocr,1.0,1,60,60,5,40.0,30.0,15.0,0.0,85.0,1.85,16,0.69,3.1886878378378376,3.2079,0,0,blue|blue,2,0.8529,0.8514,31242|31242,31249|31249,31250|31250,0.853|0.850,1,0,0,ab_pairs/event_02817_frames_31249_31250.jpg,pickup_count_not_exactly_one|adjacent_xp_event|trajectory_color_disagrees_with_xp,blue,0.8275,0.8275,0.1725,0.0,False,candidate_assignment,blue,0.8275,resolved_model_assignment
2818,frame_031251,31250,31251,1041.6667,1041.7,17:21.700,65,hud_ocr,1.0,1,60,60,5,40.0,30.0,15.0,0.0,85.0,1.85,20,0.8624,3.9858713513513515,4.0099,0,0,,0,0.0,0.0,,,,,0,0,0,ab_pairs/event_02818_frames_31250_31251.jpg,pickup_count_not_exactly_one|adjacent_xp_event|trajectory_color_disagrees_with_xp,blue,0.5701,0.5701,0.4299,0.0,False,low_confidence_review,blue,0.5701,resolved_model_assignment
2819,frame_031253,31252,31253,1041.7333,1041.7667,17:21.767,65,hud_ocr,1.0,1,60,60,5,40.0,30.0,15.0,0.0,85.0,1.85,30,1.2937,5.978807027027027,6.0149,0,0,,0,0.0,0.0,,,,,0,0,0,ab_pairs/event_02819_frames_31252_31253.jpg,pickup_count_not_exactly_one|adjacent_xp_event|trajectory_color_disagrees_with_xp,green,0.5104,0.4896,0.5104,0.0,False,low_confidence_review,green,0.5104,resolved_model_assignment
2820,frame_031254,31253,31254,1041.7667,1041.8,17:21.800,65,hud_ocr,1.0,1,60,60,5,40.0,30.0,15.0,0.0,85.0,1.85,16,0.69,3.1886878378378376,3.2079,0,0,,0,0.0,0.0,,,,,0,0,0,ab_pairs/event_02820_frames_31253_31254.jpg,pickup_count_not_exactly_one|adjacent_xp_event|trajectory_color_disagrees_with_xp,blue,0.6962,0.6962,0.3038,0.0,False,low_confidence_review,blue,0.6962,resolved_model_assignment
2821,frame_031256,31255,31256,1041.8333,1041.8667,17:21.867,65,hud_ocr,1.0,1,60,60,5,40.0,30.0,15.0,0.0,85.0,1.85,28,1.2074,5.580238378378379,5.6139,0,0,,0,0.0,0.0,,,,,0,0,0,ab_pairs/event_02821_frames_31255_31256.jpg,pickup_count_not_exactly_one|adjacent_xp_event|trajectory_color_disagrees_with_xp,green,0.5125,0.4875,0.5125,0.0,False,low_confidence_review,green,0.5125,resolved_model_assignment
2823,frame_031259,31258,31259,1041.9333,1041.9667,17:21.967,65,hud_ocr,1.0,1,60,60,5,40.0,30.0,15.0,0.0,85.0,1.85,18,0.7762,3.5873027027027025,3.609,0,1,,0,0.0,0.0,,,,,1,0,0,ab_pairs/event_02823_frames_31258_31259.jpg,pickup_count_not_exactly_one|trajectory_color_disagrees_with_xp,blue,0.7458,0.7458,0.2542,0.0,False,low_confidence_review,blue,0.7458,resolved_model_assignment
2824,frame_031262,31261,31262,1042.0333,1042.0667,17:22.067,65,hud_ocr,0.9999,1,60,60,5,40.0,30.0,15.0,0.0,85.0,1.85,64,2.7598,12.754797567567568,12.8318,0,0,green,1,0.9395,0.9395,31254,31259,31260,0.939,1,0,0,ab_pairs/event_02824_frames_31261_31262.jpg,adjacent_xp_event|trajectory_color_disagrees_with_xp,green,0.8344,0.1656,0.8344,0.0,False,candidate_assignment,green,0.8344,resolved_model_assignment
2826,frame_031266,31265,31266,1042.1667,1042.2,17:22.200,65,hud_ocr,0.9999,1,60,60,5,40.0,30.0,15.0,0.0,85.0,1.85,22,0.9487,4.38444,4.4109,0,1,,0,0.0,0.0,,,,,1,0,0,ab_pairs/event_02826_frames_31265_31266.jpg,pickup_count_not_exactly_one|trajectory_color_disagrees_with_xp,blue,0.8555,0.8555,0.1445,0.0,False,candidate_assignment,blue,0.8555,resolved_model_assignment
2830,frame_031272,31271,31272,1042.3667,1042.4,17:22.400,65,hud_ocr,0.9999,1,60,60,5,40.0,30.0,15.0,0.0,85.0,1.85,20,0.8624,3.9858713513513515,4.0099,0,0,,0,0.0,0.0,,,,,0,0,0,ab_pairs/event_02830_frames_31271_31272.jpg,pickup_count_not_exactly_one|adjacent_xp_event|trajectory_color_disagrees_with_xp,blue,0.5702,0.5702,0.4298,0.0,False,low_confidence_review,blue,0.5702,resolved_model_assignment
2832,frame_031275,31274,31275,1042.4667,1042.5,17:22.500,65,hud_ocr,0.9999,1,60,60,5,40.0,30.0,15.0,0.0,85.0,1.85,14,0.6037,2.7901191891891894,2.807,0,0,blue,1,0.9096,0.9096,31267,31274,31275,0.910,0,0,0,ab_pairs/event_02832_frames_31274_31275.jpg,adjacent_xp_event|trajectory_color_disagrees_with_xp,blue,0.7716,0.7716,0.2284,0.0,False,low_confidence_review,blue,0.7716,resolved_model_assignment
2835,frame_031283,31282,31283,1042.7333,1042.7667,17:22.767,65,hud_ocr,0.9999,1,60,60,5,40.0,30.0,15.0,0.0,85.0,1.85,78,3.3635,15.544916756756756,15.6387,0,1,,0,0.0,0.0,,,,,0,0,0,ab_pairs/event_02835_frames_31282_31283.jpg,pickup_count_not_exactly_one|trajectory_color_disagrees_with_xp,green,0.5049,0.4951,0.5049,0.0,False,low_confidence_review,green,0.5049,resolved_model_assignment
2840,frame_031292,31291,31292,1043.0333,1043.0667,17:23.067,65,hud_ocr,0.9998,1,60,60,5,40.0,30.0,15.0,0.0,85.0,1.85,28,1.2074,5.580238378378379,5.6139,0,0,,0,0.0,0.0,,,,,0,0,0,ab_pairs/event_02840_frames_31291_31292.jpg,pickup_count_not_exactly_one|adjacent_xp_event|trajectory_color_disagrees_with_xp,blue,0.5483,0.5483,0.4517,0.0,False,low_confidence_review,blue,0.5483,resolved_model_assignment
2843,frame_031296,31295,31296,1043.1667,1043.2,17:23.200,65,hud_ocr,0.9998,1,60,60,5,40.0,30.0,15.0,0.0,85.0,1.85,14,0.6037,2.7901191891891894,2.807,0,0,,0,0.0,0.0,,,,,0,0,0,ab_pairs/event_02843_frames_31295_31296.jpg,pickup_count_not_exactly_one|adjacent_xp_event|trajectory_color_disagrees_with_xp,blue,0.7824,0.7824,0.2176,0.0,False,low_confidence_review,blue,0.7824,resolved_model_assignment
2844,frame_031370,31369,31370,1045.6333,1045.6667,17:25.667,65,hud_ocr,0.9999,1,60,60,5,40.0,30.0,15.0,0.0,85.0,1.85,44,1.8974,8.768926216216215,8.8219,0,1,green,1,0.9367,0.9367,31363,31368,31369,0.937,1,0,0,ab_pairs/event_02844_frames_31369_31370.jpg,trajectory_color_disagrees_with_xp,green,0.7967,0.2033,0.7967,0.0,False,low_confidence_review,green,0.7967,resolved_model_assignment
2846,frame_031387,31386,31387,1046.2,1046.2333,17:26.233,65,hud_ocr,0.9999,1,60,60,5,40.0,30.0,15.0,0.0,85.0,1.85,20,0.8624,3.9858713513513515,4.0099,0,0,,0,0.0,0.0,,,,,0,0,0,ab_pairs/event_02846_frames_31386_31387.jpg,pickup_count_not_exactly_one|adjacent_xp_event|trajectory_color_disagrees_with_xp,blue,0.5089,0.5089,0.4911,0.0,False,low_confidence_review,blue,0.5089,resolved_model_assignment
2847,frame_031388,31387,31388,1046.2333,1046.2667,17:26.267,65,hud_ocr,0.9999,1,60,60,5,40.0,30.0,15.0,0.0,85.0,1.85,14,0.6037,2.7901191891891894,2.807,0,0,,0,0.0,0.0,,,,,0,0,0,ab_pairs/event_02847_frames_31387_31388.jpg,pickup_count_not_exactly_one|adjacent_xp_event|trajectory_color_disagrees_with_xp,blue,0.7534,0.7534,0.2466,0.0,False,low_confidence_review,blue,0.7534,resolved_model_assignment
2849,frame_031396,31395,31396,1046.5,1046.5333,17:26.533,65,hud_ocr,0.9999,1,60,60,5,40.0,30.0,15.0,0.0,85.0,1.85,16,0.69,3.1886878378378376,3.2079,0,0,,0,0.0,0.0,,,,,0,0,0,ab_pairs/event_02849_frames_31395_31396.jpg,pickup_count_not_exactly_one|adjacent_xp_event|trajectory_color_disagrees_with_xp,blue,0.6858,0.6858,0.3142,0.0,False,low_confidence_review,blue,0.6858,resolved_model_assignment
2851,frame_031399,31398,31399,1046.6,1046.6333,17:26.633,65,hud_ocr,0.9999,1,60,60,5,40.0,30.0,15.0,0.0,85.0,1.85,20,0.8624,3.9858713513513515,4.0099,0,1,,0,0.0,0.0,,,,,0,0,0,ab_pairs/event_02851_frames_31398_31399.jpg,pickup_count_not_exactly_one|trajectory_color_disagrees_with_xp,blue,0.5314,0.5314,0.4686,0.0,False,low_confidence_review,blue,0.5314,resolved_model_assignment
2854,frame_031406,31405,31406,1046.8333,1046.8667,17:26.867,65,hud_ocr,0.9999,1,60,60,5,40.0,30.0,15.0,0.0,85.0,1.85,22,0.9487,4.38444,4.4109,0,0,,0,0.0,0.0,,,,,0,0,0,ab_pairs/event_02854_frames_31405_31406.jpg,pickup_count_not_exactly_one|adjacent_xp_event|trajectory_color_disagrees_with_xp,blue,0.5059,0.5059,0.4941,0.0,False,low_confidence_review,blue,0.5059,resolved_model_assignment
2855,frame_031408,31407,31408,1046.9,1046.9333,17:26.933,65,hud_ocr,0.9999,1,60,60,5,40.0,30.0,15.0,0.0,85.0,1.85,16,0.69,3.1886878378378376,3.2079,0,1,,0,0.0,0.0,,,,,0,0,0,ab_pairs/event_02855_frames_31407_31408.jpg,pickup_count_not_exactly_one|trajectory_color_disagrees_with_xp,blue,0.6617,0.6617,0.3383,0.0,False,low_confidence_review,blue,0.6617,resolved_model_assignment
2856,frame_031411,31410,31411,1047.0,1047.0333,17:27.033,65,hud_ocr,1.0,1,60,60,5,40.0,30.0,15.0,0.0,85.0,1.85,58,2.5011,11.559045405405405,11.6288,0,0,green,1,0.9158,0.9158,31406,31410,31411,0.916,0,1,0,ab_pairs/event_02856_frames_31410_31411.jpg,adjacent_xp_event|trajectory_color_disagrees_with_xp,green,0.9303,0.0697,0.9303,0.0,False,candidate_assignment,green,0.9303,resolved_model_assignment
2858,frame_031414,31413,31414,1047.1,1047.1333,17:27.133,65,hud_ocr,0.9999,1,60,60,5,40.0,30.0,15.0,0.0,85.0,1.85,16,0.69,3.1886878378378376,3.2079,0,1,green,1,0.8642,0.8642,31406,31413,31414,0.864,1,0,0,ab_pairs/event_02858_frames_31413_31414.jpg,heldout_green_precision_or_support_gate_failed,green,0.5252,0.4748,0.5252,0.0,False,low_confidence_review,green,0.5252,resolved_model_assignment
2862,frame_031424,31423,31424,1047.4333,1047.4667,17:27.467,65,hud_ocr,0.9999,1,60,60,5,40.0,30.0,15.0,0.0,85.0,1.85,22,0.9487,4.38444,4.4109,0,0,green,1,0.8674,0.8674,31421,31423,31424,0.867,0,1,0,ab_pairs/event_02862_frames_31423_31424.jpg,adjacent_xp_event,green,0.8615,0.1385,0.8615,0.0,False,candidate_assignment,green,0.8615,resolved_model_assignment
2866,frame_031429,31428,31429,1047.6,1047.6333,17:27.633,65,hud_ocr,0.9999,1,60,60,5,40.0,30.0,15.0,0.0,85.0,1.85,16,0.69,3.1886878378378376,3.2079,0,0,green,1,0.9327,0.9327,31421,31428,31429,0.933,0,1,0,ab_pairs/event_02866_frames_31428_31429.jpg,adjacent_xp_event,green,0.9383,0.0617,0.9383,0.0,False,candidate_assignment,green,0.9383,resolved_model_assignment
2874,frame_031456,31455,31456,1048.5,1048.5333,17:28.533,65,hud_ocr,0.9999,1,60,60,5,40.0,30.0,15.0,0.0,85.0,1.85,16,0.69,3.1886878378378376,3.2079,0,0,,0,0.0,0.0,,,,,0,0,0,ab_pairs/event_02874_frames_31455_31456.jpg,pickup_count_not_exactly_one|adjacent_xp_event|trajectory_color_disagrees_with_xp,blue,0.7096,0.7096,0.2904,0.0,False,low_confidence_review,blue,0.7096,resolved_model_assignment
2876,frame_031467,31466,31467,1048.8667,1048.9,17:28.900,65,hud_ocr,0.9997,1,60,60,5,40.0,30.0,15.0,0.0,85.0,1.85,30,1.2937,5.978807027027027,6.0149,0,0,,0,0.0,0.0,,,,,1,0,0,ab_pairs/event_02876_frames_31466_31467.jpg,pickup_count_not_exactly_one|adjacent_xp_event|trajectory_color_disagrees_with_xp,blue,0.8103,0.8103,0.1897,0.0,False,candidate_assignment,blue,0.8103,resolved_model_assignment
2877,frame_031468,31467,31468,1048.9,1048.9333,17:28.933,65,hud_ocr,0.9972,1,60,60,5,40.0,30.0,15.0,0.0,85.0,1.85,14,0.6037,2.7901191891891894,2.807,0,0,,0,0.0,0.0,,,,,0,0,0,ab_pairs/event_02877_frames_31467_31468.jpg,pickup_count_not_exactly_one|adjacent_xp_event|trajectory_color_disagrees_with_xp,blue,0.7747,0.7747,0.2253,0.0,False,low_confidence_review,blue,0.7747,resolved_model_assignment
2879,frame_031470,31469,31470,1048.9667,1049.0,17:29.000,65,previous_hud_ocr_fallback,0.6687,0,60,60,5,40.0,30.0,15.0,0.0,85.0,1.85,18,0.7762,3.5873027027027025,3.609,0,0,blue,1,0.8217,0.8217,31462,31469,31470,0.822,0,0,0,ab_pairs/event_02879_frames_31469_31470.jpg,adjacent_xp_event|trajectory_color_disagrees_with_xp|hud_level_not_directly_confirmed,blue,0.5517,0.5517,0.4483,0.0,False,low_confidence_review,blue,0.5517,resolved_model_assignment
2882,frame_031521,31520,31521,1050.6667,1050.7,17:30.700,66,hud_ocr,1.0,1,61,61,5,40.0,30.0,15.0,0.0,85.0,1.85,34,1.4661,6.902792702702701,6.9445,0,1,blue,1,0.922,0.922,31518,31520,31521,0.922,1,0,0,ab_pairs/event_02882_frames_31520_31521.jpg,trajectory_color_disagrees_with_xp,blue,0.7864,0.7864,0.2136,0.0,False,low_confidence_review,blue,0.7864,resolved_model_assignment
2883,frame_031531,31530,31531,1051.0,1051.0333,17:31.033,66,hud_ocr,1.0,1,61,61,5,40.0,30.0,15.0,0.0,85.0,1.85,16,0.69,3.248359189189189,3.268,0,1,,0,0.0,0.0,,,,,0,0,0,ab_pairs/event_02883_frames_31530_31531.jpg,pickup_count_not_exactly_one|trajectory_color_disagrees_with_xp,blue,0.6549,0.6549,0.3451,0.0,False,low_confidence_review,blue,0.6549,resolved_model_assignment
2885,frame_031668,31667,31668,1055.5667,1055.6,17:35.600,66,hud_ocr,1.0,1,61,61,5,40.0,30.0,15.0,0.0,85.0,1.85,104,4.4847,21.11440535135135,21.2419,0,0,green|blue|blue,3,0.9381,0.8656,31664|31660|31660,31667|31667|31667,31668|31668|31668,0.938|0.869|0.789,1,0,0,ab_pairs/event_02885_frames_31667_31668.jpg,pickup_count_not_exactly_one|adjacent_xp_event|trajectory_color_disagrees_with_xp,blue,0.5173,0.5173,0.4827,0.0,False,low_confidence_review,blue,0.5173,resolved_model_assignment
2886,frame_031669,31668,31669,1055.6,1055.6333,17:35.633,66,hud_ocr,1.0,1,61,61,5,40.0,30.0,15.0,0.0,85.0,1.85,58,2.5011,11.775355027027025,11.8464,0,0,,0,0.0,0.0,,,,,0,0,0,ab_pairs/event_02886_frames_31668_31669.jpg,pickup_count_not_exactly_one|adjacent_xp_event|trajectory_color_disagrees_with_xp,blue,0.5063,0.5063,0.4937,0.0,False,low_confidence_review,blue,0.5063,resolved_model_assignment
2887,frame_031670,31669,31670,1055.6333,1055.6667,17:35.667,66,hud_ocr,1.0,1,61,61,5,40.0,30.0,15.0,0.0,85.0,1.85,24,1.0349,4.872562324324324,4.902,0,0,green|green|green,3,0.9377,0.8799,31662|31662|31662,31669|31669|31669,31670|31670|31670,0.938|0.867|0.835,3,1,0,ab_pairs/event_02887_frames_31669_31670.jpg,pickup_count_not_exactly_one|adjacent_xp_event|trajectory_color_disagrees_with_xp,green,0.7962,0.2038,0.7962,0.0,False,low_confidence_review,green,0.7962,resolved_model_assignment
2888,frame_031671,31670,31671,1055.6667,1055.7,17:35.700,66,hud_ocr,1.0,1,61,61,5,40.0,30.0,15.0,0.0,85.0,1.85,108,4.6572,21.926506918918914,22.0589,0,0,,0,0.0,0.0,,,,,0,0,0,ab_pairs/event_02888_frames_31670_31671.jpg,pickup_count_not_exactly_one|adjacent_xp_event|trajectory_color_disagrees_with_xp,blue,0.5036,0.5036,0.4964,0.0,False,low_confidence_review,blue,0.5036,resolved_model_assignment
2889,frame_031672,31671,31672,1055.7,1055.7333,17:35.733,66,hud_ocr,1.0,1,61,61,5,40.0,30.0,15.0,0.0,85.0,1.85,90,3.881,18.272073405405404,18.3824,0,0,green,1,0.9268,0.9268,31664,31671,31672,0.927,1,1,0,ab_pairs/event_02889_frames_31671_31672.jpg,adjacent_xp_event|trajectory_color_disagrees_with_xp,green,0.8041,0.1959,0.8041,0.0,False,candidate_assignment,green,0.8041,resolved_model_assignment
2891,frame_031674,31673,31674,1055.7667,1055.8,17:35.800,66,hud_ocr,1.0,1,61,61,5,40.0,30.0,15.0,0.0,85.0,1.85,90,3.881,18.272073405405404,18.3824,0,0,green,1,0.9728,0.9728,31666,31673,31674,0.973,0,0,0,ab_pairs/event_02891_frames_31673_31674.jpg,adjacent_xp_event|trajectory_color_disagrees_with_xp,green,0.8045,0.1955,0.8045,0.0,False,candidate_assignment,green,0.8045,resolved_model_assignment
2893,frame_031676,31675,31676,1055.8333,1055.8667,17:35.867,66,hud_ocr,1.0,1,61,61,5,40.0,30.0,15.0,0.0,85.0,1.85,70,3.0185,14.211612648648648,14.2974,0,0,blue,1,0.9127,0.9127,31668,31674,31675,0.913,0,1,0,ab_pairs/event_02893_frames_31675_31676.jpg,adjacent_xp_event|trajectory_color_disagrees_with_xp,green,0.7553,0.2447,0.7553,0.0,False,low_confidence_review,green,0.7553,resolved_model_assignment
2894,frame_031677,31676,31677,1055.8667,1055.9,17:35.900,66,hud_ocr,1.0,1,61,61,5,40.0,30.0,15.0,0.0,85.0,1.85,120,5.1746,24.36276454054054,24.5098,0,0,green,1,0.9176,0.9176,31669,31676,31677,0.918,1,0,0,ab_pairs/event_02894_frames_31676_31677.jpg,adjacent_xp_event|trajectory_color_disagrees_with_xp,green,0.5838,0.4162,0.5838,0.0,False,low_confidence_review,green,0.5838,resolved_model_assignment
2895,frame_031678,31677,31678,1055.9,1055.9333,17:35.933,66,hud_ocr,1.0,1,61,61,5,40.0,30.0,15.0,0.0,85.0,1.85,178,7.6757,36.138119567567564,36.3563,0,0,blue|green,2,0.82,0.8132,31670|31675,31675|31677,31676|31678,0.806|0.820,6,2,0,ab_pairs/event_02895_frames_31677_31678.jpg,pickup_count_not_exactly_one|adjacent_xp_event|trajectory_color_disagrees_with_xp,green,0.6478,0.3522,0.6478,0.0,False,low_confidence_review,green,0.6478,resolved_model_assignment
2896,frame_031679,31678,31679,1055.9333,1055.9667,17:35.967,66,hud_ocr,1.0,1,61,61,5,40.0,30.0,15.0,0.0,85.0,1.85,130,5.6059,26.392994918918916,26.5523,0,0,,0,0.0,0.0,,,,,0,0,0,ab_pairs/event_02896_frames_31678_31679.jpg,pickup_count_not_exactly_one|adjacent_xp_event|trajectory_color_disagrees_with_xp,blue,0.5342,0.5342,0.4658,0.0,False,low_confidence_review,blue,0.5342,resolved_model_assignment
2897,frame_031680,31679,31680,1055.9667,1056.0,17:36.000,66,hud_ocr,1.0,1,61,61,5,40.0,30.0,15.0,0.0,85.0,1.85,126,5.4334,25.58094043243243,25.7354,0,0,,0,0.0,0.0,,,,,0,0,0,ab_pairs/event_02897_frames_31679_31680.jpg,pickup_count_not_exactly_one|adjacent_xp_event|trajectory_color_disagrees_with_xp,blue,0.5453,0.5453,0.4547,0.0,False,low_confidence_review,blue,0.5453,resolved_model_assignment
2899,frame_032059,32058,32059,1068.6,1068.6333,17:48.633,68,hud_ocr,0.9989,1,62,62,5,40.0,30.0,15.0,0.0,85.0,1.85,16,0.69,3.3677018918918917,3.388,0,1,blue|blue,2,0.9229,0.856,32051|32056,32056|32058,32057|32059,0.789|0.923,1,0,0,ab_pairs/event_02899_frames_32058_32059.jpg,pickup_count_not_exactly_one|trajectory_color_disagrees_with_xp,blue,0.8077,0.8077,0.1923,0.0,False,candidate_assignment,blue,0.8077,resolved_model_assignment
2901,frame_032082,32081,32082,1069.3667,1069.4,17:49.400,68,hud_ocr,0.9999,1,62,62,5,40.0,30.0,15.0,0.0,85.0,1.85,12,0.5175,2.5257642162162157,2.541,0,1,green|blue,2,0.9273,0.8278,32076|32074,32079|32080,32080|32081,0.927|0.728,0,0,0,ab_pairs/event_02901_frames_32081_32082.jpg,pickup_count_not_exactly_one|trajectory_color_disagrees_with_xp,green,0.6222,0.3778,0.6222,0.0,False,low_confidence_review,green,0.6222,resolved_model_assignment
2903,frame_032290,32289,32290,1076.3,1076.3333,17:56.333,68,hud_ocr,0.4728,1,62,62,5,40.0,30.0,15.0,0.0,85.0,1.85,16,0.69,3.3677018918918917,3.388,0,1,green,1,0.9604,0.9604,32282,32287,32288,0.960,0,0,0,ab_pairs/event_02903_frames_32289_32290.jpg,heldout_green_precision_or_support_gate_failed,green,0.9146,0.0854,0.9146,0.0,False,candidate_assignment,green,0.9146,resolved_model_assignment
2904,frame_032296,32295,32296,1076.5,1076.5333,17:56.533,68,hud_ocr,0.4728,1,62,62,5,40.0,30.0,15.0,0.0,85.0,1.85,20,0.8624,4.209639567567567,4.235,0,1,,0,0.0,0.0,,,,,1,0,0,ab_pairs/event_02904_frames_32295_32296.jpg,pickup_count_not_exactly_one|trajectory_color_disagrees_with_xp,blue,0.7487,0.7487,0.2513,0.0,False,low_confidence_review,blue,0.7487,resolved_model_assignment
2906,frame_032305,32304,32305,1076.8,1076.8333,17:56.833,68,hud_ocr,0.4728,1,62,62,5,40.0,30.0,15.0,0.0,85.0,1.85,16,0.69,3.3677018918918917,3.388,0,1,,0,0.0,0.0,,,,,0,0,0,ab_pairs/event_02906_frames_32304_32305.jpg,pickup_count_not_exactly_one|trajectory_color_disagrees_with_xp,blue,0.6484,0.6484,0.3516,0.0,False,low_confidence_review,blue,0.6484,resolved_model_assignment
2908,frame_032756,32755,32756,1091.8333,1091.8667,18:11.867,69,hud_ocr,0.9951,1,63,63,5,40.0,30.0,15.0,0.0,85.0,1.85,246,10.608,52.69605610810811,53.0141,0,0,,0,0.0,0.0,,,,,1,0,0,ab_pairs/event_02908_frames_32755_32756.jpg,pickup_count_not_exactly_one|adjacent_xp_event|trajectory_color_disagrees_with_xp,blue,0.8037,0.8037,0.1963,0.0,False,candidate_assignment,blue,0.8037,resolved_model_assignment
2909,frame_032757,32756,32757,1091.8667,1091.9,18:11.900,69,hud_ocr,0.9951,1,63,63,5,40.0,30.0,15.0,0.0,85.0,1.85,280,12.0742,59.979255297297286,60.3413,0,0,,0,0.0,0.0,,,,,0,0,0,ab_pairs/event_02909_frames_32756_32757.jpg,pickup_count_not_exactly_one|adjacent_xp_event|trajectory_color_disagrees_with_xp,blue,0.5914,0.5914,0.4086,0.0,False,low_confidence_review,blue,0.5914,resolved_model_assignment
2910,frame_032758,32757,32758,1091.9,1091.9333,18:11.933,69,hud_ocr,0.9951,1,63,63,5,40.0,30.0,15.0,0.0,85.0,1.85,200,8.6244,42.842339405405404,43.1009,0,0,,0,0.0,0.0,,,,,0,2,0,ab_pairs/event_02910_frames_32757_32758.jpg,pickup_count_not_exactly_one|adjacent_xp_event|trajectory_color_disagrees_with_xp,green,0.7722,0.2278,0.7722,0.0,False,low_confidence_review,green,0.7722,resolved_model_assignment
2911,frame_032759,32758,32759,1091.9333,1091.9667,18:11.967,69,hud_ocr,0.9951,1,63,63,5,40.0,30.0,15.0,0.0,85.0,1.85,324,13.9715,69.40456897297297,69.8235,0,0,green,1,0.7492,0.7492,32755,32758,32759,0.749,1,1,0,ab_pairs/event_02911_frames_32758_32759.jpg,adjacent_xp_event|trajectory_color_disagrees_with_xp,green,0.6932,0.3068,0.6932,0.0,False,low_confidence_review,green,0.6932,resolved_model_assignment
2912,frame_032760,32759,32760,1091.9667,1092.0,18:12.000,69,hud_ocr,0.6399,1,63,63,5,40.0,30.0,15.0,0.0,85.0,1.85,282,12.1604,60.40765832432433,60.7723,0,0,blue,1,0.7962,0.7962,32755,32759,32760,0.796,7,1,0,ab_pairs/event_02912_frames_32759_32760.jpg,adjacent_xp_event|trajectory_color_disagrees_with_xp,green,0.6238,0.3762,0.6238,0.0,False,low_confidence_review,green,0.6238,resolved_model_assignment
2913,frame_032761,32760,32761,1092.0,1092.0333,18:12.033,69,hud_ocr,0.6272,1,63,63,5,40.0,30.0,15.0,0.0,85.0,1.85,286,12.3329,61.26451405405405,61.6343,0,0,,0,0.0,0.0,,,,,0,0,0,ab_pairs/event_02913_frames_32760_32761.jpg,pickup_count_not_exactly_one|adjacent_xp_event|trajectory_color_disagrees_with_xp,blue,0.559,0.559,0.441,0.0,False,low_confidence_review,blue,0.559,resolved_model_assignment
2914,frame_032762,32761,32762,1092.0333,1092.0667,18:12.067,69,hud_ocr,0.6272,1,63,63,5,40.0,30.0,15.0,0.0,85.0,1.85,214,9.2281,45.84130962162162,46.118,0,0,,0,0.0,0.0,,,,,0,0,0,ab_pairs/event_02914_frames_32761_32762.jpg,pickup_count_not_exactly_one|adjacent_xp_event|trajectory_color_disagrees_with_xp,blue,0.5398,0.5398,0.4602,0.0,False,low_confidence_review,blue,0.5398,resolved_model_assignment
2915,frame_032763,32762,32763,1092.0667,1092.1,18:12.100,69,hud_ocr,0.9999,1,63,63,5,40.0,30.0,15.0,0.0,85.0,1.85,205,8.84,43.91339664864864,44.1785,1,0,green|blue,2,0.8333,0.831,32755|32755,32760|32762,32761|32763,0.829|0.833,0,1,0,ab_pairs/event_02915_frames_32762_32763.jpg,pickup_count_not_exactly_one|adjacent_xp_event|trajectory_color_disagrees_with_xp|xp_bar_saturated,,0.0,0.0,0.0,0.0,False,saturated_unresolved,blue,0.5012,trajectory_score_vote
2916,frame_032780,32779,32780,1092.6333,1092.6667,18:12.667,70,hud_ocr,0.9982,1,64,64,5,40.0,30.0,15.0,0.0,85.0,1.85,156,6.727,33.99882378378378,34.204,0,0,,0,0.0,0.0,,,,,1,0,0,ab_pairs/event_02916_frames_32779_32780.jpg,pickup_count_not_exactly_one|adjacent_xp_event|trajectory_color_disagrees_with_xp,blue,0.8042,0.8042,0.1958,0.0,False,candidate_assignment,blue,0.8042,resolved_model_assignment
2917,frame_032781,32780,32781,1092.6667,1092.7,18:12.700,70,hud_ocr,0.9982,1,64,64,5,40.0,30.0,15.0,0.0,85.0,1.85,118,5.0884,25.71704864864865,25.8723,0,0,,0,0.0,0.0,,,,,0,1,0,ab_pairs/event_02917_frames_32780_32781.jpg,pickup_count_not_exactly_one|adjacent_xp_event|trajectory_color_disagrees_with_xp,green,0.7862,0.2138,0.7862,0.0,False,low_confidence_review,green,0.7862,resolved_model_assignment
2918,frame_032782,32781,32782,1092.7,1092.7333,18:12.733,70,hud_ocr,0.9982,1,64,64,5,40.0,30.0,15.0,0.0,85.0,1.85,80,3.4498,17.435273513513515,17.5405,0,0,,0,0.0,0.0,,,,,0,0,0,ab_pairs/event_02918_frames_32781_32782.jpg,pickup_count_not_exactly_one|adjacent_xp_event|trajectory_color_disagrees_with_xp,blue,0.578,0.578,0.422,0.0,False,low_confidence_review,blue,0.578,resolved_model_assignment
2919,frame_032783,32782,32783,1092.7333,1092.7667,18:12.767,70,hud_ocr,0.9982,1,64,64,5,40.0,30.0,15.0,0.0,85.0,1.85,20,0.8624,4.358818378378379,4.3851,0,0,blue,1,0.9113,0.9113,32779,32782,32783,0.911,0,0,0,ab_pairs/event_02919_frames_32782_32783.jpg,adjacent_xp_event|trajectory_color_disagrees_with_xp,blue,0.6404,0.6404,0.3596,0.0,False,low_confidence_review,blue,0.6404,resolved_model_assignment
2920,frame_032784,32783,32784,1092.7667,1092.8,18:12.800,70,hud_ocr,0.9982,1,64,64,5,40.0,30.0,15.0,0.0,85.0,1.85,84,3.6223,18.307047297297295,18.4176,0,0,blue,1,0.8084,0.8084,32780,32783,32784,0.808,1,0,0,ab_pairs/event_02920_frames_32783_32784.jpg,adjacent_xp_event|trajectory_color_disagrees_with_xp,blue,0.7883,0.7883,0.2117,0.0,False,low_confidence_review,blue,0.7883,resolved_model_assignment
2921,frame_032785,32784,32785,1092.8,1092.8333,18:12.833,70,hud_ocr,0.9982,1,64,64,5,40.0,30.0,15.0,0.0,85.0,1.85,72,3.1048,15.691776486486486,15.7865,0,0,,0,0.0,0.0,,,,,2,0,0,ab_pairs/event_02921_frames_32784_32785.jpg,pickup_count_not_exactly_one|adjacent_xp_event|trajectory_color_disagrees_with_xp,blue,0.7891,0.7891,0.2109,0.0,False,low_confidence_review,blue,0.7891,resolved_model_assignment
2922,frame_032786,32785,32786,1092.8333,1092.8667,18:12.867,70,hud_ocr,0.9982,1,64,64,5,40.0,30.0,15.0,0.0,85.0,1.85,42,1.8111,9.153548918918919,9.2088,0,0,,0,0.0,0.0,,,,,0,0,0,ab_pairs/event_02922_frames_32785_32786.jpg,pickup_count_not_exactly_one|adjacent_xp_event|trajectory_color_disagrees_with_xp,blue,0.5752,0.5752,0.4248,0.0,False,low_confidence_review,blue,0.5752,resolved_model_assignment
2925,frame_032791,32790,32791,1093.0,1093.0333,18:13.033,70,hud_ocr,0.9999,1,64,64,5,40.0,30.0,15.0,0.0,85.0,1.85,28,1.2074,6.102365945945945,6.1392,0,0,blue,1,0.9243,0.9243,32783,32790,32791,0.924,0,1,0,ab_pairs/event_02925_frames_32790_32791.jpg,adjacent_xp_event|trajectory_color_disagrees_with_xp,green,0.6629,0.3371,0.6629,0.0,False,low_confidence_review,green,0.6629,resolved_model_assignment
2926,frame_032792,32791,32792,1093.0333,1093.0667,18:13.067,70,hud_ocr,0.9999,1,64,64,5,40.0,30.0,15.0,0.0,85.0,1.85,46,1.9836,10.02527216216216,10.0858,0,0,blue,1,0.8709,0.8709,32784,32791,32792,0.871,1,0,0,ab_pairs/event_02926_frames_32791_32792.jpg,adjacent_xp_event|trajectory_color_disagrees_with_xp,blue,0.8164,0.8164,0.1836,0.0,False,candidate_assignment,blue,0.8164,resolved_model_assignment
2928,frame_032794,32793,32794,1093.1,1093.1333,18:13.133,70,hud_ocr,0.9999,1,64,64,5,40.0,30.0,15.0,0.0,85.0,1.85,30,1.2937,6.538227567567567,6.5777,0,0,,0,0.0,0.0,,,,,0,1,0,ab_pairs/event_02928_frames_32793_32794.jpg,pickup_count_not_exactly_one|adjacent_xp_event|trajectory_color_disagrees_with_xp,green,0.8032,0.1968,0.8032,0.0,False,candidate_assignment,green,0.8032,resolved_model_assignment
2933,frame_033769,33768,33769,1125.6,1125.6333,18:45.633,71,hud_ocr,0.734,1,65,65,5,40.0,30.0,15.0,0.0,85.0,1.85,18,0.7762,3.990087567567567,4.0142,0,1,,0,0.0,0.0,,,,,3,1,0,ab_pairs/event_02933_frames_33768_33769.jpg,pickup_count_not_exactly_one|trajectory_color_disagrees_with_xp,green,0.589,0.411,0.589,0.0,False,low_confidence_review,green,0.589,resolved_model_assignment
2935,frame_033814,33813,33814,1127.1,1127.1333,18:47.133,72,hud_ocr,0.9999,1,66,66,5,40.0,30.0,15.0,0.0,85.0,1.85,246,10.608,55.44840724324324,55.7831,0,0,,0,0.0,0.0,,,,,4,0,0,ab_pairs/event_02935_frames_33813_33814.jpg,pickup_count_not_exactly_one|adjacent_xp_event|trajectory_color_disagrees_with_xp,blue,0.7552,0.7552,0.2448,0.0,False,low_confidence_review,blue,0.7552,resolved_model_assignment
2937,frame_033816,33815,33816,1127.1667,1127.2,18:47.200,72,hud_ocr,0.9999,1,66,66,5,40.0,30.0,15.0,0.0,85.0,1.85,232,10.0043,52.29279875675675,52.6084,0,0,,0,0.0,0.0,,,,,1,1,0,ab_pairs/event_02937_frames_33815_33816.jpg,pickup_count_not_exactly_one|adjacent_xp_event|trajectory_color_disagrees_with_xp,green,0.6985,0.3015,0.6985,0.0,False,low_confidence_review,green,0.6985,resolved_model_assignment
2938,frame_033817,33816,33817,1127.2,1127.2333,18:47.233,72,hud_ocr,0.9999,1,66,66,5,40.0,30.0,15.0,0.0,85.0,1.85,286,12.3329,64.46440162162162,64.8535,0,0,blue,1,0.8169,0.8169,33812,33816,33817,0.817,0,0,0,ab_pairs/event_02938_frames_33816_33817.jpg,adjacent_xp_event|trajectory_color_disagrees_with_xp,blue,0.5361,0.5361,0.4639,0.0,False,low_confidence_review,blue,0.5361,resolved_model_assignment
2939,frame_033818,33817,33818,1127.2333,1127.2667,18:47.267,72,hud_ocr,0.9999,1,66,66,5,40.0,30.0,15.0,0.0,85.0,1.85,344,14.834,77.53761437837838,78.0056,0,0,green,1,0.9302,0.9302,33812,33817,33818,0.930,0,3,0,ab_pairs/event_02939_frames_33817_33818.jpg,adjacent_xp_event|trajectory_color_disagrees_with_xp,green,0.8893,0.1107,0.8893,0.0,False,candidate_assignment,green,0.8893,resolved_model_assignment
2940,frame_033819,33818,33819,1127.2667,1127.3,18:47.300,72,hud_ocr,0.9999,1,66,66,5,40.0,30.0,15.0,0.0,85.0,1.85,238,10.263,53.64518745945945,53.969,0,0,green,1,0.9194,0.9194,33813,33818,33819,0.919,0,1,0,ab_pairs/event_02940_frames_33818_33819.jpg,adjacent_xp_event|trajectory_color_disagrees_with_xp,green,0.899,0.101,0.899,0.0,False,candidate_assignment,green,0.899,resolved_model_assignment
2942,frame_033837,33836,33837,1127.8667,1127.9,18:47.900,73,hud_ocr,0.9999,1,67,67,5,40.0,30.0,15.0,0.0,85.0,1.85,292,12.5916,66.90579616216216,67.3097,0,0,,0,0.0,0.0,,,,,1,0,0,ab_pairs/event_02942_frames_33836_33837.jpg,pickup_count_not_exactly_one|adjacent_xp_event|trajectory_color_disagrees_with_xp,blue,0.8243,0.8243,0.1757,0.0,False,candidate_assignment,blue,0.8243,resolved_model_assignment
2943,frame_033838,33837,33838,1127.9,1127.9333,18:47.933,73,hud_ocr,0.9999,1,67,67,5,40.0,30.0,15.0,0.0,85.0,1.85,98,4.226,22.454695567567565,22.5902,0,0,,0,0.0,0.0,,,,,2,0,0,ab_pairs/event_02943_frames_33837_33838.jpg,pickup_count_not_exactly_one|adjacent_xp_event|trajectory_color_disagrees_with_xp,blue,0.8155,0.8155,0.1845,0.0,False,candidate_assignment,blue,0.8155,resolved_model_assignment
2944,frame_033839,33838,33839,1127.9333,1127.9667,18:47.967,73,hud_ocr,0.9999,1,67,67,5,40.0,30.0,15.0,0.0,85.0,1.85,142,6.1233,32.536396702702696,32.7328,0,0,green|blue,2,0.924,0.8622,33836|33836,33838|33838,33839|33839,0.924|0.800,1,1,0,ab_pairs/event_02944_frames_33838_33839.jpg,pickup_count_not_exactly_one|adjacent_xp_event|trajectory_color_disagrees_with_xp,green,0.7497,0.2503,0.7497,0.0,False,low_confidence_review,green,0.7497,resolved_model_assignment
2945,frame_033840,33839,33840,1127.9667,1128.0,18:48.000,73,hud_ocr,0.9723,1,67,67,5,40.0,30.0,15.0,0.0,85.0,1.85,148,6.3821,33.91116205405405,34.1159,0,0,,0,0.0,0.0,,,,,1,0,0,ab_pairs/event_02945_frames_33839_33840.jpg,pickup_count_not_exactly_one|adjacent_xp_event|trajectory_color_disagrees_with_xp,blue,0.8332,0.8332,0.1668,0.0,False,candidate_assignment,blue,0.8332,resolved_model_assignment
2946,frame_033841,33840,33841,1128.0,1128.0333,18:48.033,73,hud_ocr,0.9723,1,67,67,5,40.0,30.0,15.0,0.0,85.0,1.85,14,0.6037,3.207821243243243,3.2272,0,0,blue,1,0.8162,0.8162,33836,33840,33841,0.816,1,0,0,ab_pairs/event_02946_frames_33840_33841.jpg,adjacent_xp_event|trajectory_color_disagrees_with_xp,blue,0.8425,0.8425,0.1575,0.0,False,candidate_assignment,blue,0.8425,resolved_model_assignment
2947,frame_033842,33841,33842,1128.0333,1128.0667,18:48.067,73,hud_ocr,0.9605,1,67,67,5,40.0,30.0,15.0,0.0,85.0,1.85,44,1.8974,10.081701135135134,10.1426,0,0,,0,0.0,0.0,,,,,0,0,0,ab_pairs/event_02947_frames_33841_33842.jpg,pickup_count_not_exactly_one|adjacent_xp_event|trajectory_color_disagrees_with_xp,blue,0.5851,0.5851,0.4149,0.0,False,low_confidence_review,blue,0.5851,resolved_model_assignment
2949,frame_033844,33843,33844,1128.1,1128.1333,18:48.133,73,hud_ocr,0.9605,1,67,67,5,40.0,30.0,15.0,0.0,85.0,1.85,22,0.9487,5.040824000000001,5.0713,0,0,blue,1,0.8028,0.8028,33836,33843,33844,0.803,0,0,0,ab_pairs/event_02949_frames_33843_33844.jpg,adjacent_xp_event|trajectory_color_disagrees_with_xp,blue,0.5955,0.5955,0.4045,0.0,False,low_confidence_review,blue,0.5955,resolved_model_assignment
2950,frame_033845,33844,33845,1128.1333,1128.1667,18:48.167,73,hud_ocr,0.9605,1,67,67,5,40.0,30.0,15.0,0.0,85.0,1.85,40,1.7249,9.16517318918919,9.2205,0,0,green,1,0.8066,0.8066,33842,33844,33845,0.807,1,0,0,ab_pairs/event_02950_frames_33844_33845.jpg,adjacent_xp_event|trajectory_color_disagrees_with_xp,green,0.5322,0.4678,0.5322,0.0,False,low_confidence_review,green,0.5322,resolved_model_assignment
2951,frame_033846,33845,33846,1128.1667,1128.2,18:48.200,73,hud_ocr,0.9605,1,67,67,5,40.0,30.0,15.0,0.0,85.0,1.85,60,2.5873,13.747759783783783,13.8307,0,0,,0,0.0,0.0,,,,,1,0,0,ab_pairs/event_02951_frames_33845_33846.jpg,pickup_count_not_exactly_one|adjacent_xp_event|trajectory_color_disagrees_with_xp,blue,0.8005,0.8005,0.1995,0.0,False,candidate_assignment,blue,0.8005,resolved_model_assignment
2952,frame_033847,33846,33847,1128.2,1128.2333,18:48.233,73,hud_ocr,0.9605,1,67,67,5,40.0,30.0,15.0,0.0,85.0,1.85,24,1.0349,5.49911454054054,5.5323,0,0,green,1,0.8942,0.8942,33842,33846,33847,0.894,0,0,0,ab_pairs/event_02952_frames_33846_33847.jpg,adjacent_xp_event,green,0.7374,0.2626,0.7374,0.0,False,low_confidence_review,green,0.7374,resolved_model_assignment
2953,frame_033848,33847,33848,1128.2333,1128.2667,18:48.267,73,hud_ocr,0.9605,1,67,67,5,40.0,30.0,15.0,0.0,85.0,1.85,22,0.9487,5.040824000000001,5.0713,0,0,blue,1,0.8045,0.8045,33840,33847,33848,0.804,1,0,0,ab_pairs/event_02953_frames_33847_33848.jpg,adjacent_xp_event|trajectory_color_disagrees_with_xp,blue,0.8155,0.8155,0.1845,0.0,False,candidate_assignment,blue,0.8155,resolved_model_assignment
2954,frame_033849,33848,33849,1128.2667,1128.3,18:48.300,73,hud_ocr,0.9605,1,67,67,5,40.0,30.0,15.0,0.0,85.0,1.85,30,1.2937,6.8738798918918915,6.9154,0,0,,0,0.0,0.0,,,,,0,0,0,ab_pairs/event_02954_frames_33848_33849.jpg,pickup_count_not_exactly_one|adjacent_xp_event|trajectory_color_disagrees_with_xp,blue,0.5255,0.5255,0.4745,0.0,False,low_confidence_review,blue,0.5255,resolved_model_assignment
2957,frame_033853,33852,33853,1128.4,1128.4333,18:48.433,73,hud_ocr,0.9605,1,67,67,5,40.0,30.0,15.0,0.0,85.0,1.85,632,27.2531,144.8098745405405,145.684,0,0,,0,0.0,0.0,,,,,0,0,0,ab_pairs/event_02957_frames_33852_33853.jpg,pickup_count_not_exactly_one|adjacent_xp_event|trajectory_color_disagrees_with_xp,blue,0.5559,0.5559,0.4441,0.0,False,low_confidence_review,blue,0.5559,resolved_model_assignment
2958,frame_033854,33853,33854,1128.4333,1128.4667,18:48.467,73,hud_ocr,0.95,1,67,67,5,40.0,30.0,15.0,0.0,85.0,1.85,30,1.2937,6.8738798918918915,6.9154,0,0,,0,0.0,0.0,,,,,0,0,0,ab_pairs/event_02958_frames_33853_33854.jpg,pickup_count_not_exactly_one|adjacent_xp_event|trajectory_color_disagrees_with_xp,blue,0.5603,0.5603,0.4397,0.0,False,low_confidence_review,blue,0.5603,resolved_model_assignment
2964,frame_034180,34179,34180,1139.3,1139.3333,18:59.333,73,hud_ocr,0.635,1,67,67,5,40.0,30.0,15.0,0.0,85.0,1.85,14,0.6037,3.207821243243243,3.2272,0,1,,0,0.0,0.0,,,,,0,1,0,ab_pairs/event_02964_frames_34179_34180.jpg,pickup_count_not_exactly_one|trajectory_color_disagrees_with_xp,green,0.6526,0.3474,0.6526,0.0,False,low_confidence_review,green,0.6526,resolved_model_assignment
2974,frame_034860,34859,34860,1161.9667,1162.0,19:22.000,74,hud_ocr,0.9999,1,68,68,5,40.0,30.0,15.0,0.0,85.0,1.85,78,3.3635,18.163007999999998,18.2726,0,0,green|blue,2,0.9489,0.9328,34852|34856,34859|34859,34860|34860,0.949|0.917,0,1,0,ab_pairs/event_02974_frames_34859_34860.jpg,pickup_count_not_exactly_one|adjacent_xp_event|trajectory_color_disagrees_with_xp,green,0.8899,0.1101,0.8899,0.0,False,candidate_assignment,green,0.8899,resolved_model_assignment
2976,frame_034862,34861,34862,1162.0333,1162.0667,19:22.067,74,hud_ocr,0.9999,1,68,68,5,40.0,30.0,15.0,0.0,85.0,1.85,72,3.1048,16.765866,16.8671,0,0,blue,1,0.9436,0.9436,34854,34861,34862,0.944,0,0,0,ab_pairs/event_02976_frames_34861_34862.jpg,adjacent_xp_event|trajectory_color_disagrees_with_xp,green,0.539,0.461,0.539,0.0,False,low_confidence_review,green,0.539,resolved_model_assignment
2977,frame_034863,34862,34863,1162.0667,1162.1,19:22.100,74,hud_ocr,0.9999,1,68,68,5,40.0,30.0,15.0,0.0,85.0,1.85,80,3.4498,18.628704000000003,18.7412,0,0,,0,0.0,0.0,,,,,2,0,0,ab_pairs/event_02977_frames_34862_34863.jpg,pickup_count_not_exactly_one|adjacent_xp_event|trajectory_color_disagrees_with_xp,blue,0.802,0.802,0.198,0.0,False,candidate_assignment,blue,0.802,resolved_model_assignment
2978,frame_034864,34863,34864,1162.1,1162.1333,19:22.133,74,hud_ocr,0.9999,1,68,68,5,40.0,30.0,15.0,0.0,85.0,1.85,86,3.7085,20.0259,20.1468,0,0,blue,1,0.8641,0.8641,34856,34863,34864,0.864,0,0,0,ab_pairs/event_02978_frames_34863_34864.jpg,adjacent_xp_event|trajectory_color_disagrees_with_xp,green,0.5067,0.4933,0.5067,0.0,False,low_confidence_review,green,0.5067,resolved_model_assignment
2979,frame_034865,34864,34865,1162.1333,1162.1667,19:22.167,74,hud_ocr,0.9999,1,68,68,5,40.0,30.0,15.0,0.0,85.0,1.85,82,3.536,19.094454,19.2097,0,0,,0,0.0,0.0,,,,,2,0,0,ab_pairs/event_02979_frames_34864_34865.jpg,pickup_count_not_exactly_one|adjacent_xp_event|trajectory_color_disagrees_with_xp,blue,0.765,0.765,0.235,0.0,False,low_confidence_review,blue,0.765,resolved_model_assignment
2981,frame_034867,34866,34867,1162.2,1162.2333,19:22.233,74,hud_ocr,0.9999,1,68,68,5,40.0,30.0,15.0,0.0,85.0,1.85,76,3.2773,17.697258,17.8041,0,0,,0,0.0,0.0,,,,,0,0,0,ab_pairs/event_02981_frames_34866_34867.jpg,pickup_count_not_exactly_one|adjacent_xp_event|trajectory_color_disagrees_with_xp,green,0.5054,0.4946,0.5054,0.0,False,low_confidence_review,green,0.5054,resolved_model_assignment
2982,frame_034868,34867,34868,1162.2333,1162.2667,19:22.267,74,hud_ocr,0.9999,1,68,68,5,40.0,30.0,15.0,0.0,85.0,1.85,86,3.7085,20.0259,20.1468,0,0,,0,0.0,0.0,,,,,1,1,0,ab_pairs/event_02982_frames_34867_34868.jpg,pickup_count_not_exactly_one|adjacent_xp_event|trajectory_color_disagrees_with_xp,green,0.6947,0.3053,0.6947,0.0,False,low_confidence_review,green,0.6947,resolved_model_assignment
2983,frame_034869,34868,34869,1162.2667,1162.3,19:22.300,74,hud_ocr,0.9999,1,68,68,5,40.0,30.0,15.0,0.0,85.0,1.85,108,4.6572,25.148771999999994,25.3006,0,0,,0,0.0,0.0,,,,,1,0,0,ab_pairs/event_02983_frames_34868_34869.jpg,pickup_count_not_exactly_one|adjacent_xp_event|trajectory_color_disagrees_with_xp,blue,0.7945,0.7945,0.2055,0.0,False,low_confidence_review,blue,0.7945,resolved_model_assignment
2984,frame_034870,34869,34870,1162.3,1162.3333,19:22.333,74,hud_ocr,0.9999,1,68,68,5,40.0,30.0,15.0,0.0,85.0,1.85,162,6.9858,37.723158,37.9509,0,0,,0,0.0,0.0,,,,,2,0,0,ab_pairs/event_02984_frames_34869_34870.jpg,pickup_count_not_exactly_one|adjacent_xp_event|trajectory_color_disagrees_with_xp,blue,0.8003,0.8003,0.1997,0.0,False,candidate_assignment,blue,0.8003,resolved_model_assignment
2985,frame_034871,34870,34871,1162.3333,1162.3667,19:22.367,74,hud_ocr,0.9999,1,68,68,5,40.0,30.0,15.0,0.0,85.0,1.85,44,1.8974,10.245798,10.3076,0,0,,0,0.0,0.0,,,,,2,0,0,ab_pairs/event_02985_frames_34870_34871.jpg,pickup_count_not_exactly_one|adjacent_xp_event|trajectory_color_disagrees_with_xp,blue,0.7927,0.7927,0.2073,0.0,False,low_confidence_review,blue,0.7927,resolved_model_assignment
2991,frame_035460,35459,35460,1181.9667,1182.0,19:42.000,74,hud_ocr,0.9998,1,68,68,5,40.0,30.0,15.0,0.0,85.0,1.85,14,0.6037,3.260034,3.2797,0,1,green,1,0.932,0.932,35456,35459,35460,0.932,0,1,0,ab_pairs/event_02991_frames_35459_35460.jpg,heldout_green_precision_or_support_gate_failed,green,0.9327,0.0673,0.9327,0.0,False,candidate_assignment,green,0.9327,resolved_model_assignment
2992,frame_035492,35491,35492,1183.0333,1183.0667,19:43.067,74,hud_ocr,0.5628,1,68,68,5,40.0,30.0,15.0,0.0,85.0,1.85,16,0.69,3.72573,3.7482,0,1,,0,0.0,0.0,,,,,0,0,0,ab_pairs/event_02992_frames_35491_35492.jpg,pickup_count_not_exactly_one|trajectory_color_disagrees_with_xp,blue,0.5648,0.5648,0.4352,0.0,False,low_confidence_review,blue,0.5648,resolved_model_assignment
